// Validating benchmarks:
// ***** BenchmarkRunner: Start   *****
// ***** Found 57 benchmark(s) in total *****
// ***** Building 1 exe(s) in Parallel: Start   *****
// start dotnet  restore /p:UseSharedCompilation=false /p:BuildInParallel=false /m:1 /p:Deterministic=true /p:Optimize=true /p:ArtifactsPath="C:\Users\chentingwei\bplus-tree\bplus-tree-benchmark\bin\Release\net10.0\bplus-tree-benchmark-Job-CNUJVU-1/" /p:OutDir="C:\Users\chentingwei\bplus-tree\bplus-tree-benchmark\bin\Release\net10.0\bplus-tree-benchmark-Job-CNUJVU-1\bin\Release\net10.0/" /p:OutputPath="C:\Users\chentingwei\bplus-tree\bplus-tree-benchmark\bin\Release\net10.0\bplus-tree-benchmark-Job-CNUJVU-1\bin\Release\net10.0/" /p:PublishDir="C:\Users\chentingwei\bplus-tree\bplus-tree-benchmark\bin\Release\net10.0\bplus-tree-benchmark-Job-CNUJVU-1\publish/" in C:\Users\chentingwei\bplus-tree\bplus-tree-benchmark\bin\Release\net10.0\bplus-tree-benchmark-Job-CNUJVU-1
// command took 2.22 sec and exited with 0
// start dotnet  build -c Release --no-restore /p:UseSharedCompilation=false /p:BuildInParallel=false /m:1 /p:Deterministic=true /p:Optimize=true /p:ArtifactsPath="C:\Users\chentingwei\bplus-tree\bplus-tree-benchmark\bin\Release\net10.0\bplus-tree-benchmark-Job-CNUJVU-1/" /p:OutDir="C:\Users\chentingwei\bplus-tree\bplus-tree-benchmark\bin\Release\net10.0\bplus-tree-benchmark-Job-CNUJVU-1\bin\Release\net10.0/" /p:OutputPath="C:\Users\chentingwei\bplus-tree\bplus-tree-benchmark\bin\Release\net10.0\bplus-tree-benchmark-Job-CNUJVU-1\bin\Release\net10.0/" /p:PublishDir="C:\Users\chentingwei\bplus-tree\bplus-tree-benchmark\bin\Release\net10.0\bplus-tree-benchmark-Job-CNUJVU-1\publish/" --output "C:\Users\chentingwei\bplus-tree\bplus-tree-benchmark\bin\Release\net10.0\bplus-tree-benchmark-Job-CNUJVU-1\bin\Release\net10.0/" in C:\Users\chentingwei\bplus-tree\bplus-tree-benchmark\bin\Release\net10.0\bplus-tree-benchmark-Job-CNUJVU-1
// command took 7.91 sec and exited with 0
// ***** Done, took 00:00:10 (10.23 sec)   *****
// Found 6 benchmarks:
//   DeleteBenchmark.'BPT  Delete rand': Job-CNUJVU(InvocationCount=1, UnrollFactor=1) [N=10000]
//   DeleteBenchmark.'SD   Delete rand': Job-CNUJVU(InvocationCount=1, UnrollFactor=1) [N=10000]
//   DeleteBenchmark.'BPT  Delete rand': Job-CNUJVU(InvocationCount=1, UnrollFactor=1) [N=100000]
//   DeleteBenchmark.'SD   Delete rand': Job-CNUJVU(InvocationCount=1, UnrollFactor=1) [N=100000]
//   DeleteBenchmark.'BPT  Delete rand': Job-CNUJVU(InvocationCount=1, UnrollFactor=1) [N=1000000]
//   DeleteBenchmark.'SD   Delete rand': Job-CNUJVU(InvocationCount=1, UnrollFactor=1) [N=1000000]

Setup power plan (GUID: 8c5e7fda-e8bf-4a96-9a85-a6e23a8c635c FriendlyName: 高效能)
// **************************
// Benchmark: DeleteBenchmark.'BPT  Delete rand': Job-CNUJVU(InvocationCount=1, UnrollFactor=1) [N=10000]
// *** Execute ***
// Launch: 1 / 1
// Execute: dotnet bplus-tree-benchmark-Job-CNUJVU-1.dll --anonymousPipes 1568 856 --benchmarkName "DeleteBenchmark.BPT_Delete_Random(N: 10000)" --job "InvocationCount=1, UnrollFactor=1" --benchmarkId 0 in C:\Users\chentingwei\bplus-tree\bplus-tree-benchmark\bin\Release\net10.0\bplus-tree-benchmark-Job-CNUJVU-1\bin\Release\net10.0
// BeforeAnythingElse

// Benchmark Process Environment Information:
// BenchmarkDotNet v0.15.2
// Runtime=.NET 10.0.7 (10.0.726.21808), X64 RyuJIT AVX-512F+CD+BW+DQ+VL+VBMI
// GC=Concurrent Workstation
// HardwareIntrinsics=AVX-512F+CD+BW+DQ+VL+VBMI,AES,BMI1,BMI2,FMA,LZCNT,PCLMUL,POPCNT VectorSize=256
// Job: Job-CNUJVU(InvocationCount=1, UnrollFactor=1)

OverheadJitting  1: 1 op, 134200.00 ns, 134.2000 us/op
WorkloadJitting  1: 1 op, 5678600.00 ns, 5.6786 ms/op

OverheadWarmup   1: 1 op, 200.00 ns, 200.0000 ns/op
OverheadWarmup   2: 1 op, 200.00 ns, 200.0000 ns/op
OverheadWarmup   3: 1 op, 100.00 ns, 100.0000 ns/op
OverheadWarmup   4: 1 op, 200.00 ns, 200.0000 ns/op
OverheadWarmup   5: 1 op, 100.00 ns, 100.0000 ns/op

OverheadActual   1: 1 op, 100.00 ns, 100.0000 ns/op
OverheadActual   2: 1 op, 100.00 ns, 100.0000 ns/op
OverheadActual   3: 1 op, 400.00 ns, 400.0000 ns/op
OverheadActual   4: 1 op, 300.00 ns, 300.0000 ns/op
OverheadActual   5: 1 op, 300.00 ns, 300.0000 ns/op
OverheadActual   6: 1 op, 100.00 ns, 100.0000 ns/op
OverheadActual   7: 1 op, 100.00 ns, 100.0000 ns/op
OverheadActual   8: 1 op, 100.00 ns, 100.0000 ns/op
OverheadActual   9: 1 op, 200.00 ns, 200.0000 ns/op
OverheadActual  10: 1 op, 100.00 ns, 100.0000 ns/op
OverheadActual  11: 1 op, 100.00 ns, 100.0000 ns/op
OverheadActual  12: 1 op, 200.00 ns, 200.0000 ns/op
OverheadActual  13: 1 op, 100.00 ns, 100.0000 ns/op
OverheadActual  14: 1 op, 100.00 ns, 100.0000 ns/op
OverheadActual  15: 1 op, 100.00 ns, 100.0000 ns/op
OverheadActual  16: 1 op, 200.00 ns, 200.0000 ns/op
OverheadActual  17: 1 op, 100.00 ns, 100.0000 ns/op
OverheadActual  18: 1 op, 100.00 ns, 100.0000 ns/op
OverheadActual  19: 1 op, 100.00 ns, 100.0000 ns/op
OverheadActual  20: 1 op, 100.00 ns, 100.0000 ns/op

OverheadWarmup   1: 1 op, 200.00 ns, 200.0000 ns/op
OverheadWarmup   2: 1 op, 100.00 ns, 100.0000 ns/op
OverheadWarmup   3: 1 op, 200.00 ns, 200.0000 ns/op
OverheadWarmup   4: 1 op, 100.00 ns, 100.0000 ns/op
OverheadWarmup   5: 1 op, 100.00 ns, 100.0000 ns/op
OverheadWarmup   6: 1 op, 100.00 ns, 100.0000 ns/op

// BeforeActualRun
WorkloadActual   1: 1 op, 3247900.00 ns, 3.2479 ms/op
WorkloadActual   2: 1 op, 3019200.00 ns, 3.0192 ms/op
WorkloadActual   3: 1 op, 2939300.00 ns, 2.9393 ms/op
WorkloadActual   4: 1 op, 2836900.00 ns, 2.8369 ms/op
WorkloadActual   5: 1 op, 2741800.00 ns, 2.7418 ms/op
WorkloadActual   6: 1 op, 2813600.00 ns, 2.8136 ms/op
WorkloadActual   7: 1 op, 4876000.00 ns, 4.8760 ms/op
WorkloadActual   8: 1 op, 3157800.00 ns, 3.1578 ms/op
WorkloadActual   9: 1 op, 2786100.00 ns, 2.7861 ms/op
WorkloadActual  10: 1 op, 2768600.00 ns, 2.7686 ms/op
WorkloadActual  11: 1 op, 2751700.00 ns, 2.7517 ms/op
WorkloadActual  12: 1 op, 2864300.00 ns, 2.8643 ms/op
WorkloadActual  13: 1 op, 2941000.00 ns, 2.9410 ms/op
WorkloadActual  14: 1 op, 2965200.00 ns, 2.9652 ms/op
WorkloadActual  15: 1 op, 2891900.00 ns, 2.8919 ms/op
WorkloadActual  16: 1 op, 2809500.00 ns, 2.8095 ms/op
WorkloadActual  17: 1 op, 2652200.00 ns, 2.6522 ms/op
WorkloadActual  18: 1 op, 2494400.00 ns, 2.4944 ms/op
WorkloadActual  19: 1 op, 3754200.00 ns, 3.7542 ms/op
WorkloadActual  20: 1 op, 3890000.00 ns, 3.8900 ms/op
WorkloadActual  21: 1 op, 3873100.00 ns, 3.8731 ms/op
WorkloadActual  22: 1 op, 3796400.00 ns, 3.7964 ms/op
WorkloadActual  23: 1 op, 3694000.00 ns, 3.6940 ms/op
WorkloadActual  24: 1 op, 3742800.00 ns, 3.7428 ms/op
WorkloadActual  25: 1 op, 3784000.00 ns, 3.7840 ms/op
WorkloadActual  26: 1 op, 3852600.00 ns, 3.8526 ms/op
WorkloadActual  27: 1 op, 3528900.00 ns, 3.5289 ms/op
WorkloadActual  28: 1 op, 3645400.00 ns, 3.6454 ms/op
WorkloadActual  29: 1 op, 3528800.00 ns, 3.5288 ms/op
WorkloadActual  30: 1 op, 3617100.00 ns, 3.6171 ms/op
WorkloadActual  31: 1 op, 3509700.00 ns, 3.5097 ms/op
WorkloadActual  32: 1 op, 3588300.00 ns, 3.5883 ms/op
WorkloadActual  33: 1 op, 2980800.00 ns, 2.9808 ms/op
WorkloadActual  34: 1 op, 2217900.00 ns, 2.2179 ms/op
WorkloadActual  35: 1 op, 2081400.00 ns, 2.0814 ms/op
WorkloadActual  36: 1 op, 2122600.00 ns, 2.1226 ms/op
WorkloadActual  37: 1 op, 2119600.00 ns, 2.1196 ms/op
WorkloadActual  38: 1 op, 2149500.00 ns, 2.1495 ms/op
WorkloadActual  39: 1 op, 2134900.00 ns, 2.1349 ms/op
WorkloadActual  40: 1 op, 2063200.00 ns, 2.0632 ms/op
WorkloadActual  41: 1 op, 2121700.00 ns, 2.1217 ms/op
WorkloadActual  42: 1 op, 1359400.00 ns, 1.3594 ms/op
WorkloadActual  43: 1 op, 1350800.00 ns, 1.3508 ms/op
WorkloadActual  44: 1 op, 1391400.00 ns, 1.3914 ms/op
WorkloadActual  45: 1 op, 1107500.00 ns, 1.1075 ms/op
WorkloadActual  46: 1 op, 1101800.00 ns, 1.1018 ms/op
WorkloadActual  47: 1 op, 1028700.00 ns, 1.0287 ms/op
WorkloadActual  48: 1 op, 1060800.00 ns, 1.0608 ms/op
WorkloadActual  49: 1 op, 1047500.00 ns, 1.0475 ms/op
WorkloadActual  50: 1 op, 1018300.00 ns, 1.0183 ms/op
WorkloadActual  51: 1 op, 1014800.00 ns, 1.0148 ms/op
WorkloadActual  52: 1 op, 1008300.00 ns, 1.0083 ms/op
WorkloadActual  53: 1 op, 1007200.00 ns, 1.0072 ms/op
WorkloadActual  54: 1 op, 1017000.00 ns, 1.0170 ms/op
WorkloadActual  55: 1 op, 1018800.00 ns, 1.0188 ms/op
WorkloadActual  56: 1 op, 1005600.00 ns, 1.0056 ms/op
WorkloadActual  57: 1 op, 1011600.00 ns, 1.0116 ms/op
WorkloadActual  58: 1 op, 1077000.00 ns, 1.0770 ms/op
WorkloadActual  59: 1 op, 1007800.00 ns, 1.0078 ms/op
WorkloadActual  60: 1 op, 1049900.00 ns, 1.0499 ms/op
WorkloadActual  61: 1 op, 1052100.00 ns, 1.0521 ms/op
WorkloadActual  62: 1 op, 1048000.00 ns, 1.0480 ms/op
WorkloadActual  63: 1 op, 1030700.00 ns, 1.0307 ms/op
WorkloadActual  64: 1 op, 1010300.00 ns, 1.0103 ms/op
WorkloadActual  65: 1 op, 1005400.00 ns, 1.0054 ms/op
WorkloadActual  66: 1 op, 1008600.00 ns, 1.0086 ms/op
WorkloadActual  67: 1 op, 1028600.00 ns, 1.0286 ms/op
WorkloadActual  68: 1 op, 1006400.00 ns, 1.0064 ms/op
WorkloadActual  69: 1 op, 1011300.00 ns, 1.0113 ms/op
WorkloadActual  70: 1 op, 1018000.00 ns, 1.0180 ms/op
WorkloadActual  71: 1 op, 1032200.00 ns, 1.0322 ms/op
WorkloadActual  72: 1 op, 1010400.00 ns, 1.0104 ms/op
WorkloadActual  73: 1 op, 1043100.00 ns, 1.0431 ms/op
WorkloadActual  74: 1 op, 1009100.00 ns, 1.0091 ms/op
WorkloadActual  75: 1 op, 1066600.00 ns, 1.0666 ms/op
WorkloadActual  76: 1 op, 1012700.00 ns, 1.0127 ms/op
WorkloadActual  77: 1 op, 1010800.00 ns, 1.0108 ms/op
WorkloadActual  78: 1 op, 1062200.00 ns, 1.0622 ms/op
WorkloadActual  79: 1 op, 1032400.00 ns, 1.0324 ms/op
WorkloadActual  80: 1 op, 1013000.00 ns, 1.0130 ms/op
WorkloadActual  81: 1 op, 1079800.00 ns, 1.0798 ms/op
WorkloadActual  82: 1 op, 1018300.00 ns, 1.0183 ms/op
WorkloadActual  83: 1 op, 1013900.00 ns, 1.0139 ms/op
WorkloadActual  84: 1 op, 1008800.00 ns, 1.0088 ms/op
WorkloadActual  85: 1 op, 1028300.00 ns, 1.0283 ms/op
WorkloadActual  86: 1 op, 1010100.00 ns, 1.0101 ms/op
WorkloadActual  87: 1 op, 1014200.00 ns, 1.0142 ms/op
WorkloadActual  88: 1 op, 1008600.00 ns, 1.0086 ms/op
WorkloadActual  89: 1 op, 1005500.00 ns, 1.0055 ms/op
WorkloadActual  90: 1 op, 1020100.00 ns, 1.0201 ms/op
WorkloadActual  91: 1 op, 1039400.00 ns, 1.0394 ms/op
WorkloadActual  92: 1 op, 1031900.00 ns, 1.0319 ms/op
WorkloadActual  93: 1 op, 1000200.00 ns, 1.0002 ms/op
WorkloadActual  94: 1 op, 1008200.00 ns, 1.0082 ms/op
WorkloadActual  95: 1 op, 1014100.00 ns, 1.0141 ms/op
WorkloadActual  96: 1 op, 1012400.00 ns, 1.0124 ms/op
WorkloadActual  97: 1 op, 1008800.00 ns, 1.0088 ms/op
WorkloadActual  98: 1 op, 1014200.00 ns, 1.0142 ms/op
WorkloadActual  99: 1 op, 1016500.00 ns, 1.0165 ms/op
WorkloadActual  100: 1 op, 1008900.00 ns, 1.0089 ms/op

// AfterActualRun
WorkloadResult   1: 1 op, 3247800.00 ns, 3.2478 ms/op
WorkloadResult   2: 1 op, 3019100.00 ns, 3.0191 ms/op
WorkloadResult   3: 1 op, 2939200.00 ns, 2.9392 ms/op
WorkloadResult   4: 1 op, 2836800.00 ns, 2.8368 ms/op
WorkloadResult   5: 1 op, 2741700.00 ns, 2.7417 ms/op
WorkloadResult   6: 1 op, 2813500.00 ns, 2.8135 ms/op
WorkloadResult   7: 1 op, 4875900.00 ns, 4.8759 ms/op
WorkloadResult   8: 1 op, 3157700.00 ns, 3.1577 ms/op
WorkloadResult   9: 1 op, 2786000.00 ns, 2.7860 ms/op
WorkloadResult  10: 1 op, 2768500.00 ns, 2.7685 ms/op
WorkloadResult  11: 1 op, 2751600.00 ns, 2.7516 ms/op
WorkloadResult  12: 1 op, 2864200.00 ns, 2.8642 ms/op
WorkloadResult  13: 1 op, 2940900.00 ns, 2.9409 ms/op
WorkloadResult  14: 1 op, 2965100.00 ns, 2.9651 ms/op
WorkloadResult  15: 1 op, 2891800.00 ns, 2.8918 ms/op
WorkloadResult  16: 1 op, 2809400.00 ns, 2.8094 ms/op
WorkloadResult  17: 1 op, 2652100.00 ns, 2.6521 ms/op
WorkloadResult  18: 1 op, 2494300.00 ns, 2.4943 ms/op
WorkloadResult  19: 1 op, 3754100.00 ns, 3.7541 ms/op
WorkloadResult  20: 1 op, 3889900.00 ns, 3.8899 ms/op
WorkloadResult  21: 1 op, 3873000.00 ns, 3.8730 ms/op
WorkloadResult  22: 1 op, 3796300.00 ns, 3.7963 ms/op
WorkloadResult  23: 1 op, 3693900.00 ns, 3.6939 ms/op
WorkloadResult  24: 1 op, 3742700.00 ns, 3.7427 ms/op
WorkloadResult  25: 1 op, 3783900.00 ns, 3.7839 ms/op
WorkloadResult  26: 1 op, 3852500.00 ns, 3.8525 ms/op
WorkloadResult  27: 1 op, 3528800.00 ns, 3.5288 ms/op
WorkloadResult  28: 1 op, 3645300.00 ns, 3.6453 ms/op
WorkloadResult  29: 1 op, 3528700.00 ns, 3.5287 ms/op
WorkloadResult  30: 1 op, 3617000.00 ns, 3.6170 ms/op
WorkloadResult  31: 1 op, 3509600.00 ns, 3.5096 ms/op
WorkloadResult  32: 1 op, 3588200.00 ns, 3.5882 ms/op
WorkloadResult  33: 1 op, 2980700.00 ns, 2.9807 ms/op
WorkloadResult  34: 1 op, 2217800.00 ns, 2.2178 ms/op
WorkloadResult  35: 1 op, 2081300.00 ns, 2.0813 ms/op
WorkloadResult  36: 1 op, 2122500.00 ns, 2.1225 ms/op
WorkloadResult  37: 1 op, 2119500.00 ns, 2.1195 ms/op
WorkloadResult  38: 1 op, 2149400.00 ns, 2.1494 ms/op
WorkloadResult  39: 1 op, 2134800.00 ns, 2.1348 ms/op
WorkloadResult  40: 1 op, 2063100.00 ns, 2.0631 ms/op
WorkloadResult  41: 1 op, 2121600.00 ns, 2.1216 ms/op
WorkloadResult  42: 1 op, 1359300.00 ns, 1.3593 ms/op
WorkloadResult  43: 1 op, 1350700.00 ns, 1.3507 ms/op
WorkloadResult  44: 1 op, 1391300.00 ns, 1.3913 ms/op
WorkloadResult  45: 1 op, 1107400.00 ns, 1.1074 ms/op
WorkloadResult  46: 1 op, 1101700.00 ns, 1.1017 ms/op
WorkloadResult  47: 1 op, 1028600.00 ns, 1.0286 ms/op
WorkloadResult  48: 1 op, 1060700.00 ns, 1.0607 ms/op
WorkloadResult  49: 1 op, 1047400.00 ns, 1.0474 ms/op
WorkloadResult  50: 1 op, 1018200.00 ns, 1.0182 ms/op
WorkloadResult  51: 1 op, 1014700.00 ns, 1.0147 ms/op
WorkloadResult  52: 1 op, 1008200.00 ns, 1.0082 ms/op
WorkloadResult  53: 1 op, 1007100.00 ns, 1.0071 ms/op
WorkloadResult  54: 1 op, 1016900.00 ns, 1.0169 ms/op
WorkloadResult  55: 1 op, 1018700.00 ns, 1.0187 ms/op
WorkloadResult  56: 1 op, 1005500.00 ns, 1.0055 ms/op
WorkloadResult  57: 1 op, 1011500.00 ns, 1.0115 ms/op
WorkloadResult  58: 1 op, 1076900.00 ns, 1.0769 ms/op
WorkloadResult  59: 1 op, 1007700.00 ns, 1.0077 ms/op
WorkloadResult  60: 1 op, 1049800.00 ns, 1.0498 ms/op
WorkloadResult  61: 1 op, 1052000.00 ns, 1.0520 ms/op
WorkloadResult  62: 1 op, 1047900.00 ns, 1.0479 ms/op
WorkloadResult  63: 1 op, 1030600.00 ns, 1.0306 ms/op
WorkloadResult  64: 1 op, 1010200.00 ns, 1.0102 ms/op
WorkloadResult  65: 1 op, 1005300.00 ns, 1.0053 ms/op
WorkloadResult  66: 1 op, 1008500.00 ns, 1.0085 ms/op
WorkloadResult  67: 1 op, 1028500.00 ns, 1.0285 ms/op
WorkloadResult  68: 1 op, 1006300.00 ns, 1.0063 ms/op
WorkloadResult  69: 1 op, 1011200.00 ns, 1.0112 ms/op
WorkloadResult  70: 1 op, 1017900.00 ns, 1.0179 ms/op
WorkloadResult  71: 1 op, 1032100.00 ns, 1.0321 ms/op
WorkloadResult  72: 1 op, 1010300.00 ns, 1.0103 ms/op
WorkloadResult  73: 1 op, 1043000.00 ns, 1.0430 ms/op
WorkloadResult  74: 1 op, 1009000.00 ns, 1.0090 ms/op
WorkloadResult  75: 1 op, 1066500.00 ns, 1.0665 ms/op
WorkloadResult  76: 1 op, 1012600.00 ns, 1.0126 ms/op
WorkloadResult  77: 1 op, 1010700.00 ns, 1.0107 ms/op
WorkloadResult  78: 1 op, 1062100.00 ns, 1.0621 ms/op
WorkloadResult  79: 1 op, 1032300.00 ns, 1.0323 ms/op
WorkloadResult  80: 1 op, 1012900.00 ns, 1.0129 ms/op
WorkloadResult  81: 1 op, 1079700.00 ns, 1.0797 ms/op
WorkloadResult  82: 1 op, 1018200.00 ns, 1.0182 ms/op
WorkloadResult  83: 1 op, 1013800.00 ns, 1.0138 ms/op
WorkloadResult  84: 1 op, 1008700.00 ns, 1.0087 ms/op
WorkloadResult  85: 1 op, 1028200.00 ns, 1.0282 ms/op
WorkloadResult  86: 1 op, 1010000.00 ns, 1.0100 ms/op
WorkloadResult  87: 1 op, 1014100.00 ns, 1.0141 ms/op
WorkloadResult  88: 1 op, 1008500.00 ns, 1.0085 ms/op
WorkloadResult  89: 1 op, 1005400.00 ns, 1.0054 ms/op
WorkloadResult  90: 1 op, 1020000.00 ns, 1.0200 ms/op
WorkloadResult  91: 1 op, 1039300.00 ns, 1.0393 ms/op
WorkloadResult  92: 1 op, 1031800.00 ns, 1.0318 ms/op
WorkloadResult  93: 1 op, 1000100.00 ns, 1.0001 ms/op
WorkloadResult  94: 1 op, 1008100.00 ns, 1.0081 ms/op
WorkloadResult  95: 1 op, 1014000.00 ns, 1.0140 ms/op
WorkloadResult  96: 1 op, 1012300.00 ns, 1.0123 ms/op
WorkloadResult  97: 1 op, 1008700.00 ns, 1.0087 ms/op
WorkloadResult  98: 1 op, 1014100.00 ns, 1.0141 ms/op
WorkloadResult  99: 1 op, 1016400.00 ns, 1.0164 ms/op
WorkloadResult  100: 1 op, 1008800.00 ns, 1.0088 ms/op
// GC:  0 0 0 0 1
// Threading:  0 0 1

// AfterAll
// Benchmark Process 29176 has exited with code 0.

Mean = 1.869 ms, StdErr = 0.108 ms (5.79%), N = 100, StdDev = 1.082 ms
Min = 1.000 ms, Q1 = 1.014 ms, Median = 1.061 ms, Q3 = 2.819 ms, Max = 4.876 ms
IQR = 1.805 ms, LowerFence = -1.694 ms, UpperFence = 5.527 ms
ConfidenceInterval = [1.502 ms; 2.236 ms] (CI 99.9%), Margin = 0.367 ms (19.64% of Mean)
Skewness = 0.79, Kurtosis = 2.14, MValue = 2.84

// ** Remained 56 (98.2%) benchmark(s) to run. Estimated finish 2026-05-10 22:50 (0h 2m from now) **
Setup power plan (GUID: 8c5e7fda-e8bf-4a96-9a85-a6e23a8c635c FriendlyName: 高效能)
// **************************
// Benchmark: DeleteBenchmark.'SD   Delete rand': Job-CNUJVU(InvocationCount=1, UnrollFactor=1) [N=10000]
// *** Execute ***
// Launch: 1 / 1
// Execute: dotnet bplus-tree-benchmark-Job-CNUJVU-1.dll --anonymousPipes 1460 1496 --benchmarkName "DeleteBenchmark.SD_Delete_Random(N: 10000)" --job "InvocationCount=1, UnrollFactor=1" --benchmarkId 1 in C:\Users\chentingwei\bplus-tree\bplus-tree-benchmark\bin\Release\net10.0\bplus-tree-benchmark-Job-CNUJVU-1\bin\Release\net10.0
// BeforeAnythingElse

// Benchmark Process Environment Information:
// BenchmarkDotNet v0.15.2
// Runtime=.NET 10.0.7 (10.0.726.21808), X64 RyuJIT AVX-512F+CD+BW+DQ+VL+VBMI
// GC=Concurrent Workstation
// HardwareIntrinsics=AVX-512F+CD+BW+DQ+VL+VBMI,AES,BMI1,BMI2,FMA,LZCNT,PCLMUL,POPCNT VectorSize=256
// Job: Job-CNUJVU(InvocationCount=1, UnrollFactor=1)

OverheadJitting  1: 1 op, 129500.00 ns, 129.5000 us/op
WorkloadJitting  1: 1 op, 7757300.00 ns, 7.7573 ms/op

OverheadWarmup   1: 1 op, 300.00 ns, 300.0000 ns/op
OverheadWarmup   2: 1 op, 300.00 ns, 300.0000 ns/op
OverheadWarmup   3: 1 op, 100.00 ns, 100.0000 ns/op
OverheadWarmup   4: 1 op, 100.00 ns, 100.0000 ns/op
OverheadWarmup   5: 1 op, 100.00 ns, 100.0000 ns/op

OverheadActual   1: 1 op, 200.00 ns, 200.0000 ns/op
OverheadActual   2: 1 op, 100.00 ns, 100.0000 ns/op
OverheadActual   3: 1 op, 100.00 ns, 100.0000 ns/op
OverheadActual   4: 1 op, 100.00 ns, 100.0000 ns/op
OverheadActual   5: 1 op, 100.00 ns, 100.0000 ns/op
OverheadActual   6: 1 op, 200.00 ns, 200.0000 ns/op
OverheadActual   7: 1 op, 100.00 ns, 100.0000 ns/op
OverheadActual   8: 1 op, 100.00 ns, 100.0000 ns/op
OverheadActual   9: 1 op, 100.00 ns, 100.0000 ns/op
OverheadActual  10: 1 op, 100.00 ns, 100.0000 ns/op
OverheadActual  11: 1 op, 100.00 ns, 100.0000 ns/op
OverheadActual  12: 1 op, 100.00 ns, 100.0000 ns/op
OverheadActual  13: 1 op, 100.00 ns, 100.0000 ns/op
OverheadActual  14: 1 op, 100.00 ns, 100.0000 ns/op
OverheadActual  15: 1 op, 200.00 ns, 200.0000 ns/op

OverheadWarmup   1: 1 op, 200.00 ns, 200.0000 ns/op
OverheadWarmup   2: 1 op, 100.00 ns, 100.0000 ns/op
OverheadWarmup   3: 1 op, 100.00 ns, 100.0000 ns/op
OverheadWarmup   4: 1 op, 100.00 ns, 100.0000 ns/op
OverheadWarmup   5: 1 op, 100.00 ns, 100.0000 ns/op
OverheadWarmup   6: 1 op, 200.00 ns, 200.0000 ns/op

// BeforeActualRun
WorkloadActual   1: 1 op, 1954700.00 ns, 1.9547 ms/op
WorkloadActual   2: 1 op, 1859500.00 ns, 1.8595 ms/op
WorkloadActual   3: 1 op, 1945300.00 ns, 1.9453 ms/op
WorkloadActual   4: 1 op, 1861900.00 ns, 1.8619 ms/op
WorkloadActual   5: 1 op, 1862300.00 ns, 1.8623 ms/op
WorkloadActual   6: 1 op, 1886500.00 ns, 1.8865 ms/op
WorkloadActual   7: 1 op, 1858700.00 ns, 1.8587 ms/op
WorkloadActual   8: 1 op, 1886800.00 ns, 1.8868 ms/op
WorkloadActual   9: 1 op, 1852700.00 ns, 1.8527 ms/op
WorkloadActual  10: 1 op, 1866200.00 ns, 1.8662 ms/op
WorkloadActual  11: 1 op, 1846100.00 ns, 1.8461 ms/op
WorkloadActual  12: 1 op, 1850500.00 ns, 1.8505 ms/op
WorkloadActual  13: 1 op, 1929600.00 ns, 1.9296 ms/op
WorkloadActual  14: 1 op, 1834500.00 ns, 1.8345 ms/op
WorkloadActual  15: 1 op, 1865800.00 ns, 1.8658 ms/op

// AfterActualRun
WorkloadResult   1: 1 op, 1859400.00 ns, 1.8594 ms/op
WorkloadResult   2: 1 op, 1861800.00 ns, 1.8618 ms/op
WorkloadResult   3: 1 op, 1862200.00 ns, 1.8622 ms/op
WorkloadResult   4: 1 op, 1886400.00 ns, 1.8864 ms/op
WorkloadResult   5: 1 op, 1858600.00 ns, 1.8586 ms/op
WorkloadResult   6: 1 op, 1886700.00 ns, 1.8867 ms/op
WorkloadResult   7: 1 op, 1852600.00 ns, 1.8526 ms/op
WorkloadResult   8: 1 op, 1866100.00 ns, 1.8661 ms/op
WorkloadResult   9: 1 op, 1846000.00 ns, 1.8460 ms/op
WorkloadResult  10: 1 op, 1850400.00 ns, 1.8504 ms/op
WorkloadResult  11: 1 op, 1929500.00 ns, 1.9295 ms/op
WorkloadResult  12: 1 op, 1834400.00 ns, 1.8344 ms/op
WorkloadResult  13: 1 op, 1865700.00 ns, 1.8657 ms/op
// GC:  0 0 0 0 1
// Threading:  0 0 1

// AfterAll
// Benchmark Process 30852 has exited with code 0.

Mean = 1.866 ms, StdErr = 0.007 ms (0.35%), N = 13, StdDev = 0.024 ms
Min = 1.834 ms, Q1 = 1.853 ms, Median = 1.862 ms, Q3 = 1.866 ms, Max = 1.929 ms
IQR = 0.013 ms, LowerFence = 1.832 ms, UpperFence = 1.886 ms
ConfidenceInterval = [1.838 ms; 1.895 ms] (CI 99.9%), Margin = 0.029 ms (1.53% of Mean)
Skewness = 1.27, Kurtosis = 4.22, MValue = 2

// ** Remained 55 (96.5%) benchmark(s) to run. Estimated finish 2026-05-10 22:50 (0h 1m from now) **
Setup power plan (GUID: 8c5e7fda-e8bf-4a96-9a85-a6e23a8c635c FriendlyName: 高效能)
// **************************
// Benchmark: DeleteBenchmark.'BPT  Delete rand': Job-CNUJVU(InvocationCount=1, UnrollFactor=1) [N=100000]
// *** Execute ***
// Launch: 1 / 1
// Execute: dotnet bplus-tree-benchmark-Job-CNUJVU-1.dll --anonymousPipes 852 1412 --benchmarkName "DeleteBenchmark.BPT_Delete_Random(N: 100000)" --job "InvocationCount=1, UnrollFactor=1" --benchmarkId 2 in C:\Users\chentingwei\bplus-tree\bplus-tree-benchmark\bin\Release\net10.0\bplus-tree-benchmark-Job-CNUJVU-1\bin\Release\net10.0
// BeforeAnythingElse

// Benchmark Process Environment Information:
// BenchmarkDotNet v0.15.2
// Runtime=.NET 10.0.7 (10.0.726.21808), X64 RyuJIT AVX-512F+CD+BW+DQ+VL+VBMI
// GC=Concurrent Workstation
// HardwareIntrinsics=AVX-512F+CD+BW+DQ+VL+VBMI,AES,BMI1,BMI2,FMA,LZCNT,PCLMUL,POPCNT VectorSize=256
// Job: Job-CNUJVU(InvocationCount=1, UnrollFactor=1)

OverheadJitting  1: 1 op, 123000.00 ns, 123.0000 us/op
WorkloadJitting  1: 1 op, 29679900.00 ns, 29.6799 ms/op

OverheadWarmup   1: 1 op, 300.00 ns, 300.0000 ns/op
OverheadWarmup   2: 1 op, 300.00 ns, 300.0000 ns/op
OverheadWarmup   3: 1 op, 100.00 ns, 100.0000 ns/op
OverheadWarmup   4: 1 op, 200.00 ns, 200.0000 ns/op
OverheadWarmup   5: 1 op, 100.00 ns, 100.0000 ns/op

OverheadActual   1: 1 op, 400.00 ns, 400.0000 ns/op
OverheadActual   2: 1 op, 700.00 ns, 700.0000 ns/op
OverheadActual   3: 1 op, 400.00 ns, 400.0000 ns/op
OverheadActual   4: 1 op, 300.00 ns, 300.0000 ns/op
OverheadActual   5: 1 op, 100.00 ns, 100.0000 ns/op
OverheadActual   6: 1 op, 300.00 ns, 300.0000 ns/op
OverheadActual   7: 1 op, 200.00 ns, 200.0000 ns/op
OverheadActual   8: 1 op, 300.00 ns, 300.0000 ns/op
OverheadActual   9: 1 op, 500.00 ns, 500.0000 ns/op
OverheadActual  10: 1 op, 400.00 ns, 400.0000 ns/op
OverheadActual  11: 1 op, 300.00 ns, 300.0000 ns/op
OverheadActual  12: 1 op, 100.00 ns, 100.0000 ns/op
OverheadActual  13: 1 op, 200.00 ns, 200.0000 ns/op
OverheadActual  14: 1 op, 400.00 ns, 400.0000 ns/op
OverheadActual  15: 1 op, 200.00 ns, 200.0000 ns/op
OverheadActual  16: 1 op, 300.00 ns, 300.0000 ns/op
OverheadActual  17: 1 op, 200.00 ns, 200.0000 ns/op
OverheadActual  18: 1 op, 300.00 ns, 300.0000 ns/op
OverheadActual  19: 1 op, 300.00 ns, 300.0000 ns/op
OverheadActual  20: 1 op, 400.00 ns, 400.0000 ns/op

OverheadWarmup   1: 1 op, 400.00 ns, 400.0000 ns/op
OverheadWarmup   2: 1 op, 700.00 ns, 700.0000 ns/op
OverheadWarmup   3: 1 op, 400.00 ns, 400.0000 ns/op
OverheadWarmup   4: 1 op, 300.00 ns, 300.0000 ns/op
OverheadWarmup   5: 1 op, 200.00 ns, 200.0000 ns/op
OverheadWarmup   6: 1 op, 500.00 ns, 500.0000 ns/op
OverheadWarmup   7: 1 op, 200.00 ns, 200.0000 ns/op

// BeforeActualRun
WorkloadActual   1: 1 op, 26052100.00 ns, 26.0521 ms/op
WorkloadActual   2: 1 op, 28319900.00 ns, 28.3199 ms/op
WorkloadActual   3: 1 op, 12072100.00 ns, 12.0721 ms/op
WorkloadActual   4: 1 op, 11523300.00 ns, 11.5233 ms/op
WorkloadActual   5: 1 op, 11155900.00 ns, 11.1559 ms/op
WorkloadActual   6: 1 op, 11602800.00 ns, 11.6028 ms/op
WorkloadActual   7: 1 op, 11116500.00 ns, 11.1165 ms/op
WorkloadActual   8: 1 op, 11073500.00 ns, 11.0735 ms/op
WorkloadActual   9: 1 op, 11395000.00 ns, 11.3950 ms/op
WorkloadActual  10: 1 op, 11196600.00 ns, 11.1966 ms/op
WorkloadActual  11: 1 op, 11220300.00 ns, 11.2203 ms/op
WorkloadActual  12: 1 op, 11177000.00 ns, 11.1770 ms/op
WorkloadActual  13: 1 op, 11288700.00 ns, 11.2887 ms/op
WorkloadActual  14: 1 op, 12089600.00 ns, 12.0896 ms/op
WorkloadActual  15: 1 op, 11605000.00 ns, 11.6050 ms/op
WorkloadActual  16: 1 op, 12251100.00 ns, 12.2511 ms/op
WorkloadActual  17: 1 op, 12037200.00 ns, 12.0372 ms/op
WorkloadActual  18: 1 op, 12090900.00 ns, 12.0909 ms/op
WorkloadActual  19: 1 op, 11210300.00 ns, 11.2103 ms/op
WorkloadActual  20: 1 op, 11531200.00 ns, 11.5312 ms/op
WorkloadActual  21: 1 op, 11412600.00 ns, 11.4126 ms/op
WorkloadActual  22: 1 op, 11359200.00 ns, 11.3592 ms/op
WorkloadActual  23: 1 op, 12209700.00 ns, 12.2097 ms/op
WorkloadActual  24: 1 op, 11210600.00 ns, 11.2106 ms/op
WorkloadActual  25: 1 op, 11151600.00 ns, 11.1516 ms/op
WorkloadActual  26: 1 op, 11281400.00 ns, 11.2814 ms/op
WorkloadActual  27: 1 op, 11348100.00 ns, 11.3481 ms/op
WorkloadActual  28: 1 op, 11505900.00 ns, 11.5059 ms/op
WorkloadActual  29: 1 op, 11358300.00 ns, 11.3583 ms/op
WorkloadActual  30: 1 op, 11211300.00 ns, 11.2113 ms/op
WorkloadActual  31: 1 op, 11619000.00 ns, 11.6190 ms/op
WorkloadActual  32: 1 op, 13776700.00 ns, 13.7767 ms/op
WorkloadActual  33: 1 op, 12412600.00 ns, 12.4126 ms/op
WorkloadActual  34: 1 op, 11409100.00 ns, 11.4091 ms/op
WorkloadActual  35: 1 op, 11533100.00 ns, 11.5331 ms/op
WorkloadActual  36: 1 op, 11625800.00 ns, 11.6258 ms/op
WorkloadActual  37: 1 op, 11283400.00 ns, 11.2834 ms/op
WorkloadActual  38: 1 op, 11334600.00 ns, 11.3346 ms/op

// AfterActualRun
WorkloadResult   1: 1 op, 12071800.00 ns, 12.0718 ms/op
WorkloadResult   2: 1 op, 11523000.00 ns, 11.5230 ms/op
WorkloadResult   3: 1 op, 11155600.00 ns, 11.1556 ms/op
WorkloadResult   4: 1 op, 11602500.00 ns, 11.6025 ms/op
WorkloadResult   5: 1 op, 11116200.00 ns, 11.1162 ms/op
WorkloadResult   6: 1 op, 11073200.00 ns, 11.0732 ms/op
WorkloadResult   7: 1 op, 11394700.00 ns, 11.3947 ms/op
WorkloadResult   8: 1 op, 11196300.00 ns, 11.1963 ms/op
WorkloadResult   9: 1 op, 11220000.00 ns, 11.2200 ms/op
WorkloadResult  10: 1 op, 11176700.00 ns, 11.1767 ms/op
WorkloadResult  11: 1 op, 11288400.00 ns, 11.2884 ms/op
WorkloadResult  12: 1 op, 12089300.00 ns, 12.0893 ms/op
WorkloadResult  13: 1 op, 11604700.00 ns, 11.6047 ms/op
WorkloadResult  14: 1 op, 12250800.00 ns, 12.2508 ms/op
WorkloadResult  15: 1 op, 12036900.00 ns, 12.0369 ms/op
WorkloadResult  16: 1 op, 12090600.00 ns, 12.0906 ms/op
WorkloadResult  17: 1 op, 11210000.00 ns, 11.2100 ms/op
WorkloadResult  18: 1 op, 11530900.00 ns, 11.5309 ms/op
WorkloadResult  19: 1 op, 11412300.00 ns, 11.4123 ms/op
WorkloadResult  20: 1 op, 11358900.00 ns, 11.3589 ms/op
WorkloadResult  21: 1 op, 12209400.00 ns, 12.2094 ms/op
WorkloadResult  22: 1 op, 11210300.00 ns, 11.2103 ms/op
WorkloadResult  23: 1 op, 11151300.00 ns, 11.1513 ms/op
WorkloadResult  24: 1 op, 11281100.00 ns, 11.2811 ms/op
WorkloadResult  25: 1 op, 11347800.00 ns, 11.3478 ms/op
WorkloadResult  26: 1 op, 11505600.00 ns, 11.5056 ms/op
WorkloadResult  27: 1 op, 11358000.00 ns, 11.3580 ms/op
WorkloadResult  28: 1 op, 11211000.00 ns, 11.2110 ms/op
WorkloadResult  29: 1 op, 11618700.00 ns, 11.6187 ms/op
WorkloadResult  30: 1 op, 12412300.00 ns, 12.4123 ms/op
WorkloadResult  31: 1 op, 11408800.00 ns, 11.4088 ms/op
WorkloadResult  32: 1 op, 11532800.00 ns, 11.5328 ms/op
WorkloadResult  33: 1 op, 11625500.00 ns, 11.6255 ms/op
WorkloadResult  34: 1 op, 11283100.00 ns, 11.2831 ms/op
WorkloadResult  35: 1 op, 11334300.00 ns, 11.3343 ms/op
// GC:  0 0 0 0 1
// Threading:  0 0 1

// AfterAll
// Benchmark Process 34800 has exited with code 0.

Mean = 11.511 ms, StdErr = 0.062 ms (0.54%), N = 35, StdDev = 0.368 ms
Min = 11.073 ms, Q1 = 11.216 ms, Median = 11.395 ms, Q3 = 11.612 ms, Max = 12.412 ms
IQR = 0.396 ms, LowerFence = 10.621 ms, UpperFence = 12.206 ms
ConfidenceInterval = [11.287 ms; 11.735 ms] (CI 99.9%), Margin = 0.224 ms (1.95% of Mean)
Skewness = 0.98, Kurtosis = 2.72, MValue = 2.4

// ** Remained 54 (94.7%) benchmark(s) to run. Estimated finish 2026-05-10 22:50 (0h 1m from now) **
Setup power plan (GUID: 8c5e7fda-e8bf-4a96-9a85-a6e23a8c635c FriendlyName: 高效能)
// **************************
// Benchmark: DeleteBenchmark.'SD   Delete rand': Job-CNUJVU(InvocationCount=1, UnrollFactor=1) [N=100000]
// *** Execute ***
// Launch: 1 / 1
// Execute: dotnet bplus-tree-benchmark-Job-CNUJVU-1.dll --anonymousPipes 836 1528 --benchmarkName "DeleteBenchmark.SD_Delete_Random(N: 100000)" --job "InvocationCount=1, UnrollFactor=1" --benchmarkId 3 in C:\Users\chentingwei\bplus-tree\bplus-tree-benchmark\bin\Release\net10.0\bplus-tree-benchmark-Job-CNUJVU-1\bin\Release\net10.0
// BeforeAnythingElse

// Benchmark Process Environment Information:
// BenchmarkDotNet v0.15.2
// Runtime=.NET 10.0.7 (10.0.726.21808), X64 RyuJIT AVX-512F+CD+BW+DQ+VL+VBMI
// GC=Concurrent Workstation
// HardwareIntrinsics=AVX-512F+CD+BW+DQ+VL+VBMI,AES,BMI1,BMI2,FMA,LZCNT,PCLMUL,POPCNT VectorSize=256
// Job: Job-CNUJVU(InvocationCount=1, UnrollFactor=1)

OverheadJitting  1: 1 op, 136900.00 ns, 136.9000 us/op
WorkloadJitting  1: 1 op, 28432400.00 ns, 28.4324 ms/op

OverheadWarmup   1: 1 op, 200.00 ns, 200.0000 ns/op
OverheadWarmup   2: 1 op, 200.00 ns, 200.0000 ns/op
OverheadWarmup   3: 1 op, 100.00 ns, 100.0000 ns/op
OverheadWarmup   4: 1 op, 100.00 ns, 100.0000 ns/op
OverheadWarmup   5: 1 op, 200.00 ns, 200.0000 ns/op

OverheadActual   1: 1 op, 100.00 ns, 100.0000 ns/op
OverheadActual   2: 1 op, 200.00 ns, 200.0000 ns/op
OverheadActual   3: 1 op, 200.00 ns, 200.0000 ns/op
OverheadActual   4: 1 op, 100.00 ns, 100.0000 ns/op
OverheadActual   5: 1 op, 200.00 ns, 200.0000 ns/op
OverheadActual   6: 1 op, 100.00 ns, 100.0000 ns/op
OverheadActual   7: 1 op, 200.00 ns, 200.0000 ns/op
OverheadActual   8: 1 op, 100.00 ns, 100.0000 ns/op
OverheadActual   9: 1 op, 200.00 ns, 200.0000 ns/op
OverheadActual  10: 1 op, 100.00 ns, 100.0000 ns/op
OverheadActual  11: 1 op, 100.00 ns, 100.0000 ns/op
OverheadActual  12: 1 op, 100.00 ns, 100.0000 ns/op
OverheadActual  13: 1 op, 100.00 ns, 100.0000 ns/op
OverheadActual  14: 1 op, 100.00 ns, 100.0000 ns/op
OverheadActual  15: 1 op, 100.00 ns, 100.0000 ns/op
OverheadActual  16: 1 op, 100.00 ns, 100.0000 ns/op
OverheadActual  17: 1 op, 100.00 ns, 100.0000 ns/op
OverheadActual  18: 1 op, 100.00 ns, 100.0000 ns/op
OverheadActual  19: 1 op, 100.00 ns, 100.0000 ns/op
OverheadActual  20: 1 op, 100.00 ns, 100.0000 ns/op

OverheadWarmup   1: 1 op, 200.00 ns, 200.0000 ns/op
OverheadWarmup   2: 1 op, 100.00 ns, 100.0000 ns/op
OverheadWarmup   3: 1 op, 100.00 ns, 100.0000 ns/op
OverheadWarmup   4: 1 op, 100.00 ns, 100.0000 ns/op
OverheadWarmup   5: 1 op, 100.00 ns, 100.0000 ns/op
OverheadWarmup   6: 1 op, 100.00 ns, 100.0000 ns/op

// BeforeActualRun
WorkloadActual   1: 1 op, 21213100.00 ns, 21.2131 ms/op
WorkloadActual   2: 1 op, 20921100.00 ns, 20.9211 ms/op
WorkloadActual   3: 1 op, 19881300.00 ns, 19.8813 ms/op
WorkloadActual   4: 1 op, 19664800.00 ns, 19.6648 ms/op
WorkloadActual   5: 1 op, 19599800.00 ns, 19.5998 ms/op
WorkloadActual   6: 1 op, 19744400.00 ns, 19.7444 ms/op
WorkloadActual   7: 1 op, 19447500.00 ns, 19.4475 ms/op
WorkloadActual   8: 1 op, 19755300.00 ns, 19.7553 ms/op
WorkloadActual   9: 1 op, 20118500.00 ns, 20.1185 ms/op
WorkloadActual  10: 1 op, 20188400.00 ns, 20.1884 ms/op
WorkloadActual  11: 1 op, 19473800.00 ns, 19.4738 ms/op
WorkloadActual  12: 1 op, 19921100.00 ns, 19.9211 ms/op
WorkloadActual  13: 1 op, 20183800.00 ns, 20.1838 ms/op
WorkloadActual  14: 1 op, 19736600.00 ns, 19.7366 ms/op
WorkloadActual  15: 1 op, 19707000.00 ns, 19.7070 ms/op

// AfterActualRun
WorkloadResult   1: 1 op, 19881200.00 ns, 19.8812 ms/op
WorkloadResult   2: 1 op, 19664700.00 ns, 19.6647 ms/op
WorkloadResult   3: 1 op, 19599700.00 ns, 19.5997 ms/op
WorkloadResult   4: 1 op, 19744300.00 ns, 19.7443 ms/op
WorkloadResult   5: 1 op, 19447400.00 ns, 19.4474 ms/op
WorkloadResult   6: 1 op, 19755200.00 ns, 19.7552 ms/op
WorkloadResult   7: 1 op, 20118400.00 ns, 20.1184 ms/op
WorkloadResult   8: 1 op, 20188300.00 ns, 20.1883 ms/op
WorkloadResult   9: 1 op, 19473700.00 ns, 19.4737 ms/op
WorkloadResult  10: 1 op, 19921000.00 ns, 19.9210 ms/op
WorkloadResult  11: 1 op, 20183700.00 ns, 20.1837 ms/op
WorkloadResult  12: 1 op, 19736500.00 ns, 19.7365 ms/op
WorkloadResult  13: 1 op, 19706900.00 ns, 19.7069 ms/op
// GC:  0 0 0 0 1
// Threading:  0 0 1

// AfterAll
// Benchmark Process 28624 has exited with code 0.

Mean = 19.802 ms, StdErr = 0.068 ms (0.34%), N = 13, StdDev = 0.246 ms
Min = 19.447 ms, Q1 = 19.665 ms, Median = 19.744 ms, Q3 = 19.921 ms, Max = 20.188 ms
IQR = 0.256 ms, LowerFence = 19.280 ms, UpperFence = 20.305 ms
ConfidenceInterval = [19.507 ms; 20.096 ms] (CI 99.9%), Margin = 0.295 ms (1.49% of Mean)
Skewness = 0.29, Kurtosis = 1.75, MValue = 2

// ** Remained 53 (93.0%) benchmark(s) to run. Estimated finish 2026-05-10 22:50 (0h 1m from now) **
Setup power plan (GUID: 8c5e7fda-e8bf-4a96-9a85-a6e23a8c635c FriendlyName: 高效能)
// **************************
// Benchmark: DeleteBenchmark.'BPT  Delete rand': Job-CNUJVU(InvocationCount=1, UnrollFactor=1) [N=1000000]
// *** Execute ***
// Launch: 1 / 1
// Execute: dotnet bplus-tree-benchmark-Job-CNUJVU-1.dll --anonymousPipes 1416 1504 --benchmarkName "DeleteBenchmark.BPT_Delete_Random(N: 1000000)" --job "InvocationCount=1, UnrollFactor=1" --benchmarkId 4 in C:\Users\chentingwei\bplus-tree\bplus-tree-benchmark\bin\Release\net10.0\bplus-tree-benchmark-Job-CNUJVU-1\bin\Release\net10.0
// BeforeAnythingElse

// Benchmark Process Environment Information:
// BenchmarkDotNet v0.15.2
// Runtime=.NET 10.0.7 (10.0.726.21808), X64 RyuJIT AVX-512F+CD+BW+DQ+VL+VBMI
// GC=Concurrent Workstation
// HardwareIntrinsics=AVX-512F+CD+BW+DQ+VL+VBMI,AES,BMI1,BMI2,FMA,LZCNT,PCLMUL,POPCNT VectorSize=256
// Job: Job-CNUJVU(InvocationCount=1, UnrollFactor=1)

OverheadJitting  1: 1 op, 122800.00 ns, 122.8000 us/op
WorkloadJitting  1: 1 op, 210295700.00 ns, 210.2957 ms/op

OverheadWarmup   1: 1 op, 1200.00 ns, 1.2000 us/op
OverheadWarmup   2: 1 op, 1100.00 ns, 1.1000 us/op
OverheadWarmup   3: 1 op, 1300.00 ns, 1.3000 us/op
OverheadWarmup   4: 1 op, 1100.00 ns, 1.1000 us/op
OverheadWarmup   5: 1 op, 1200.00 ns, 1.2000 us/op
OverheadWarmup   6: 1 op, 1100.00 ns, 1.1000 us/op

OverheadActual   1: 1 op, 1100.00 ns, 1.1000 us/op
OverheadActual   2: 1 op, 1000.00 ns, 1.0000 us/op
OverheadActual   3: 1 op, 1400.00 ns, 1.4000 us/op
OverheadActual   4: 1 op, 1200.00 ns, 1.2000 us/op
OverheadActual   5: 1 op, 900.00 ns, 900.0000 ns/op
OverheadActual   6: 1 op, 1000.00 ns, 1.0000 us/op
OverheadActual   7: 1 op, 1100.00 ns, 1.1000 us/op
OverheadActual   8: 1 op, 1900.00 ns, 1.9000 us/op
OverheadActual   9: 1 op, 1800.00 ns, 1.8000 us/op
OverheadActual  10: 1 op, 1700.00 ns, 1.7000 us/op
OverheadActual  11: 1 op, 1200.00 ns, 1.2000 us/op
OverheadActual  12: 1 op, 1000.00 ns, 1.0000 us/op
OverheadActual  13: 1 op, 1200.00 ns, 1.2000 us/op
OverheadActual  14: 1 op, 1200.00 ns, 1.2000 us/op
OverheadActual  15: 1 op, 1100.00 ns, 1.1000 us/op
OverheadActual  16: 1 op, 1300.00 ns, 1.3000 us/op
OverheadActual  17: 1 op, 1200.00 ns, 1.2000 us/op
OverheadActual  18: 1 op, 1300.00 ns, 1.3000 us/op
OverheadActual  19: 1 op, 1600.00 ns, 1.6000 us/op
OverheadActual  20: 1 op, 1300.00 ns, 1.3000 us/op

OverheadWarmup   1: 1 op, 1400.00 ns, 1.4000 us/op
OverheadWarmup   2: 1 op, 1200.00 ns, 1.2000 us/op
OverheadWarmup   3: 1 op, 1200.00 ns, 1.2000 us/op
OverheadWarmup   4: 1 op, 3300.00 ns, 3.3000 us/op
OverheadWarmup   5: 1 op, 1000.00 ns, 1.0000 us/op
OverheadWarmup   6: 1 op, 1100.00 ns, 1.1000 us/op

// BeforeActualRun
WorkloadActual   1: 1 op, 178584200.00 ns, 178.5842 ms/op
WorkloadActual   2: 1 op, 171152400.00 ns, 171.1524 ms/op
WorkloadActual   3: 1 op, 171555100.00 ns, 171.5551 ms/op
WorkloadActual   4: 1 op, 175121000.00 ns, 175.1210 ms/op
WorkloadActual   5: 1 op, 172815900.00 ns, 172.8159 ms/op
WorkloadActual   6: 1 op, 190102900.00 ns, 190.1029 ms/op
WorkloadActual   7: 1 op, 174404600.00 ns, 174.4046 ms/op
WorkloadActual   8: 1 op, 172392100.00 ns, 172.3921 ms/op
WorkloadActual   9: 1 op, 276716700.00 ns, 276.7167 ms/op
WorkloadActual  10: 1 op, 227358300.00 ns, 227.3583 ms/op
WorkloadActual  11: 1 op, 237662000.00 ns, 237.6620 ms/op
WorkloadActual  12: 1 op, 183958600.00 ns, 183.9586 ms/op
WorkloadActual  13: 1 op, 175099200.00 ns, 175.0992 ms/op
WorkloadActual  14: 1 op, 176585200.00 ns, 176.5852 ms/op
WorkloadActual  15: 1 op, 172724400.00 ns, 172.7244 ms/op
WorkloadActual  16: 1 op, 179695500.00 ns, 179.6955 ms/op
WorkloadActual  17: 1 op, 173402100.00 ns, 173.4021 ms/op
WorkloadActual  18: 1 op, 171759300.00 ns, 171.7593 ms/op
WorkloadActual  19: 1 op, 173297400.00 ns, 173.2974 ms/op
WorkloadActual  20: 1 op, 173082000.00 ns, 173.0820 ms/op
WorkloadActual  21: 1 op, 174160300.00 ns, 174.1603 ms/op

// AfterActualRun
WorkloadResult   1: 1 op, 178583000.00 ns, 178.5830 ms/op
WorkloadResult   2: 1 op, 171151200.00 ns, 171.1512 ms/op
WorkloadResult   3: 1 op, 171553900.00 ns, 171.5539 ms/op
WorkloadResult   4: 1 op, 175119800.00 ns, 175.1198 ms/op
WorkloadResult   5: 1 op, 172814700.00 ns, 172.8147 ms/op
WorkloadResult   6: 1 op, 174403400.00 ns, 174.4034 ms/op
WorkloadResult   7: 1 op, 172390900.00 ns, 172.3909 ms/op
WorkloadResult   8: 1 op, 183957400.00 ns, 183.9574 ms/op
WorkloadResult   9: 1 op, 175098000.00 ns, 175.0980 ms/op
WorkloadResult  10: 1 op, 176584000.00 ns, 176.5840 ms/op
WorkloadResult  11: 1 op, 172723200.00 ns, 172.7232 ms/op
WorkloadResult  12: 1 op, 179694300.00 ns, 179.6943 ms/op
WorkloadResult  13: 1 op, 173400900.00 ns, 173.4009 ms/op
WorkloadResult  14: 1 op, 171758100.00 ns, 171.7581 ms/op
WorkloadResult  15: 1 op, 173296200.00 ns, 173.2962 ms/op
WorkloadResult  16: 1 op, 173080800.00 ns, 173.0808 ms/op
WorkloadResult  17: 1 op, 174159100.00 ns, 174.1591 ms/op
// GC:  0 0 0 0 1
// Threading:  0 0 1

// AfterAll
// Benchmark Process 26296 has exited with code 0.

Mean = 174.692 ms, StdErr = 0.814 ms (0.47%), N = 17, StdDev = 3.356 ms
Min = 171.151 ms, Q1 = 172.723 ms, Median = 173.401 ms, Q3 = 175.120 ms, Max = 183.957 ms
IQR = 2.397 ms, LowerFence = 169.128 ms, UpperFence = 178.715 ms
ConfidenceInterval = [171.424 ms; 177.960 ms] (CI 99.9%), Margin = 3.268 ms (1.87% of Mean)
Skewness = 1.32, Kurtosis = 4, MValue = 2

// ** Remained 52 (91.2%) benchmark(s) to run. Estimated finish 2026-05-10 22:57 (0h 8m from now) **
Setup power plan (GUID: 8c5e7fda-e8bf-4a96-9a85-a6e23a8c635c FriendlyName: 高效能)
// **************************
// Benchmark: DeleteBenchmark.'SD   Delete rand': Job-CNUJVU(InvocationCount=1, UnrollFactor=1) [N=1000000]
// *** Execute ***
// Launch: 1 / 1
// Execute: dotnet bplus-tree-benchmark-Job-CNUJVU-1.dll --anonymousPipes 1372 1352 --benchmarkName "DeleteBenchmark.SD_Delete_Random(N: 1000000)" --job "InvocationCount=1, UnrollFactor=1" --benchmarkId 5 in C:\Users\chentingwei\bplus-tree\bplus-tree-benchmark\bin\Release\net10.0\bplus-tree-benchmark-Job-CNUJVU-1\bin\Release\net10.0
// BeforeAnythingElse

// Benchmark Process Environment Information:
// BenchmarkDotNet v0.15.2
// Runtime=.NET 10.0.7 (10.0.726.21808), X64 RyuJIT AVX-512F+CD+BW+DQ+VL+VBMI
// GC=Concurrent Workstation
// HardwareIntrinsics=AVX-512F+CD+BW+DQ+VL+VBMI,AES,BMI1,BMI2,FMA,LZCNT,PCLMUL,POPCNT VectorSize=256
// Job: Job-CNUJVU(InvocationCount=1, UnrollFactor=1)

OverheadJitting  1: 1 op, 134400.00 ns, 134.4000 us/op
WorkloadJitting  1: 1 op, 479302000.00 ns, 479.3020 ms/op

OverheadWarmup   1: 1 op, 700.00 ns, 700.0000 ns/op
OverheadWarmup   2: 1 op, 600.00 ns, 600.0000 ns/op
OverheadWarmup   3: 1 op, 600.00 ns, 600.0000 ns/op
OverheadWarmup   4: 1 op, 500.00 ns, 500.0000 ns/op
OverheadWarmup   5: 1 op, 400.00 ns, 400.0000 ns/op
OverheadWarmup   6: 1 op, 400.00 ns, 400.0000 ns/op
OverheadWarmup   7: 1 op, 500.00 ns, 500.0000 ns/op

OverheadActual   1: 1 op, 1000.00 ns, 1.0000 us/op
OverheadActual   2: 1 op, 1000.00 ns, 1.0000 us/op
OverheadActual   3: 1 op, 800.00 ns, 800.0000 ns/op
OverheadActual   4: 1 op, 600.00 ns, 600.0000 ns/op
OverheadActual   5: 1 op, 600.00 ns, 600.0000 ns/op
OverheadActual   6: 1 op, 400.00 ns, 400.0000 ns/op
OverheadActual   7: 1 op, 300.00 ns, 300.0000 ns/op
OverheadActual   8: 1 op, 300.00 ns, 300.0000 ns/op
OverheadActual   9: 1 op, 500.00 ns, 500.0000 ns/op
OverheadActual  10: 1 op, 600.00 ns, 600.0000 ns/op
OverheadActual  11: 1 op, 800.00 ns, 800.0000 ns/op
OverheadActual  12: 1 op, 700.00 ns, 700.0000 ns/op
OverheadActual  13: 1 op, 1000.00 ns, 1.0000 us/op
OverheadActual  14: 1 op, 600.00 ns, 600.0000 ns/op
OverheadActual  15: 1 op, 700.00 ns, 700.0000 ns/op
OverheadActual  16: 1 op, 300.00 ns, 300.0000 ns/op
OverheadActual  17: 1 op, 600.00 ns, 600.0000 ns/op
OverheadActual  18: 1 op, 600.00 ns, 600.0000 ns/op
OverheadActual  19: 1 op, 500.00 ns, 500.0000 ns/op
OverheadActual  20: 1 op, 700.00 ns, 700.0000 ns/op

OverheadWarmup   1: 1 op, 800.00 ns, 800.0000 ns/op
OverheadWarmup   2: 1 op, 400.00 ns, 400.0000 ns/op
OverheadWarmup   3: 1 op, 1700.00 ns, 1.7000 us/op
OverheadWarmup   4: 1 op, 600.00 ns, 600.0000 ns/op
OverheadWarmup   5: 1 op, 500.00 ns, 500.0000 ns/op
OverheadWarmup   6: 1 op, 500.00 ns, 500.0000 ns/op
OverheadWarmup   7: 1 op, 800.00 ns, 800.0000 ns/op

// BeforeActualRun
WorkloadActual   1: 1 op, 467411700.00 ns, 467.4117 ms/op
WorkloadActual   2: 1 op, 464736400.00 ns, 464.7364 ms/op
WorkloadActual   3: 1 op, 489375900.00 ns, 489.3759 ms/op
WorkloadActual   4: 1 op, 491552500.00 ns, 491.5525 ms/op
WorkloadActual   5: 1 op, 457152500.00 ns, 457.1525 ms/op
WorkloadActual   6: 1 op, 480980900.00 ns, 480.9809 ms/op
WorkloadActual   7: 1 op, 485717100.00 ns, 485.7171 ms/op
WorkloadActual   8: 1 op, 502868200.00 ns, 502.8682 ms/op
WorkloadActual   9: 1 op, 503448800.00 ns, 503.4488 ms/op
WorkloadActual  10: 1 op, 501926100.00 ns, 501.9261 ms/op
WorkloadActual  11: 1 op, 456749200.00 ns, 456.7492 ms/op
WorkloadActual  12: 1 op, 527558300.00 ns, 527.5583 ms/op
WorkloadActual  13: 1 op, 543197900.00 ns, 543.1979 ms/op
WorkloadActual  14: 1 op, 497489100.00 ns, 497.4891 ms/op
WorkloadActual  15: 1 op, 499700600.00 ns, 499.7006 ms/op
WorkloadActual  16: 1 op, 499229200.00 ns, 499.2292 ms/op
WorkloadActual  17: 1 op, 496626200.00 ns, 496.6262 ms/op
WorkloadActual  18: 1 op, 497996600.00 ns, 497.9966 ms/op
WorkloadActual  19: 1 op, 459551300.00 ns, 459.5513 ms/op
WorkloadActual  20: 1 op, 491452600.00 ns, 491.4526 ms/op
WorkloadActual  21: 1 op, 515404900.00 ns, 515.4049 ms/op
WorkloadActual  22: 1 op, 469082600.00 ns, 469.0826 ms/op
WorkloadActual  23: 1 op, 462180900.00 ns, 462.1809 ms/op
WorkloadActual  24: 1 op, 546362700.00 ns, 546.3627 ms/op
WorkloadActual  25: 1 op, 454335700.00 ns, 454.3357 ms/op
WorkloadActual  26: 1 op, 563201600.00 ns, 563.2016 ms/op
WorkloadActual  27: 1 op, 528822600.00 ns, 528.8226 ms/op
WorkloadActual  28: 1 op, 517089300.00 ns, 517.0893 ms/op
WorkloadActual  29: 1 op, 503916800.00 ns, 503.9168 ms/op
WorkloadActual  30: 1 op, 939902700.00 ns, 939.9027 ms/op
WorkloadActual  31: 1 op, 523875700.00 ns, 523.8757 ms/op
WorkloadActual  32: 1 op, 491693700.00 ns, 491.6937 ms/op
WorkloadActual  33: 1 op, 499491500.00 ns, 499.4915 ms/op
WorkloadActual  34: 1 op, 519682100.00 ns, 519.6821 ms/op
WorkloadActual  35: 1 op, 533609900.00 ns, 533.6099 ms/op
WorkloadActual  36: 1 op, 474365300.00 ns, 474.3653 ms/op
WorkloadActual  37: 1 op, 608135900.00 ns, 608.1359 ms/op
WorkloadActual  38: 1 op, 485005400.00 ns, 485.0054 ms/op
WorkloadActual  39: 1 op, 496917600.00 ns, 496.9176 ms/op
WorkloadActual  40: 1 op, 479107700.00 ns, 479.1077 ms/op
WorkloadActual  41: 1 op, 495206300.00 ns, 495.2063 ms/op
WorkloadActual  42: 1 op, 485768600.00 ns, 485.7686 ms/op
WorkloadActual  43: 1 op, 539888200.00 ns, 539.8882 ms/op
WorkloadActual  44: 1 op, 489112700.00 ns, 489.1127 ms/op
WorkloadActual  45: 1 op, 478915700.00 ns, 478.9157 ms/op
WorkloadActual  46: 1 op, 495361500.00 ns, 495.3615 ms/op
WorkloadActual  47: 1 op, 523805000.00 ns, 523.8050 ms/op
WorkloadActual  48: 1 op, 539053100.00 ns, 539.0531 ms/op
WorkloadActual  49: 1 op, 476649700.00 ns, 476.6497 ms/op
WorkloadActual  50: 1 op, 486597000.00 ns, 486.5970 ms/op
WorkloadActual  51: 1 op, 488040000.00 ns, 488.0400 ms/op
WorkloadActual  52: 1 op, 469111600.00 ns, 469.1116 ms/op
WorkloadActual  53: 1 op, 476630500.00 ns, 476.6305 ms/op
WorkloadActual  54: 1 op, 502036900.00 ns, 502.0369 ms/op
WorkloadActual  55: 1 op, 464876400.00 ns, 464.8764 ms/op
WorkloadActual  56: 1 op, 506483700.00 ns, 506.4837 ms/op
WorkloadActual  57: 1 op, 502719200.00 ns, 502.7192 ms/op
WorkloadActual  58: 1 op, 487248500.00 ns, 487.2485 ms/op
WorkloadActual  59: 1 op, 527298200.00 ns, 527.2982 ms/op
WorkloadActual  60: 1 op, 519660400.00 ns, 519.6604 ms/op
WorkloadActual  61: 1 op, 479887100.00 ns, 479.8871 ms/op
WorkloadActual  62: 1 op, 504959000.00 ns, 504.9590 ms/op
WorkloadActual  63: 1 op, 455350600.00 ns, 455.3506 ms/op
WorkloadActual  64: 1 op, 480302600.00 ns, 480.3026 ms/op
WorkloadActual  65: 1 op, 460548600.00 ns, 460.5486 ms/op
WorkloadActual  66: 1 op, 460760000.00 ns, 460.7600 ms/op
WorkloadActual  67: 1 op, 452301900.00 ns, 452.3019 ms/op
WorkloadActual  68: 1 op, 460487700.00 ns, 460.4877 ms/op
WorkloadActual  69: 1 op, 456111700.00 ns, 456.1117 ms/op
WorkloadActual  70: 1 op, 460632600.00 ns, 460.6326 ms/op
WorkloadActual  71: 1 op, 533694400.00 ns, 533.6944 ms/op
WorkloadActual  72: 1 op, 508336000.00 ns, 508.3360 ms/op
WorkloadActual  73: 1 op, 502296700.00 ns, 502.2967 ms/op
WorkloadActual  74: 1 op, 471060800.00 ns, 471.0608 ms/op
WorkloadActual  75: 1 op, 473325700.00 ns, 473.3257 ms/op
WorkloadActual  76: 1 op, 504604400.00 ns, 504.6044 ms/op
WorkloadActual  77: 1 op, 506158600.00 ns, 506.1586 ms/op

// AfterActualRun
WorkloadResult   1: 1 op, 467411100.00 ns, 467.4111 ms/op
WorkloadResult   2: 1 op, 464735800.00 ns, 464.7358 ms/op
WorkloadResult   3: 1 op, 489375300.00 ns, 489.3753 ms/op
WorkloadResult   4: 1 op, 491551900.00 ns, 491.5519 ms/op
WorkloadResult   5: 1 op, 457151900.00 ns, 457.1519 ms/op
WorkloadResult   6: 1 op, 480980300.00 ns, 480.9803 ms/op
WorkloadResult   7: 1 op, 485716500.00 ns, 485.7165 ms/op
WorkloadResult   8: 1 op, 502867600.00 ns, 502.8676 ms/op
WorkloadResult   9: 1 op, 503448200.00 ns, 503.4482 ms/op
WorkloadResult  10: 1 op, 501925500.00 ns, 501.9255 ms/op
WorkloadResult  11: 1 op, 456748600.00 ns, 456.7486 ms/op
WorkloadResult  12: 1 op, 527557700.00 ns, 527.5577 ms/op
WorkloadResult  13: 1 op, 543197300.00 ns, 543.1973 ms/op
WorkloadResult  14: 1 op, 497488500.00 ns, 497.4885 ms/op
WorkloadResult  15: 1 op, 499700000.00 ns, 499.7000 ms/op
WorkloadResult  16: 1 op, 499228600.00 ns, 499.2286 ms/op
WorkloadResult  17: 1 op, 496625600.00 ns, 496.6256 ms/op
WorkloadResult  18: 1 op, 497996000.00 ns, 497.9960 ms/op
WorkloadResult  19: 1 op, 459550700.00 ns, 459.5507 ms/op
WorkloadResult  20: 1 op, 491452000.00 ns, 491.4520 ms/op
WorkloadResult  21: 1 op, 515404300.00 ns, 515.4043 ms/op
WorkloadResult  22: 1 op, 469082000.00 ns, 469.0820 ms/op
WorkloadResult  23: 1 op, 462180300.00 ns, 462.1803 ms/op
WorkloadResult  24: 1 op, 546362100.00 ns, 546.3621 ms/op
WorkloadResult  25: 1 op, 454335100.00 ns, 454.3351 ms/op
WorkloadResult  26: 1 op, 528822000.00 ns, 528.8220 ms/op
WorkloadResult  27: 1 op, 517088700.00 ns, 517.0887 ms/op
WorkloadResult  28: 1 op, 503916200.00 ns, 503.9162 ms/op
WorkloadResult  29: 1 op, 523875100.00 ns, 523.8751 ms/op
WorkloadResult  30: 1 op, 491693100.00 ns, 491.6931 ms/op
WorkloadResult  31: 1 op, 499490900.00 ns, 499.4909 ms/op
WorkloadResult  32: 1 op, 519681500.00 ns, 519.6815 ms/op
WorkloadResult  33: 1 op, 533609300.00 ns, 533.6093 ms/op
WorkloadResult  34: 1 op, 474364700.00 ns, 474.3647 ms/op
WorkloadResult  35: 1 op, 485004800.00 ns, 485.0048 ms/op
WorkloadResult  36: 1 op, 496917000.00 ns, 496.9170 ms/op
WorkloadResult  37: 1 op, 479107100.00 ns, 479.1071 ms/op
WorkloadResult  38: 1 op, 495205700.00 ns, 495.2057 ms/op
WorkloadResult  39: 1 op, 485768000.00 ns, 485.7680 ms/op
WorkloadResult  40: 1 op, 539887600.00 ns, 539.8876 ms/op
WorkloadResult  41: 1 op, 489112100.00 ns, 489.1121 ms/op
WorkloadResult  42: 1 op, 478915100.00 ns, 478.9151 ms/op
WorkloadResult  43: 1 op, 495360900.00 ns, 495.3609 ms/op
WorkloadResult  44: 1 op, 523804400.00 ns, 523.8044 ms/op
WorkloadResult  45: 1 op, 539052500.00 ns, 539.0525 ms/op
WorkloadResult  46: 1 op, 476649100.00 ns, 476.6491 ms/op
WorkloadResult  47: 1 op, 486596400.00 ns, 486.5964 ms/op
WorkloadResult  48: 1 op, 488039400.00 ns, 488.0394 ms/op
WorkloadResult  49: 1 op, 469111000.00 ns, 469.1110 ms/op
WorkloadResult  50: 1 op, 476629900.00 ns, 476.6299 ms/op
WorkloadResult  51: 1 op, 502036300.00 ns, 502.0363 ms/op
WorkloadResult  52: 1 op, 464875800.00 ns, 464.8758 ms/op
WorkloadResult  53: 1 op, 506483100.00 ns, 506.4831 ms/op
WorkloadResult  54: 1 op, 502718600.00 ns, 502.7186 ms/op
WorkloadResult  55: 1 op, 487247900.00 ns, 487.2479 ms/op
WorkloadResult  56: 1 op, 527297600.00 ns, 527.2976 ms/op
WorkloadResult  57: 1 op, 519659800.00 ns, 519.6598 ms/op
WorkloadResult  58: 1 op, 479886500.00 ns, 479.8865 ms/op
WorkloadResult  59: 1 op, 504958400.00 ns, 504.9584 ms/op
WorkloadResult  60: 1 op, 455350000.00 ns, 455.3500 ms/op
WorkloadResult  61: 1 op, 480302000.00 ns, 480.3020 ms/op
WorkloadResult  62: 1 op, 460548000.00 ns, 460.5480 ms/op
WorkloadResult  63: 1 op, 460759400.00 ns, 460.7594 ms/op
WorkloadResult  64: 1 op, 452301300.00 ns, 452.3013 ms/op
WorkloadResult  65: 1 op, 460487100.00 ns, 460.4871 ms/op
WorkloadResult  66: 1 op, 456111100.00 ns, 456.1111 ms/op
WorkloadResult  67: 1 op, 460632000.00 ns, 460.6320 ms/op
WorkloadResult  68: 1 op, 533693800.00 ns, 533.6938 ms/op
WorkloadResult  69: 1 op, 508335400.00 ns, 508.3354 ms/op
WorkloadResult  70: 1 op, 502296100.00 ns, 502.2961 ms/op
WorkloadResult  71: 1 op, 471060200.00 ns, 471.0602 ms/op
WorkloadResult  72: 1 op, 473325100.00 ns, 473.3251 ms/op
WorkloadResult  73: 1 op, 504603800.00 ns, 504.6038 ms/op
WorkloadResult  74: 1 op, 506158000.00 ns, 506.1580 ms/op
// GC:  0 0 0 0 1
// Threading:  0 0 1

// AfterAll
// Benchmark Process 15820 has exited with code 0.

Mean = 492.445 ms, StdErr = 2.850 ms (0.58%), N = 74, StdDev = 24.517 ms
Min = 452.301 ms, Q1 = 473.585 ms, Median = 491.623 ms, Q3 = 504.870 ms, Max = 546.362 ms
IQR = 31.285 ms, LowerFence = 426.658 ms, UpperFence = 551.797 ms
ConfidenceInterval = [482.672 ms; 502.217 ms] (CI 99.9%), Margin = 9.772 ms (1.98% of Mean)
Skewness = 0.27, Kurtosis = 2.24, MValue = 2.17

// ** Remained 51 (89.5%) benchmark(s) to run. Estimated finish 2026-05-10 23:16 (0h 25m from now) **
Successfully reverted power plan (GUID: 381b4222-f694-41f0-9685-ff5bb260df2e FriendlyName: 平衡)
// ***** BenchmarkRunner: Finish  *****

// * Export *
  BenchmarkDotNet.Artifacts\results\DeleteBenchmark-report.csv
  BenchmarkDotNet.Artifacts\results\DeleteBenchmark-report-github.md
  BenchmarkDotNet.Artifacts\results\DeleteBenchmark-report.html

// * Detailed results *
DeleteBenchmark.'BPT  Delete rand': Job-CNUJVU(InvocationCount=1, UnrollFactor=1) [N=10000]
Runtime = .NET 10.0.7 (10.0.726.21808), X64 RyuJIT AVX-512F+CD+BW+DQ+VL+VBMI; GC = Concurrent Workstation
Mean = 1.869 ms, StdErr = 0.108 ms (5.79%), N = 100, StdDev = 1.082 ms
Min = 1.000 ms, Q1 = 1.014 ms, Median = 1.061 ms, Q3 = 2.819 ms, Max = 4.876 ms
IQR = 1.805 ms, LowerFence = -1.694 ms, UpperFence = 5.527 ms
ConfidenceInterval = [1.502 ms; 2.236 ms] (CI 99.9%), Margin = 0.367 ms (19.64% of Mean)
Skewness = 0.79, Kurtosis = 2.14, MValue = 2.84
-------------------- Histogram --------------------
[0.890 ms ; 1.502 ms) | @@@@@@@@@@@@@@@@@@@@@@@@@@@@@@@@@@@@@@@@@@@@@@@@@@@@@@@@@@@
[1.502 ms ; 1.973 ms) | 
[1.973 ms ; 2.644 ms) | @@@@@@@@@
[2.644 ms ; 3.256 ms) | @@@@@@@@@@@@@@@@@
[3.256 ms ; 4.006 ms) | @@@@@@@@@@@@@@
[4.006 ms ; 4.570 ms) | 
[4.570 ms ; 5.182 ms) | @
---------------------------------------------------

DeleteBenchmark.'SD   Delete rand': Job-CNUJVU(InvocationCount=1, UnrollFactor=1) [N=10000]
Runtime = .NET 10.0.7 (10.0.726.21808), X64 RyuJIT AVX-512F+CD+BW+DQ+VL+VBMI; GC = Concurrent Workstation
Mean = 1.866 ms, StdErr = 0.007 ms (0.35%), N = 13, StdDev = 0.024 ms
Min = 1.834 ms, Q1 = 1.853 ms, Median = 1.862 ms, Q3 = 1.866 ms, Max = 1.929 ms
IQR = 0.013 ms, LowerFence = 1.832 ms, UpperFence = 1.886 ms
ConfidenceInterval = [1.838 ms; 1.895 ms] (CI 99.9%), Margin = 0.029 ms (1.53% of Mean)
Skewness = 1.27, Kurtosis = 4.22, MValue = 2
-------------------- Histogram --------------------
[1.821 ms ; 1.875 ms) | @@@@@@@@@@
[1.875 ms ; 1.943 ms) | @@@
---------------------------------------------------

DeleteBenchmark.'BPT  Delete rand': Job-CNUJVU(InvocationCount=1, UnrollFactor=1) [N=100000]
Runtime = .NET 10.0.7 (10.0.726.21808), X64 RyuJIT AVX-512F+CD+BW+DQ+VL+VBMI; GC = Concurrent Workstation
Mean = 11.511 ms, StdErr = 0.062 ms (0.54%), N = 35, StdDev = 0.368 ms
Min = 11.073 ms, Q1 = 11.216 ms, Median = 11.395 ms, Q3 = 11.612 ms, Max = 12.412 ms
IQR = 0.396 ms, LowerFence = 10.621 ms, UpperFence = 12.206 ms
ConfidenceInterval = [11.287 ms; 11.735 ms] (CI 99.9%), Margin = 0.224 ms (1.95% of Mean)
Skewness = 0.98, Kurtosis = 2.72, MValue = 2.4
-------------------- Histogram --------------------
[10.925 ms ; 11.430 ms) | @@@@@@@@@@@@@@@@@@@@
[11.430 ms ; 11.713 ms) | @@@@@@@@
[11.713 ms ; 11.996 ms) | 
[11.996 ms ; 12.292 ms) | @@@@@@
[12.292 ms ; 12.560 ms) | @
---------------------------------------------------

DeleteBenchmark.'SD   Delete rand': Job-CNUJVU(InvocationCount=1, UnrollFactor=1) [N=100000]
Runtime = .NET 10.0.7 (10.0.726.21808), X64 RyuJIT AVX-512F+CD+BW+DQ+VL+VBMI; GC = Concurrent Workstation
Mean = 19.802 ms, StdErr = 0.068 ms (0.34%), N = 13, StdDev = 0.246 ms
Min = 19.447 ms, Q1 = 19.665 ms, Median = 19.744 ms, Q3 = 19.921 ms, Max = 20.188 ms
IQR = 0.256 ms, LowerFence = 19.280 ms, UpperFence = 20.305 ms
ConfidenceInterval = [19.507 ms; 20.096 ms] (CI 99.9%), Margin = 0.295 ms (1.49% of Mean)
Skewness = 0.29, Kurtosis = 1.75, MValue = 2
-------------------- Histogram --------------------
[19.310 ms ; 20.326 ms) | @@@@@@@@@@@@@
---------------------------------------------------

DeleteBenchmark.'BPT  Delete rand': Job-CNUJVU(InvocationCount=1, UnrollFactor=1) [N=1000000]
Runtime = .NET 10.0.7 (10.0.726.21808), X64 RyuJIT AVX-512F+CD+BW+DQ+VL+VBMI; GC = Concurrent Workstation
Mean = 174.692 ms, StdErr = 0.814 ms (0.47%), N = 17, StdDev = 3.356 ms
Min = 171.151 ms, Q1 = 172.723 ms, Median = 173.401 ms, Q3 = 175.120 ms, Max = 183.957 ms
IQR = 2.397 ms, LowerFence = 169.128 ms, UpperFence = 178.715 ms
ConfidenceInterval = [171.424 ms; 177.960 ms] (CI 99.9%), Margin = 3.268 ms (1.87% of Mean)
Skewness = 1.32, Kurtosis = 4, MValue = 2
-------------------- Histogram --------------------
[171.050 ms ; 177.599 ms) | @@@@@@@@@@@@@@
[177.599 ms ; 185.670 ms) | @@@
---------------------------------------------------

DeleteBenchmark.'SD   Delete rand': Job-CNUJVU(InvocationCount=1, UnrollFactor=1) [N=1000000]
Runtime = .NET 10.0.7 (10.0.726.21808), X64 RyuJIT AVX-512F+CD+BW+DQ+VL+VBMI; GC = Concurrent Workstation
Mean = 492.445 ms, StdErr = 2.850 ms (0.58%), N = 74, StdDev = 24.517 ms
Min = 452.301 ms, Q1 = 473.585 ms, Median = 491.623 ms, Q3 = 504.870 ms, Max = 546.362 ms
IQR = 31.285 ms, LowerFence = 426.658 ms, UpperFence = 551.797 ms
ConfidenceInterval = [482.672 ms; 502.217 ms] (CI 99.9%), Margin = 9.772 ms (1.98% of Mean)
Skewness = 0.27, Kurtosis = 2.24, MValue = 2.17
-------------------- Histogram --------------------
[444.637 ms ; 454.058 ms) | @
[454.058 ms ; 474.205 ms) | @@@@@@@@@@@@@@@@@@
[474.205 ms ; 491.303 ms) | @@@@@@@@@@@@@@@@
[491.303 ms ; 506.632 ms) | @@@@@@@@@@@@@@@@@@@@@@@
[506.632 ms ; 529.778 ms) | @@@@@@@@@@
[529.778 ms ; 547.650 ms) | @@@@@@
---------------------------------------------------

// * Summary *

BenchmarkDotNet v0.15.2, Windows 11 (10.0.26200.8246)
11th Gen Intel Core i7-11800H 2.30GHz, 1 CPU, 16 logical and 8 physical cores
.NET SDK 10.0.203
  [Host]     : .NET 10.0.7 (10.0.726.21808), X64 RyuJIT AVX-512F+CD+BW+DQ+VL+VBMI
  Job-CNUJVU : .NET 10.0.7 (10.0.726.21808), X64 RyuJIT AVX-512F+CD+BW+DQ+VL+VBMI

InvocationCount=1  UnrollFactor=1  

| Method             | N       | Mean       | Error     | StdDev     | Median     | Ratio | RatioSD | Rank | Allocated | Alloc Ratio |
|------------------- |-------- |-----------:|----------:|-----------:|-----------:|------:|--------:|-----:|----------:|------------:|
| 'BPT  Delete rand' | 10000   |   1.869 ms | 0.3670 ms |  1.0821 ms |   1.061 ms |  1.32 |    1.02 |    2 |         - |          NA |
| 'SD   Delete rand' | 10000   |   1.866 ms | 0.0286 ms |  0.0239 ms |   1.862 ms |  1.32 |    0.58 |    1 |         - |          NA |
|                    |         |            |           |            |            |       |         |      |           |             |
| 'BPT  Delete rand' | 100000  |  11.511 ms | 0.2242 ms |  0.3684 ms |  11.395 ms |  1.00 |    0.04 |    1 |         - |          NA |
| 'SD   Delete rand' | 100000  |  19.802 ms | 0.2949 ms |  0.2462 ms |  19.744 ms |  1.72 |    0.06 |    2 |         - |          NA |
|                    |         |            |           |            |            |       |         |      |           |             |
| 'BPT  Delete rand' | 1000000 | 174.692 ms | 3.2680 ms |  3.3560 ms | 173.401 ms |  1.00 |    0.03 |    1 |         - |          NA |
| 'SD   Delete rand' | 1000000 | 492.445 ms | 9.7725 ms | 24.5173 ms | 491.623 ms |  2.82 |    0.15 |    2 |         - |          NA |

// * Warnings *
MultimodalDistribution
  DeleteBenchmark.'BPT  Delete rand': InvocationCount=1, UnrollFactor=1 -> It seems that the distribution can have several modes (mValue = 2.84)
MinIterationTime
  DeleteBenchmark.'BPT  Delete rand': InvocationCount=1, UnrollFactor=1 -> The minimum observed iteration time is 1ms which is very small. It's recommended to increase it to at least 100ms using more operations.
  DeleteBenchmark.'SD   Delete rand': InvocationCount=1, UnrollFactor=1 -> The minimum observed iteration time is 1.835ms which is very small. It's recommended to increase it to at least 100ms using more operations.
  DeleteBenchmark.'BPT  Delete rand': InvocationCount=1, UnrollFactor=1 -> The minimum observed iteration time is 11.074ms which is very small. It's recommended to increase it to at least 100ms using more operations.
  DeleteBenchmark.'SD   Delete rand': InvocationCount=1, UnrollFactor=1 -> The minimum observed iteration time is 19.448ms which is very small. It's recommended to increase it to at least 100ms using more operations.

// * Hints *
Outliers
  DeleteBenchmark.'SD   Delete rand': InvocationCount=1, UnrollFactor=1 -> 2 outliers were removed (1.95 ms, 1.95 ms)
  DeleteBenchmark.'BPT  Delete rand': InvocationCount=1, UnrollFactor=1 -> 3 outliers were removed (13.78 ms..28.32 ms)
  DeleteBenchmark.'SD   Delete rand': InvocationCount=1, UnrollFactor=1 -> 2 outliers were removed (20.92 ms, 21.21 ms)
  DeleteBenchmark.'BPT  Delete rand': InvocationCount=1, UnrollFactor=1 -> 4 outliers were removed (190.10 ms..276.72 ms)
  DeleteBenchmark.'SD   Delete rand': InvocationCount=1, UnrollFactor=1 -> 3 outliers were removed (563.20 ms..939.90 ms)

// * Legends *
  N           : Value of the 'N' parameter
  Mean        : Arithmetic mean of all measurements
  Error       : Half of 99.9% confidence interval
  StdDev      : Standard deviation of all measurements
  Median      : Value separating the higher half of all measurements (50th percentile)
  Ratio       : Mean of the ratio distribution ([Current]/[Baseline])
  RatioSD     : Standard deviation of the ratio distribution ([Current]/[Baseline])
  Rank        : Relative position of current benchmark mean among all benchmarks (Arabic style)
  Allocated   : Allocated memory per single operation (managed only, inclusive, 1KB = 1024B)
  Alloc Ratio : Allocated memory ratio distribution ([Current]/[Baseline])
  1 ms        : 1 Millisecond (0.001 sec)

// * Diagnostic Output - MemoryDiagnoser *


// ***** BenchmarkRunner: End *****
Run time: 00:02:59 (179.08 sec), executed benchmarks: 6

// Found 12 benchmarks:
//   GetBenchmark.'BPT  Get rand': DefaultJob [N=10000]
//   GetBenchmark.'SD   Get rand': DefaultJob [N=10000]
//   GetBenchmark.'BPT  Get seq': DefaultJob [N=10000]
//   GetBenchmark.'SD   Get seq': DefaultJob [N=10000]
//   GetBenchmark.'BPT  Get rand': DefaultJob [N=100000]
//   GetBenchmark.'SD   Get rand': DefaultJob [N=100000]
//   GetBenchmark.'BPT  Get seq': DefaultJob [N=100000]
//   GetBenchmark.'SD   Get seq': DefaultJob [N=100000]
//   GetBenchmark.'BPT  Get rand': DefaultJob [N=1000000]
//   GetBenchmark.'SD   Get rand': DefaultJob [N=1000000]
//   GetBenchmark.'BPT  Get seq': DefaultJob [N=1000000]
//   GetBenchmark.'SD   Get seq': DefaultJob [N=1000000]

Setup power plan (GUID: 8c5e7fda-e8bf-4a96-9a85-a6e23a8c635c FriendlyName: 高效能)
// **************************
// Benchmark: GetBenchmark.'BPT  Get rand': DefaultJob [N=10000]
// *** Execute ***
// Launch: 1 / 1
// Execute: dotnet bplus-tree-benchmark-Job-CNUJVU-1.dll --anonymousPipes 1536 1448 --benchmarkName "GetBenchmark.BPT_Get_Random(N: 10000)" --job Default --benchmarkId 6 in C:\Users\chentingwei\bplus-tree\bplus-tree-benchmark\bin\Release\net10.0\bplus-tree-benchmark-Job-CNUJVU-1\bin\Release\net10.0
// BeforeAnythingElse

// Benchmark Process Environment Information:
// BenchmarkDotNet v0.15.2
// Runtime=.NET 10.0.7 (10.0.726.21808), X64 RyuJIT AVX-512F+CD+BW+DQ+VL+VBMI
// GC=Concurrent Workstation
// HardwareIntrinsics=AVX-512F+CD+BW+DQ+VL+VBMI,AES,BMI1,BMI2,FMA,LZCNT,PCLMUL,POPCNT VectorSize=256
// Job: DefaultJob

OverheadJitting  1: 1 op, 176500.00 ns, 176.5000 us/op
WorkloadJitting  1: 1 op, 4000100.00 ns, 4.0001 ms/op

OverheadJitting  2: 16 op, 309600.00 ns, 19.3500 us/op
WorkloadJitting  2: 16 op, 11719800.00 ns, 732.4875 us/op

WorkloadPilot    1: 16 op, 11338400.00 ns, 708.6500 us/op
WorkloadPilot    2: 32 op, 22300800.00 ns, 696.9000 us/op
WorkloadPilot    3: 64 op, 43494400.00 ns, 679.6000 us/op
WorkloadPilot    4: 128 op, 86446000.00 ns, 675.3594 us/op
WorkloadPilot    5: 256 op, 156408600.00 ns, 610.9711 us/op
WorkloadPilot    6: 512 op, 243811700.00 ns, 476.1947 us/op
WorkloadPilot    7: 1024 op, 491715700.00 ns, 480.1911 us/op
WorkloadPilot    8: 2048 op, 990091600.00 ns, 483.4432 us/op

OverheadWarmup   1: 2048 op, 5500.00 ns, 2.6855 ns/op
OverheadWarmup   2: 2048 op, 4300.00 ns, 2.0996 ns/op
OverheadWarmup   3: 2048 op, 4400.00 ns, 2.1484 ns/op
OverheadWarmup   4: 2048 op, 4300.00 ns, 2.0996 ns/op
OverheadWarmup   5: 2048 op, 4500.00 ns, 2.1973 ns/op
OverheadWarmup   6: 2048 op, 4400.00 ns, 2.1484 ns/op

OverheadActual   1: 2048 op, 4500.00 ns, 2.1973 ns/op
OverheadActual   2: 2048 op, 4700.00 ns, 2.2949 ns/op
OverheadActual   3: 2048 op, 4800.00 ns, 2.3438 ns/op
OverheadActual   4: 2048 op, 4400.00 ns, 2.1484 ns/op
OverheadActual   5: 2048 op, 4500.00 ns, 2.1973 ns/op
OverheadActual   6: 2048 op, 4500.00 ns, 2.1973 ns/op
OverheadActual   7: 2048 op, 4500.00 ns, 2.1973 ns/op
OverheadActual   8: 2048 op, 4400.00 ns, 2.1484 ns/op
OverheadActual   9: 2048 op, 4500.00 ns, 2.1973 ns/op
OverheadActual  10: 2048 op, 4400.00 ns, 2.1484 ns/op
OverheadActual  11: 2048 op, 4400.00 ns, 2.1484 ns/op
OverheadActual  12: 2048 op, 4500.00 ns, 2.1973 ns/op
OverheadActual  13: 2048 op, 4300.00 ns, 2.0996 ns/op
OverheadActual  14: 2048 op, 5000.00 ns, 2.4414 ns/op
OverheadActual  15: 2048 op, 4500.00 ns, 2.1973 ns/op

OverheadWarmup   1: 2048 op, 4400.00 ns, 2.1484 ns/op
OverheadWarmup   2: 2048 op, 4500.00 ns, 2.1973 ns/op
OverheadWarmup   3: 2048 op, 4400.00 ns, 2.1484 ns/op
OverheadWarmup   4: 2048 op, 4400.00 ns, 2.1484 ns/op
OverheadWarmup   5: 2048 op, 5400.00 ns, 2.6367 ns/op
OverheadWarmup   6: 2048 op, 4400.00 ns, 2.1484 ns/op

// BeforeActualRun
WorkloadActual   1: 2048 op, 988515700.00 ns, 482.6737 us/op
WorkloadActual   2: 2048 op, 987957600.00 ns, 482.4012 us/op
WorkloadActual   3: 2048 op, 979488900.00 ns, 478.2661 us/op
WorkloadActual   4: 2048 op, 999236800.00 ns, 487.9086 us/op
WorkloadActual   5: 2048 op, 991756500.00 ns, 484.2561 us/op
WorkloadActual   6: 2048 op, 1003931100.00 ns, 490.2007 us/op
WorkloadActual   7: 2048 op, 1012046400.00 ns, 494.1633 us/op
WorkloadActual   8: 2048 op, 1031126200.00 ns, 503.4796 us/op
WorkloadActual   9: 2048 op, 1059382800.00 ns, 517.2768 us/op
WorkloadActual  10: 2048 op, 1009455800.00 ns, 492.8983 us/op
WorkloadActual  11: 2048 op, 981493500.00 ns, 479.2449 us/op
WorkloadActual  12: 2048 op, 1021075200.00 ns, 498.5719 us/op
WorkloadActual  13: 2048 op, 1036232000.00 ns, 505.9727 us/op
WorkloadActual  14: 2048 op, 1014572600.00 ns, 495.3968 us/op
WorkloadActual  15: 2048 op, 977321900.00 ns, 477.2080 us/op
WorkloadActual  16: 2048 op, 981284800.00 ns, 479.1430 us/op
WorkloadActual  17: 2048 op, 994769700.00 ns, 485.7274 us/op

// AfterActualRun
WorkloadResult   1: 2048 op, 988511200.00 ns, 482.6715 us/op
WorkloadResult   2: 2048 op, 987953100.00 ns, 482.3990 us/op
WorkloadResult   3: 2048 op, 979484400.00 ns, 478.2639 us/op
WorkloadResult   4: 2048 op, 999232300.00 ns, 487.9064 us/op
WorkloadResult   5: 2048 op, 991752000.00 ns, 484.2539 us/op
WorkloadResult   6: 2048 op, 1003926600.00 ns, 490.1985 us/op
WorkloadResult   7: 2048 op, 1012041900.00 ns, 494.1611 us/op
WorkloadResult   8: 2048 op, 1031121700.00 ns, 503.4774 us/op
WorkloadResult   9: 2048 op, 1009451300.00 ns, 492.8961 us/op
WorkloadResult  10: 2048 op, 981489000.00 ns, 479.2427 us/op
WorkloadResult  11: 2048 op, 1021070700.00 ns, 498.5697 us/op
WorkloadResult  12: 2048 op, 1036227500.00 ns, 505.9705 us/op
WorkloadResult  13: 2048 op, 1014568100.00 ns, 495.3946 us/op
WorkloadResult  14: 2048 op, 977317400.00 ns, 477.2058 us/op
WorkloadResult  15: 2048 op, 981280300.00 ns, 479.1408 us/op
WorkloadResult  16: 2048 op, 994765200.00 ns, 485.7252 us/op
// GC:  0 0 0 0 2048
// Threading:  0 0 2048

// AfterAll
// Benchmark Process 34312 has exited with code 0.

Mean = 488.592 μs, StdErr = 2.269 μs (0.46%), N = 16, StdDev = 9.076 μs
Min = 477.206 μs, Q1 = 481.610 μs, Median = 486.816 μs, Q3 = 494.469 μs, Max = 505.970 μs
IQR = 12.860 μs, LowerFence = 462.321 μs, UpperFence = 513.759 μs
ConfidenceInterval = [479.352 μs; 497.833 μs] (CI 99.9%), Margin = 9.241 μs (1.89% of Mean)
Skewness = 0.44, Kurtosis = 1.85, MValue = 2

// ** Remained 50 (87.7%) benchmark(s) to run. Estimated finish 2026-05-10 23:15 (0h 23m from now) **
Setup power plan (GUID: 8c5e7fda-e8bf-4a96-9a85-a6e23a8c635c FriendlyName: 高效能)
// **************************
// Benchmark: GetBenchmark.'SD   Get rand': DefaultJob [N=10000]
// *** Execute ***
// Launch: 1 / 1
// Execute: dotnet bplus-tree-benchmark-Job-CNUJVU-1.dll --anonymousPipes 1016 1744 --benchmarkName "GetBenchmark.SD_Get_Random(N: 10000)" --job Default --benchmarkId 7 in C:\Users\chentingwei\bplus-tree\bplus-tree-benchmark\bin\Release\net10.0\bplus-tree-benchmark-Job-CNUJVU-1\bin\Release\net10.0
// BeforeAnythingElse

// Benchmark Process Environment Information:
// BenchmarkDotNet v0.15.2
// Runtime=.NET 10.0.7 (10.0.726.21808), X64 RyuJIT AVX-512F+CD+BW+DQ+VL+VBMI
// GC=Concurrent Workstation
// HardwareIntrinsics=AVX-512F+CD+BW+DQ+VL+VBMI,AES,BMI1,BMI2,FMA,LZCNT,PCLMUL,POPCNT VectorSize=256
// Job: DefaultJob

OverheadJitting  1: 1 op, 162700.00 ns, 162.7000 us/op
WorkloadJitting  1: 1 op, 3874000.00 ns, 3.8740 ms/op

OverheadJitting  2: 16 op, 305600.00 ns, 19.1000 us/op
WorkloadJitting  2: 16 op, 15427700.00 ns, 964.2313 us/op

WorkloadPilot    1: 16 op, 14999600.00 ns, 937.4750 us/op
WorkloadPilot    2: 32 op, 30293300.00 ns, 946.6656 us/op
WorkloadPilot    3: 64 op, 59098700.00 ns, 923.4172 us/op
WorkloadPilot    4: 128 op, 108342100.00 ns, 846.4227 us/op
WorkloadPilot    5: 256 op, 176915800.00 ns, 691.0773 us/op
WorkloadPilot    6: 512 op, 354232100.00 ns, 691.8596 us/op
WorkloadPilot    7: 1024 op, 708243600.00 ns, 691.6441 us/op

OverheadWarmup   1: 1024 op, 3700.00 ns, 3.6133 ns/op
OverheadWarmup   2: 1024 op, 2500.00 ns, 2.4414 ns/op
OverheadWarmup   3: 1024 op, 2300.00 ns, 2.2461 ns/op
OverheadWarmup   4: 1024 op, 2500.00 ns, 2.4414 ns/op
OverheadWarmup   5: 1024 op, 2500.00 ns, 2.4414 ns/op
OverheadWarmup   6: 1024 op, 2300.00 ns, 2.2461 ns/op
OverheadWarmup   7: 1024 op, 2400.00 ns, 2.3438 ns/op

OverheadActual   1: 1024 op, 2400.00 ns, 2.3438 ns/op
OverheadActual   2: 1024 op, 2400.00 ns, 2.3438 ns/op
OverheadActual   3: 1024 op, 2500.00 ns, 2.4414 ns/op
OverheadActual   4: 1024 op, 2400.00 ns, 2.3438 ns/op
OverheadActual   5: 1024 op, 2500.00 ns, 2.4414 ns/op
OverheadActual   6: 1024 op, 2500.00 ns, 2.4414 ns/op
OverheadActual   7: 1024 op, 2300.00 ns, 2.2461 ns/op
OverheadActual   8: 1024 op, 2400.00 ns, 2.3438 ns/op
OverheadActual   9: 1024 op, 2400.00 ns, 2.3438 ns/op
OverheadActual  10: 1024 op, 2400.00 ns, 2.3438 ns/op
OverheadActual  11: 1024 op, 2400.00 ns, 2.3438 ns/op
OverheadActual  12: 1024 op, 3700.00 ns, 3.6133 ns/op
OverheadActual  13: 1024 op, 2400.00 ns, 2.3438 ns/op
OverheadActual  14: 1024 op, 2400.00 ns, 2.3438 ns/op
OverheadActual  15: 1024 op, 2400.00 ns, 2.3438 ns/op

OverheadWarmup   1: 1024 op, 2400.00 ns, 2.3438 ns/op
OverheadWarmup   2: 1024 op, 2400.00 ns, 2.3438 ns/op
OverheadWarmup   3: 1024 op, 2300.00 ns, 2.2461 ns/op
OverheadWarmup   4: 1024 op, 2300.00 ns, 2.2461 ns/op
OverheadWarmup   5: 1024 op, 2400.00 ns, 2.3438 ns/op
OverheadWarmup   6: 1024 op, 2500.00 ns, 2.4414 ns/op

// BeforeActualRun
WorkloadActual   1: 1024 op, 713024600.00 ns, 696.3131 us/op
WorkloadActual   2: 1024 op, 719613200.00 ns, 702.7473 us/op
WorkloadActual   3: 1024 op, 762293400.00 ns, 744.4271 us/op
WorkloadActual   4: 1024 op, 737756300.00 ns, 720.4651 us/op
WorkloadActual   5: 1024 op, 740978000.00 ns, 723.6113 us/op
WorkloadActual   6: 1024 op, 719626600.00 ns, 702.7604 us/op
WorkloadActual   7: 1024 op, 708040700.00 ns, 691.4460 us/op
WorkloadActual   8: 1024 op, 716659000.00 ns, 699.8623 us/op
WorkloadActual   9: 1024 op, 732382300.00 ns, 715.2171 us/op
WorkloadActual  10: 1024 op, 720762200.00 ns, 703.8693 us/op
WorkloadActual  11: 1024 op, 741423900.00 ns, 724.0468 us/op
WorkloadActual  12: 1024 op, 716431600.00 ns, 699.6402 us/op
WorkloadActual  13: 1024 op, 781017200.00 ns, 762.7121 us/op
WorkloadActual  14: 1024 op, 770826300.00 ns, 752.7601 us/op
WorkloadActual  15: 1024 op, 756550200.00 ns, 738.8186 us/op
WorkloadActual  16: 1024 op, 751026500.00 ns, 733.4243 us/op
WorkloadActual  17: 1024 op, 749522400.00 ns, 731.9555 us/op
WorkloadActual  18: 1024 op, 754208600.00 ns, 736.5318 us/op
WorkloadActual  19: 1024 op, 726639300.00 ns, 709.6087 us/op
WorkloadActual  20: 1024 op, 729532300.00 ns, 712.4339 us/op
WorkloadActual  21: 1024 op, 736846100.00 ns, 719.5763 us/op
WorkloadActual  22: 1024 op, 745246900.00 ns, 727.7802 us/op
WorkloadActual  23: 1024 op, 732337600.00 ns, 715.1734 us/op
WorkloadActual  24: 1024 op, 748247400.00 ns, 730.7104 us/op

// AfterActualRun
WorkloadResult   1: 1024 op, 713022200.00 ns, 696.3107 us/op
WorkloadResult   2: 1024 op, 719610800.00 ns, 702.7449 us/op
WorkloadResult   3: 1024 op, 762291000.00 ns, 744.4248 us/op
WorkloadResult   4: 1024 op, 737753900.00 ns, 720.4628 us/op
WorkloadResult   5: 1024 op, 740975600.00 ns, 723.6090 us/op
WorkloadResult   6: 1024 op, 719624200.00 ns, 702.7580 us/op
WorkloadResult   7: 1024 op, 708038300.00 ns, 691.4437 us/op
WorkloadResult   8: 1024 op, 716656600.00 ns, 699.8600 us/op
WorkloadResult   9: 1024 op, 732379900.00 ns, 715.2147 us/op
WorkloadResult  10: 1024 op, 720759800.00 ns, 703.8670 us/op
WorkloadResult  11: 1024 op, 741421500.00 ns, 724.0444 us/op
WorkloadResult  12: 1024 op, 716429200.00 ns, 699.6379 us/op
WorkloadResult  13: 1024 op, 781014800.00 ns, 762.7098 us/op
WorkloadResult  14: 1024 op, 770823900.00 ns, 752.7577 us/op
WorkloadResult  15: 1024 op, 756547800.00 ns, 738.8162 us/op
WorkloadResult  16: 1024 op, 751024100.00 ns, 733.4220 us/op
WorkloadResult  17: 1024 op, 749520000.00 ns, 731.9531 us/op
WorkloadResult  18: 1024 op, 754206200.00 ns, 736.5295 us/op
WorkloadResult  19: 1024 op, 726636900.00 ns, 709.6063 us/op
WorkloadResult  20: 1024 op, 729529900.00 ns, 712.4315 us/op
WorkloadResult  21: 1024 op, 736843700.00 ns, 719.5739 us/op
WorkloadResult  22: 1024 op, 745244500.00 ns, 727.7778 us/op
WorkloadResult  23: 1024 op, 732335200.00 ns, 715.1711 us/op
WorkloadResult  24: 1024 op, 748245000.00 ns, 730.7080 us/op
// GC:  0 0 0 0 1024
// Threading:  0 0 1024

// AfterAll
// Benchmark Process 11492 has exited with code 0.

Mean = 720.660 μs, StdErr = 3.784 μs (0.53%), N = 24, StdDev = 18.536 μs
Min = 691.444 μs, Q1 = 703.590 μs, Median = 720.018 μs, Q3 = 732.320 μs, Max = 762.710 μs
IQR = 28.731 μs, LowerFence = 660.494 μs, UpperFence = 775.416 μs
ConfidenceInterval = [706.405 μs; 734.915 μs] (CI 99.9%), Margin = 14.255 μs (1.98% of Mean)
Skewness = 0.39, Kurtosis = 2.3, MValue = 2

// ** Remained 49 (86.0%) benchmark(s) to run. Estimated finish 2026-05-10 23:14 (0h 22m from now) **
Setup power plan (GUID: 8c5e7fda-e8bf-4a96-9a85-a6e23a8c635c FriendlyName: 高效能)
// **************************
// Benchmark: GetBenchmark.'BPT  Get seq': DefaultJob [N=10000]
// *** Execute ***
// Launch: 1 / 1
// Execute: dotnet bplus-tree-benchmark-Job-CNUJVU-1.dll --anonymousPipes 1776 1772 --benchmarkName "GetBenchmark.BPT_Get_Sequential(N: 10000)" --job Default --benchmarkId 8 in C:\Users\chentingwei\bplus-tree\bplus-tree-benchmark\bin\Release\net10.0\bplus-tree-benchmark-Job-CNUJVU-1\bin\Release\net10.0
// BeforeAnythingElse

// Benchmark Process Environment Information:
// BenchmarkDotNet v0.15.2
// Runtime=.NET 10.0.7 (10.0.726.21808), X64 RyuJIT AVX-512F+CD+BW+DQ+VL+VBMI
// GC=Concurrent Workstation
// HardwareIntrinsics=AVX-512F+CD+BW+DQ+VL+VBMI,AES,BMI1,BMI2,FMA,LZCNT,PCLMUL,POPCNT VectorSize=256
// Job: DefaultJob

OverheadJitting  1: 1 op, 241100.00 ns, 241.1000 us/op
WorkloadJitting  1: 1 op, 3871500.00 ns, 3.8715 ms/op

OverheadJitting  2: 16 op, 322700.00 ns, 20.1688 us/op
WorkloadJitting  2: 16 op, 8727600.00 ns, 545.4750 us/op

WorkloadPilot    1: 16 op, 8116600.00 ns, 507.2875 us/op
WorkloadPilot    2: 32 op, 15668900.00 ns, 489.6531 us/op
WorkloadPilot    3: 64 op, 30926100.00 ns, 483.2203 us/op
WorkloadPilot    4: 128 op, 63072000.00 ns, 492.7500 us/op
WorkloadPilot    5: 256 op, 105067600.00 ns, 410.4203 us/op
WorkloadPilot    6: 512 op, 186771300.00 ns, 364.7877 us/op
WorkloadPilot    7: 1024 op, 359190700.00 ns, 350.7722 us/op
WorkloadPilot    8: 2048 op, 725510100.00 ns, 354.2530 us/op

OverheadWarmup   1: 2048 op, 5700.00 ns, 2.7832 ns/op
OverheadWarmup   2: 2048 op, 4500.00 ns, 2.1973 ns/op
OverheadWarmup   3: 2048 op, 4700.00 ns, 2.2949 ns/op
OverheadWarmup   4: 2048 op, 4400.00 ns, 2.1484 ns/op
OverheadWarmup   5: 2048 op, 5500.00 ns, 2.6855 ns/op
OverheadWarmup   6: 2048 op, 4500.00 ns, 2.1973 ns/op

OverheadActual   1: 2048 op, 5700.00 ns, 2.7832 ns/op
OverheadActual   2: 2048 op, 4900.00 ns, 2.3926 ns/op
OverheadActual   3: 2048 op, 4500.00 ns, 2.1973 ns/op
OverheadActual   4: 2048 op, 4600.00 ns, 2.2461 ns/op
OverheadActual   5: 2048 op, 4600.00 ns, 2.2461 ns/op
OverheadActual   6: 2048 op, 4500.00 ns, 2.1973 ns/op
OverheadActual   7: 2048 op, 4600.00 ns, 2.2461 ns/op
OverheadActual   8: 2048 op, 4500.00 ns, 2.1973 ns/op
OverheadActual   9: 2048 op, 4400.00 ns, 2.1484 ns/op
OverheadActual  10: 2048 op, 4400.00 ns, 2.1484 ns/op
OverheadActual  11: 2048 op, 4500.00 ns, 2.1973 ns/op
OverheadActual  12: 2048 op, 4600.00 ns, 2.2461 ns/op
OverheadActual  13: 2048 op, 4400.00 ns, 2.1484 ns/op
OverheadActual  14: 2048 op, 4500.00 ns, 2.1973 ns/op
OverheadActual  15: 2048 op, 4400.00 ns, 2.1484 ns/op

OverheadWarmup   1: 2048 op, 4600.00 ns, 2.2461 ns/op
OverheadWarmup   2: 2048 op, 4600.00 ns, 2.2461 ns/op
OverheadWarmup   3: 2048 op, 4400.00 ns, 2.1484 ns/op
OverheadWarmup   4: 2048 op, 4600.00 ns, 2.2461 ns/op
OverheadWarmup   5: 2048 op, 4400.00 ns, 2.1484 ns/op
OverheadWarmup   6: 2048 op, 4500.00 ns, 2.1973 ns/op

// BeforeActualRun
WorkloadActual   1: 2048 op, 715656600.00 ns, 349.4417 us/op
WorkloadActual   2: 2048 op, 711338900.00 ns, 347.3334 us/op
WorkloadActual   3: 2048 op, 725879500.00 ns, 354.4333 us/op
WorkloadActual   4: 2048 op, 719279700.00 ns, 351.2108 us/op
WorkloadActual   5: 2048 op, 705750500.00 ns, 344.6047 us/op
WorkloadActual   6: 2048 op, 707536700.00 ns, 345.4769 us/op
WorkloadActual   7: 2048 op, 706879200.00 ns, 345.1559 us/op
WorkloadActual   8: 2048 op, 698001400.00 ns, 340.8210 us/op
WorkloadActual   9: 2048 op, 694175900.00 ns, 338.9531 us/op
WorkloadActual  10: 2048 op, 699291600.00 ns, 341.4510 us/op
WorkloadActual  11: 2048 op, 709093300.00 ns, 346.2370 us/op
WorkloadActual  12: 2048 op, 704998800.00 ns, 344.2377 us/op
WorkloadActual  13: 2048 op, 703761500.00 ns, 343.6335 us/op
WorkloadActual  14: 2048 op, 737104000.00 ns, 359.9141 us/op
WorkloadActual  15: 2048 op, 688928000.00 ns, 336.3906 us/op

// AfterActualRun
WorkloadResult   1: 2048 op, 715652100.00 ns, 349.4395 us/op
WorkloadResult   2: 2048 op, 711334400.00 ns, 347.3313 us/op
WorkloadResult   3: 2048 op, 725875000.00 ns, 354.4312 us/op
WorkloadResult   4: 2048 op, 719275200.00 ns, 351.2086 us/op
WorkloadResult   5: 2048 op, 705746000.00 ns, 344.6025 us/op
WorkloadResult   6: 2048 op, 707532200.00 ns, 345.4747 us/op
WorkloadResult   7: 2048 op, 706874700.00 ns, 345.1537 us/op
WorkloadResult   8: 2048 op, 697996900.00 ns, 340.8188 us/op
WorkloadResult   9: 2048 op, 694171400.00 ns, 338.9509 us/op
WorkloadResult  10: 2048 op, 699287100.00 ns, 341.4488 us/op
WorkloadResult  11: 2048 op, 709088800.00 ns, 346.2348 us/op
WorkloadResult  12: 2048 op, 704994300.00 ns, 344.2355 us/op
WorkloadResult  13: 2048 op, 703757000.00 ns, 343.6313 us/op
WorkloadResult  14: 2048 op, 688923500.00 ns, 336.3884 us/op
// GC:  0 0 0 0 2048
// Threading:  0 0 2048

// AfterAll
// Benchmark Process 15084 has exited with code 0.

Mean = 344.954 μs, StdErr = 1.279 μs (0.37%), N = 14, StdDev = 4.787 μs
Min = 336.388 μs, Q1 = 341.994 μs, Median = 344.878 μs, Q3 = 347.057 μs, Max = 354.431 μs
IQR = 5.063 μs, LowerFence = 334.400 μs, UpperFence = 354.651 μs
ConfidenceInterval = [339.554 μs; 350.353 μs] (CI 99.9%), Margin = 5.400 μs (1.57% of Mean)
Skewness = 0.16, Kurtosis = 2.34, MValue = 2

// ** Remained 48 (84.2%) benchmark(s) to run. Estimated finish 2026-05-10 23:13 (0h 20m from now) **
Setup power plan (GUID: 8c5e7fda-e8bf-4a96-9a85-a6e23a8c635c FriendlyName: 高效能)
// **************************
// Benchmark: GetBenchmark.'SD   Get seq': DefaultJob [N=10000]
// *** Execute ***
// Launch: 1 / 1
// Execute: dotnet bplus-tree-benchmark-Job-CNUJVU-1.dll --anonymousPipes 1416 1804 --benchmarkName "GetBenchmark.SD_Get_Sequential(N: 10000)" --job Default --benchmarkId 9 in C:\Users\chentingwei\bplus-tree\bplus-tree-benchmark\bin\Release\net10.0\bplus-tree-benchmark-Job-CNUJVU-1\bin\Release\net10.0
// BeforeAnythingElse

// Benchmark Process Environment Information:
// BenchmarkDotNet v0.15.2
// Runtime=.NET 10.0.7 (10.0.726.21808), X64 RyuJIT AVX-512F+CD+BW+DQ+VL+VBMI
// GC=Concurrent Workstation
// HardwareIntrinsics=AVX-512F+CD+BW+DQ+VL+VBMI,AES,BMI1,BMI2,FMA,LZCNT,PCLMUL,POPCNT VectorSize=256
// Job: DefaultJob

OverheadJitting  1: 1 op, 210700.00 ns, 210.7000 us/op
WorkloadJitting  1: 1 op, 3640200.00 ns, 3.6402 ms/op

OverheadJitting  2: 16 op, 334800.00 ns, 20.9250 us/op
WorkloadJitting  2: 16 op, 11833700.00 ns, 739.6063 us/op

WorkloadPilot    1: 16 op, 11422100.00 ns, 713.8813 us/op
WorkloadPilot    2: 32 op, 22873900.00 ns, 714.8094 us/op
WorkloadPilot    3: 64 op, 44769700.00 ns, 699.5266 us/op
WorkloadPilot    4: 128 op, 89131100.00 ns, 696.3367 us/op
WorkloadPilot    5: 256 op, 108436700.00 ns, 423.5809 us/op
WorkloadPilot    6: 512 op, 210501100.00 ns, 411.1350 us/op
WorkloadPilot    7: 1024 op, 410714700.00 ns, 401.0886 us/op
WorkloadPilot    8: 2048 op, 859971700.00 ns, 419.9081 us/op

OverheadWarmup   1: 2048 op, 5400.00 ns, 2.6367 ns/op
OverheadWarmup   2: 2048 op, 4200.00 ns, 2.0508 ns/op
OverheadWarmup   3: 2048 op, 4200.00 ns, 2.0508 ns/op
OverheadWarmup   4: 2048 op, 4300.00 ns, 2.0996 ns/op
OverheadWarmup   5: 2048 op, 4300.00 ns, 2.0996 ns/op
OverheadWarmup   6: 2048 op, 4200.00 ns, 2.0508 ns/op

OverheadActual   1: 2048 op, 4200.00 ns, 2.0508 ns/op
OverheadActual   2: 2048 op, 4400.00 ns, 2.1484 ns/op
OverheadActual   3: 2048 op, 4400.00 ns, 2.1484 ns/op
OverheadActual   4: 2048 op, 4400.00 ns, 2.1484 ns/op
OverheadActual   5: 2048 op, 4200.00 ns, 2.0508 ns/op
OverheadActual   6: 2048 op, 4300.00 ns, 2.0996 ns/op
OverheadActual   7: 2048 op, 4300.00 ns, 2.0996 ns/op
OverheadActual   8: 2048 op, 4300.00 ns, 2.0996 ns/op
OverheadActual   9: 2048 op, 4400.00 ns, 2.1484 ns/op
OverheadActual  10: 2048 op, 4300.00 ns, 2.0996 ns/op
OverheadActual  11: 2048 op, 4400.00 ns, 2.1484 ns/op
OverheadActual  12: 2048 op, 4400.00 ns, 2.1484 ns/op
OverheadActual  13: 2048 op, 4400.00 ns, 2.1484 ns/op
OverheadActual  14: 2048 op, 4500.00 ns, 2.1973 ns/op
OverheadActual  15: 2048 op, 4400.00 ns, 2.1484 ns/op

OverheadWarmup   1: 2048 op, 4500.00 ns, 2.1973 ns/op
OverheadWarmup   2: 2048 op, 4500.00 ns, 2.1973 ns/op
OverheadWarmup   3: 2048 op, 4400.00 ns, 2.1484 ns/op
OverheadWarmup   4: 2048 op, 4500.00 ns, 2.1973 ns/op
OverheadWarmup   5: 2048 op, 4400.00 ns, 2.1484 ns/op
OverheadWarmup   6: 2048 op, 4400.00 ns, 2.1484 ns/op

// BeforeActualRun
WorkloadActual   1: 2048 op, 838489000.00 ns, 409.4185 us/op
WorkloadActual   2: 2048 op, 834250100.00 ns, 407.3487 us/op
WorkloadActual   3: 2048 op, 843170900.00 ns, 411.7045 us/op
WorkloadActual   4: 2048 op, 841822400.00 ns, 411.0461 us/op
WorkloadActual   5: 2048 op, 841625800.00 ns, 410.9501 us/op
WorkloadActual   6: 2048 op, 830928600.00 ns, 405.7269 us/op
WorkloadActual   7: 2048 op, 846195100.00 ns, 413.1812 us/op
WorkloadActual   8: 2048 op, 827490900.00 ns, 404.0483 us/op
WorkloadActual   9: 2048 op, 836679000.00 ns, 408.5347 us/op
WorkloadActual  10: 2048 op, 828612100.00 ns, 404.5958 us/op
WorkloadActual  11: 2048 op, 835313300.00 ns, 407.8678 us/op
WorkloadActual  12: 2048 op, 826961000.00 ns, 403.7896 us/op
WorkloadActual  13: 2048 op, 829570300.00 ns, 405.0636 us/op
WorkloadActual  14: 2048 op, 822556100.00 ns, 401.6387 us/op
WorkloadActual  15: 2048 op, 859392000.00 ns, 419.6250 us/op

// AfterActualRun
WorkloadResult   1: 2048 op, 838484600.00 ns, 409.4163 us/op
WorkloadResult   2: 2048 op, 834245700.00 ns, 407.3465 us/op
WorkloadResult   3: 2048 op, 843166500.00 ns, 411.7024 us/op
WorkloadResult   4: 2048 op, 841818000.00 ns, 411.0439 us/op
WorkloadResult   5: 2048 op, 841621400.00 ns, 410.9479 us/op
WorkloadResult   6: 2048 op, 830924200.00 ns, 405.7247 us/op
WorkloadResult   7: 2048 op, 846190700.00 ns, 413.1791 us/op
WorkloadResult   8: 2048 op, 827486500.00 ns, 404.0461 us/op
WorkloadResult   9: 2048 op, 836674600.00 ns, 408.5325 us/op
WorkloadResult  10: 2048 op, 828607700.00 ns, 404.5936 us/op
WorkloadResult  11: 2048 op, 835308900.00 ns, 407.8657 us/op
WorkloadResult  12: 2048 op, 826956600.00 ns, 403.7874 us/op
WorkloadResult  13: 2048 op, 829565900.00 ns, 405.0615 us/op
WorkloadResult  14: 2048 op, 822551700.00 ns, 401.6366 us/op
WorkloadResult  15: 2048 op, 859387600.00 ns, 419.6229 us/op
// GC:  0 0 0 0 2048
// Threading:  0 0 2048

// AfterAll
// Benchmark Process 1876 has exited with code 0.

Mean = 408.300 μs, StdErr = 1.184 μs (0.29%), N = 15, StdDev = 4.584 μs
Min = 401.637 μs, Q1 = 404.828 μs, Median = 407.866 μs, Q3 = 410.996 μs, Max = 419.623 μs
IQR = 6.168 μs, LowerFence = 395.575 μs, UpperFence = 420.249 μs
ConfidenceInterval = [403.399 μs; 413.202 μs] (CI 99.9%), Margin = 4.901 μs (1.20% of Mean)
Skewness = 0.75, Kurtosis = 3.06, MValue = 2

// ** Remained 47 (82.5%) benchmark(s) to run. Estimated finish 2026-05-10 23:12 (0h 19m from now) **
Setup power plan (GUID: 8c5e7fda-e8bf-4a96-9a85-a6e23a8c635c FriendlyName: 高效能)
// **************************
// Benchmark: GetBenchmark.'BPT  Get rand': DefaultJob [N=100000]
// *** Execute ***
// Launch: 1 / 1
// Execute: dotnet bplus-tree-benchmark-Job-CNUJVU-1.dll --anonymousPipes 1416 1804 --benchmarkName "GetBenchmark.BPT_Get_Random(N: 100000)" --job Default --benchmarkId 10 in C:\Users\chentingwei\bplus-tree\bplus-tree-benchmark\bin\Release\net10.0\bplus-tree-benchmark-Job-CNUJVU-1\bin\Release\net10.0
// BeforeAnythingElse

// Benchmark Process Environment Information:
// BenchmarkDotNet v0.15.2
// Runtime=.NET 10.0.7 (10.0.726.21808), X64 RyuJIT AVX-512F+CD+BW+DQ+VL+VBMI
// GC=Concurrent Workstation
// HardwareIntrinsics=AVX-512F+CD+BW+DQ+VL+VBMI,AES,BMI1,BMI2,FMA,LZCNT,PCLMUL,POPCNT VectorSize=256
// Job: DefaultJob

OverheadJitting  1: 1 op, 150600.00 ns, 150.6000 us/op
WorkloadJitting  1: 1 op, 10435400.00 ns, 10.4354 ms/op

OverheadJitting  2: 16 op, 289900.00 ns, 18.1188 us/op
WorkloadJitting  2: 16 op, 110377400.00 ns, 6.8986 ms/op

WorkloadPilot    1: 16 op, 110077700.00 ns, 6.8799 ms/op
WorkloadPilot    2: 32 op, 217405000.00 ns, 6.7939 ms/op
WorkloadPilot    3: 64 op, 426286800.00 ns, 6.6607 ms/op
WorkloadPilot    4: 128 op, 851643400.00 ns, 6.6535 ms/op

OverheadWarmup   1: 128 op, 1700.00 ns, 13.2813 ns/op
OverheadWarmup   2: 128 op, 900.00 ns, 7.0313 ns/op
OverheadWarmup   3: 128 op, 600.00 ns, 4.6875 ns/op
OverheadWarmup   4: 128 op, 800.00 ns, 6.2500 ns/op
OverheadWarmup   5: 128 op, 700.00 ns, 5.4688 ns/op
OverheadWarmup   6: 128 op, 800.00 ns, 6.2500 ns/op
OverheadWarmup   7: 128 op, 600.00 ns, 4.6875 ns/op

OverheadActual   1: 128 op, 1000.00 ns, 7.8125 ns/op
OverheadActual   2: 128 op, 700.00 ns, 5.4688 ns/op
OverheadActual   3: 128 op, 1000.00 ns, 7.8125 ns/op
OverheadActual   4: 128 op, 800.00 ns, 6.2500 ns/op
OverheadActual   5: 128 op, 600.00 ns, 4.6875 ns/op
OverheadActual   6: 128 op, 1100.00 ns, 8.5938 ns/op
OverheadActual   7: 128 op, 700.00 ns, 5.4688 ns/op
OverheadActual   8: 128 op, 600.00 ns, 4.6875 ns/op
OverheadActual   9: 128 op, 1100.00 ns, 8.5938 ns/op
OverheadActual  10: 128 op, 600.00 ns, 4.6875 ns/op
OverheadActual  11: 128 op, 1000.00 ns, 7.8125 ns/op
OverheadActual  12: 128 op, 600.00 ns, 4.6875 ns/op
OverheadActual  13: 128 op, 600.00 ns, 4.6875 ns/op
OverheadActual  14: 128 op, 1000.00 ns, 7.8125 ns/op
OverheadActual  15: 128 op, 1000.00 ns, 7.8125 ns/op
OverheadActual  16: 128 op, 1000.00 ns, 7.8125 ns/op
OverheadActual  17: 128 op, 600.00 ns, 4.6875 ns/op
OverheadActual  18: 128 op, 1200.00 ns, 9.3750 ns/op
OverheadActual  19: 128 op, 1200.00 ns, 9.3750 ns/op
OverheadActual  20: 128 op, 800.00 ns, 6.2500 ns/op

OverheadWarmup   1: 128 op, 900.00 ns, 7.0313 ns/op
OverheadWarmup   2: 128 op, 900.00 ns, 7.0313 ns/op
OverheadWarmup   3: 128 op, 800.00 ns, 6.2500 ns/op
OverheadWarmup   4: 128 op, 600.00 ns, 4.6875 ns/op
OverheadWarmup   5: 128 op, 700.00 ns, 5.4688 ns/op
OverheadWarmup   6: 128 op, 600.00 ns, 4.6875 ns/op

// BeforeActualRun
WorkloadActual   1: 128 op, 853008300.00 ns, 6.6641 ms/op
WorkloadActual   2: 128 op, 850249200.00 ns, 6.6426 ms/op
WorkloadActual   3: 128 op, 849398800.00 ns, 6.6359 ms/op
WorkloadActual   4: 128 op, 851143200.00 ns, 6.6496 ms/op
WorkloadActual   5: 128 op, 854182600.00 ns, 6.6733 ms/op
WorkloadActual   6: 128 op, 867121900.00 ns, 6.7744 ms/op
WorkloadActual   7: 128 op, 854144100.00 ns, 6.6730 ms/op
WorkloadActual   8: 128 op, 865848800.00 ns, 6.7644 ms/op
WorkloadActual   9: 128 op, 853157300.00 ns, 6.6653 ms/op
WorkloadActual  10: 128 op, 853119200.00 ns, 6.6650 ms/op
WorkloadActual  11: 128 op, 852017300.00 ns, 6.6564 ms/op
WorkloadActual  12: 128 op, 859493900.00 ns, 6.7148 ms/op
WorkloadActual  13: 128 op, 869162000.00 ns, 6.7903 ms/op
WorkloadActual  14: 128 op, 847409600.00 ns, 6.6204 ms/op
WorkloadActual  15: 128 op, 850413300.00 ns, 6.6439 ms/op

// AfterActualRun
WorkloadResult   1: 128 op, 853007400.00 ns, 6.6641 ms/op
WorkloadResult   2: 128 op, 850248300.00 ns, 6.6426 ms/op
WorkloadResult   3: 128 op, 849397900.00 ns, 6.6359 ms/op
WorkloadResult   4: 128 op, 851142300.00 ns, 6.6495 ms/op
WorkloadResult   5: 128 op, 854181700.00 ns, 6.6733 ms/op
WorkloadResult   6: 128 op, 854143200.00 ns, 6.6730 ms/op
WorkloadResult   7: 128 op, 865847900.00 ns, 6.7644 ms/op
WorkloadResult   8: 128 op, 853156400.00 ns, 6.6653 ms/op
WorkloadResult   9: 128 op, 853118300.00 ns, 6.6650 ms/op
WorkloadResult  10: 128 op, 852016400.00 ns, 6.6564 ms/op
WorkloadResult  11: 128 op, 859493000.00 ns, 6.7148 ms/op
WorkloadResult  12: 128 op, 847408700.00 ns, 6.6204 ms/op
WorkloadResult  13: 128 op, 850412400.00 ns, 6.6438 ms/op
// GC:  0 0 0 0 128
// Threading:  0 0 128

// AfterAll
// Benchmark Process 14656 has exited with code 0.

Mean = 6.667 ms, StdErr = 0.010 ms (0.15%), N = 13, StdDev = 0.037 ms
Min = 6.620 ms, Q1 = 6.644 ms, Median = 6.664 ms, Q3 = 6.673 ms, Max = 6.764 ms
IQR = 0.029 ms, LowerFence = 6.600 ms, UpperFence = 6.717 ms
ConfidenceInterval = [6.622 ms; 6.711 ms] (CI 99.9%), Margin = 0.044 ms (0.67% of Mean)
Skewness = 1.32, Kurtosis = 4.14, MValue = 2

// ** Remained 46 (80.7%) benchmark(s) to run. Estimated finish 2026-05-10 23:11 (0h 18m from now) **
Setup power plan (GUID: 8c5e7fda-e8bf-4a96-9a85-a6e23a8c635c FriendlyName: 高效能)
// **************************
// Benchmark: GetBenchmark.'SD   Get rand': DefaultJob [N=100000]
// *** Execute ***
// Launch: 1 / 1
// Execute: dotnet bplus-tree-benchmark-Job-CNUJVU-1.dll --anonymousPipes 1720 1000 --benchmarkName "GetBenchmark.SD_Get_Random(N: 100000)" --job Default --benchmarkId 11 in C:\Users\chentingwei\bplus-tree\bplus-tree-benchmark\bin\Release\net10.0\bplus-tree-benchmark-Job-CNUJVU-1\bin\Release\net10.0
// BeforeAnythingElse

// Benchmark Process Environment Information:
// BenchmarkDotNet v0.15.2
// Runtime=.NET 10.0.7 (10.0.726.21808), X64 RyuJIT AVX-512F+CD+BW+DQ+VL+VBMI
// GC=Concurrent Workstation
// HardwareIntrinsics=AVX-512F+CD+BW+DQ+VL+VBMI,AES,BMI1,BMI2,FMA,LZCNT,PCLMUL,POPCNT VectorSize=256
// Job: DefaultJob

OverheadJitting  1: 1 op, 150900.00 ns, 150.9000 us/op
WorkloadJitting  1: 1 op, 15334200.00 ns, 15.3342 ms/op

OverheadJitting  2: 16 op, 382900.00 ns, 23.9313 us/op
WorkloadJitting  2: 16 op, 199580800.00 ns, 12.4738 ms/op

WorkloadPilot    1: 16 op, 203628800.00 ns, 12.7268 ms/op
WorkloadPilot    2: 32 op, 409654700.00 ns, 12.8017 ms/op
WorkloadPilot    3: 64 op, 752098200.00 ns, 11.7515 ms/op

OverheadWarmup   1: 64 op, 1600.00 ns, 25.0000 ns/op
OverheadWarmup   2: 64 op, 700.00 ns, 10.9375 ns/op
OverheadWarmup   3: 64 op, 600.00 ns, 9.3750 ns/op
OverheadWarmup   4: 64 op, 600.00 ns, 9.3750 ns/op
OverheadWarmup   5: 64 op, 1000.00 ns, 15.6250 ns/op
OverheadWarmup   6: 64 op, 700.00 ns, 10.9375 ns/op
OverheadWarmup   7: 64 op, 500.00 ns, 7.8125 ns/op
OverheadWarmup   8: 64 op, 600.00 ns, 9.3750 ns/op

OverheadActual   1: 64 op, 600.00 ns, 9.3750 ns/op
OverheadActual   2: 64 op, 1500.00 ns, 23.4375 ns/op
OverheadActual   3: 64 op, 900.00 ns, 14.0625 ns/op
OverheadActual   4: 64 op, 600.00 ns, 9.3750 ns/op
OverheadActual   5: 64 op, 700.00 ns, 10.9375 ns/op
OverheadActual   6: 64 op, 800.00 ns, 12.5000 ns/op
OverheadActual   7: 64 op, 1100.00 ns, 17.1875 ns/op
OverheadActual   8: 64 op, 900.00 ns, 14.0625 ns/op
OverheadActual   9: 64 op, 700.00 ns, 10.9375 ns/op
OverheadActual  10: 64 op, 800.00 ns, 12.5000 ns/op
OverheadActual  11: 64 op, 500.00 ns, 7.8125 ns/op
OverheadActual  12: 64 op, 500.00 ns, 7.8125 ns/op
OverheadActual  13: 64 op, 600.00 ns, 9.3750 ns/op
OverheadActual  14: 64 op, 700.00 ns, 10.9375 ns/op
OverheadActual  15: 64 op, 900.00 ns, 14.0625 ns/op
OverheadActual  16: 64 op, 800.00 ns, 12.5000 ns/op
OverheadActual  17: 64 op, 600.00 ns, 9.3750 ns/op
OverheadActual  18: 64 op, 500.00 ns, 7.8125 ns/op
OverheadActual  19: 64 op, 900.00 ns, 14.0625 ns/op
OverheadActual  20: 64 op, 800.00 ns, 12.5000 ns/op

OverheadWarmup   1: 64 op, 800.00 ns, 12.5000 ns/op
OverheadWarmup   2: 64 op, 700.00 ns, 10.9375 ns/op
OverheadWarmup   3: 64 op, 900.00 ns, 14.0625 ns/op
OverheadWarmup   4: 64 op, 700.00 ns, 10.9375 ns/op
OverheadWarmup   5: 64 op, 900.00 ns, 14.0625 ns/op
OverheadWarmup   6: 64 op, 600.00 ns, 9.3750 ns/op

// BeforeActualRun
WorkloadActual   1: 64 op, 750567000.00 ns, 11.7276 ms/op
WorkloadActual   2: 64 op, 737848900.00 ns, 11.5289 ms/op
WorkloadActual   3: 64 op, 743245000.00 ns, 11.6132 ms/op
WorkloadActual   4: 64 op, 737422900.00 ns, 11.5222 ms/op
WorkloadActual   5: 64 op, 738581200.00 ns, 11.5403 ms/op
WorkloadActual   6: 64 op, 754270100.00 ns, 11.7855 ms/op
WorkloadActual   7: 64 op, 803665900.00 ns, 12.5573 ms/op
WorkloadActual   8: 64 op, 739157700.00 ns, 11.5493 ms/op
WorkloadActual   9: 64 op, 745952100.00 ns, 11.6555 ms/op
WorkloadActual  10: 64 op, 745082100.00 ns, 11.6419 ms/op
WorkloadActual  11: 64 op, 737345100.00 ns, 11.5210 ms/op
WorkloadActual  12: 64 op, 741005000.00 ns, 11.5782 ms/op
WorkloadActual  13: 64 op, 736145600.00 ns, 11.5023 ms/op
WorkloadActual  14: 64 op, 744474400.00 ns, 11.6324 ms/op
WorkloadActual  15: 64 op, 746573000.00 ns, 11.6652 ms/op

// AfterActualRun
WorkloadResult   1: 64 op, 750566250.00 ns, 11.7276 ms/op
WorkloadResult   2: 64 op, 737848150.00 ns, 11.5289 ms/op
WorkloadResult   3: 64 op, 743244250.00 ns, 11.6132 ms/op
WorkloadResult   4: 64 op, 737422150.00 ns, 11.5222 ms/op
WorkloadResult   5: 64 op, 738580450.00 ns, 11.5403 ms/op
WorkloadResult   6: 64 op, 754269350.00 ns, 11.7855 ms/op
WorkloadResult   7: 64 op, 739156950.00 ns, 11.5493 ms/op
WorkloadResult   8: 64 op, 745951350.00 ns, 11.6555 ms/op
WorkloadResult   9: 64 op, 745081350.00 ns, 11.6419 ms/op
WorkloadResult  10: 64 op, 737344350.00 ns, 11.5210 ms/op
WorkloadResult  11: 64 op, 741004250.00 ns, 11.5782 ms/op
WorkloadResult  12: 64 op, 736144850.00 ns, 11.5023 ms/op
WorkloadResult  13: 64 op, 744473650.00 ns, 11.6324 ms/op
WorkloadResult  14: 64 op, 746572250.00 ns, 11.6652 ms/op
// GC:  0 0 0 0 64
// Threading:  0 0 64

// AfterAll
// Benchmark Process 11536 has exited with code 0.

Mean = 11.605 ms, StdErr = 0.023 ms (0.20%), N = 14, StdDev = 0.085 ms
Min = 11.502 ms, Q1 = 11.532 ms, Median = 11.596 ms, Q3 = 11.652 ms, Max = 11.785 ms
IQR = 0.120 ms, LowerFence = 11.351 ms, UpperFence = 11.833 ms
ConfidenceInterval = [11.509 ms; 11.701 ms] (CI 99.9%), Margin = 0.096 ms (0.83% of Mean)
Skewness = 0.59, Kurtosis = 2.16, MValue = 2

// ** Remained 45 (78.9%) benchmark(s) to run. Estimated finish 2026-05-10 23:10 (0h 17m from now) **
Setup power plan (GUID: 8c5e7fda-e8bf-4a96-9a85-a6e23a8c635c FriendlyName: 高效能)
// **************************
// Benchmark: GetBenchmark.'BPT  Get seq': DefaultJob [N=100000]
// *** Execute ***
// Launch: 1 / 1
// Execute: dotnet bplus-tree-benchmark-Job-CNUJVU-1.dll --anonymousPipes 1000 1768 --benchmarkName "GetBenchmark.BPT_Get_Sequential(N: 100000)" --job Default --benchmarkId 12 in C:\Users\chentingwei\bplus-tree\bplus-tree-benchmark\bin\Release\net10.0\bplus-tree-benchmark-Job-CNUJVU-1\bin\Release\net10.0
// BeforeAnythingElse

// Benchmark Process Environment Information:
// BenchmarkDotNet v0.15.2
// Runtime=.NET 10.0.7 (10.0.726.21808), X64 RyuJIT AVX-512F+CD+BW+DQ+VL+VBMI
// GC=Concurrent Workstation
// HardwareIntrinsics=AVX-512F+CD+BW+DQ+VL+VBMI,AES,BMI1,BMI2,FMA,LZCNT,PCLMUL,POPCNT VectorSize=256
// Job: DefaultJob

OverheadJitting  1: 1 op, 146900.00 ns, 146.9000 us/op
WorkloadJitting  1: 1 op, 7368500.00 ns, 7.3685 ms/op

OverheadJitting  2: 16 op, 301200.00 ns, 18.8250 us/op
WorkloadJitting  2: 16 op, 72878900.00 ns, 4.5549 ms/op

WorkloadPilot    1: 16 op, 74255900.00 ns, 4.6410 ms/op
WorkloadPilot    2: 32 op, 144690200.00 ns, 4.5216 ms/op
WorkloadPilot    3: 64 op, 279386300.00 ns, 4.3654 ms/op
WorkloadPilot    4: 128 op, 597285400.00 ns, 4.6663 ms/op

OverheadWarmup   1: 128 op, 2000.00 ns, 15.6250 ns/op
OverheadWarmup   2: 128 op, 800.00 ns, 6.2500 ns/op
OverheadWarmup   3: 128 op, 600.00 ns, 4.6875 ns/op
OverheadWarmup   4: 128 op, 700.00 ns, 5.4688 ns/op
OverheadWarmup   5: 128 op, 700.00 ns, 5.4688 ns/op
OverheadWarmup   6: 128 op, 800.00 ns, 6.2500 ns/op
OverheadWarmup   7: 128 op, 600.00 ns, 4.6875 ns/op

OverheadActual   1: 128 op, 800.00 ns, 6.2500 ns/op
OverheadActual   2: 128 op, 1200.00 ns, 9.3750 ns/op
OverheadActual   3: 128 op, 700.00 ns, 5.4688 ns/op
OverheadActual   4: 128 op, 700.00 ns, 5.4688 ns/op
OverheadActual   5: 128 op, 700.00 ns, 5.4688 ns/op
OverheadActual   6: 128 op, 1000.00 ns, 7.8125 ns/op
OverheadActual   7: 128 op, 700.00 ns, 5.4688 ns/op
OverheadActual   8: 128 op, 700.00 ns, 5.4688 ns/op
OverheadActual   9: 128 op, 600.00 ns, 4.6875 ns/op
OverheadActual  10: 128 op, 900.00 ns, 7.0313 ns/op
OverheadActual  11: 128 op, 800.00 ns, 6.2500 ns/op
OverheadActual  12: 128 op, 700.00 ns, 5.4688 ns/op
OverheadActual  13: 128 op, 800.00 ns, 6.2500 ns/op
OverheadActual  14: 128 op, 700.00 ns, 5.4688 ns/op
OverheadActual  15: 128 op, 800.00 ns, 6.2500 ns/op
OverheadActual  16: 128 op, 800.00 ns, 6.2500 ns/op
OverheadActual  17: 128 op, 700.00 ns, 5.4688 ns/op
OverheadActual  18: 128 op, 700.00 ns, 5.4688 ns/op
OverheadActual  19: 128 op, 900.00 ns, 7.0313 ns/op
OverheadActual  20: 128 op, 900.00 ns, 7.0313 ns/op

OverheadWarmup   1: 128 op, 900.00 ns, 7.0313 ns/op
OverheadWarmup   2: 128 op, 700.00 ns, 5.4688 ns/op
OverheadWarmup   3: 128 op, 700.00 ns, 5.4688 ns/op
OverheadWarmup   4: 128 op, 900.00 ns, 7.0313 ns/op
OverheadWarmup   5: 128 op, 700.00 ns, 5.4688 ns/op
OverheadWarmup   6: 128 op, 600.00 ns, 4.6875 ns/op
OverheadWarmup   7: 128 op, 800.00 ns, 6.2500 ns/op

// BeforeActualRun
WorkloadActual   1: 128 op, 594342100.00 ns, 4.6433 ms/op
WorkloadActual   2: 128 op, 595943500.00 ns, 4.6558 ms/op
WorkloadActual   3: 128 op, 598817200.00 ns, 4.6783 ms/op
WorkloadActual   4: 128 op, 603717000.00 ns, 4.7165 ms/op
WorkloadActual   5: 128 op, 605838700.00 ns, 4.7331 ms/op
WorkloadActual   6: 128 op, 607184100.00 ns, 4.7436 ms/op
WorkloadActual   7: 128 op, 605935300.00 ns, 4.7339 ms/op
WorkloadActual   8: 128 op, 604436800.00 ns, 4.7222 ms/op
WorkloadActual   9: 128 op, 691284000.00 ns, 5.4007 ms/op
WorkloadActual  10: 128 op, 685606600.00 ns, 5.3563 ms/op
WorkloadActual  11: 128 op, 661148600.00 ns, 5.1652 ms/op
WorkloadActual  12: 128 op, 608206000.00 ns, 4.7516 ms/op
WorkloadActual  13: 128 op, 613603200.00 ns, 4.7938 ms/op
WorkloadActual  14: 128 op, 599778400.00 ns, 4.6858 ms/op
WorkloadActual  15: 128 op, 593759500.00 ns, 4.6387 ms/op

// AfterActualRun
WorkloadResult   1: 128 op, 594341350.00 ns, 4.6433 ms/op
WorkloadResult   2: 128 op, 595942750.00 ns, 4.6558 ms/op
WorkloadResult   3: 128 op, 598816450.00 ns, 4.6783 ms/op
WorkloadResult   4: 128 op, 603716250.00 ns, 4.7165 ms/op
WorkloadResult   5: 128 op, 605837950.00 ns, 4.7331 ms/op
WorkloadResult   6: 128 op, 607183350.00 ns, 4.7436 ms/op
WorkloadResult   7: 128 op, 605934550.00 ns, 4.7339 ms/op
WorkloadResult   8: 128 op, 604436050.00 ns, 4.7222 ms/op
WorkloadResult   9: 128 op, 608205250.00 ns, 4.7516 ms/op
WorkloadResult  10: 128 op, 613602450.00 ns, 4.7938 ms/op
WorkloadResult  11: 128 op, 599777650.00 ns, 4.6858 ms/op
WorkloadResult  12: 128 op, 593758750.00 ns, 4.6387 ms/op
// GC:  0 0 0 0 128
// Threading:  0 0 128

// AfterAll
// Benchmark Process 32972 has exited with code 0.

Mean = 4.708 ms, StdErr = 0.014 ms (0.29%), N = 12, StdDev = 0.048 ms
Min = 4.639 ms, Q1 = 4.673 ms, Median = 4.719 ms, Q3 = 4.736 ms, Max = 4.794 ms
IQR = 0.064 ms, LowerFence = 4.577 ms, UpperFence = 4.832 ms
ConfidenceInterval = [4.647 ms; 4.769 ms] (CI 99.9%), Margin = 0.061 ms (1.30% of Mean)
Skewness = 0.01, Kurtosis = 1.74, MValue = 2

// ** Remained 44 (77.2%) benchmark(s) to run. Estimated finish 2026-05-10 23:10 (0h 16m from now) **
Setup power plan (GUID: 8c5e7fda-e8bf-4a96-9a85-a6e23a8c635c FriendlyName: 高效能)
// **************************
// Benchmark: GetBenchmark.'SD   Get seq': DefaultJob [N=100000]
// *** Execute ***
// Launch: 1 / 1
// Execute: dotnet bplus-tree-benchmark-Job-CNUJVU-1.dll --anonymousPipes 1864 1836 --benchmarkName "GetBenchmark.SD_Get_Sequential(N: 100000)" --job Default --benchmarkId 13 in C:\Users\chentingwei\bplus-tree\bplus-tree-benchmark\bin\Release\net10.0\bplus-tree-benchmark-Job-CNUJVU-1\bin\Release\net10.0
// BeforeAnythingElse

// Benchmark Process Environment Information:
// BenchmarkDotNet v0.15.2
// Runtime=.NET 10.0.7 (10.0.726.21808), X64 RyuJIT AVX-512F+CD+BW+DQ+VL+VBMI
// GC=Concurrent Workstation
// HardwareIntrinsics=AVX-512F+CD+BW+DQ+VL+VBMI,AES,BMI1,BMI2,FMA,LZCNT,PCLMUL,POPCNT VectorSize=256
// Job: DefaultJob

OverheadJitting  1: 1 op, 150400.00 ns, 150.4000 us/op
WorkloadJitting  1: 1 op, 9789200.00 ns, 9.7892 ms/op

OverheadJitting  2: 16 op, 328300.00 ns, 20.5188 us/op
WorkloadJitting  2: 16 op, 103349200.00 ns, 6.4593 ms/op

WorkloadPilot    1: 16 op, 96318600.00 ns, 6.0199 ms/op
WorkloadPilot    2: 32 op, 192503000.00 ns, 6.0157 ms/op
WorkloadPilot    3: 64 op, 367959600.00 ns, 5.7494 ms/op
WorkloadPilot    4: 128 op, 676453300.00 ns, 5.2848 ms/op

OverheadWarmup   1: 128 op, 2400.00 ns, 18.7500 ns/op
OverheadWarmup   2: 128 op, 700.00 ns, 5.4688 ns/op
OverheadWarmup   3: 128 op, 500.00 ns, 3.9063 ns/op
OverheadWarmup   4: 128 op, 600.00 ns, 4.6875 ns/op
OverheadWarmup   5: 128 op, 1800.00 ns, 14.0625 ns/op
OverheadWarmup   6: 128 op, 1100.00 ns, 8.5938 ns/op
OverheadWarmup   7: 128 op, 1200.00 ns, 9.3750 ns/op
OverheadWarmup   8: 128 op, 1200.00 ns, 9.3750 ns/op

OverheadActual   1: 128 op, 1100.00 ns, 8.5938 ns/op
OverheadActual   2: 128 op, 1300.00 ns, 10.1563 ns/op
OverheadActual   3: 128 op, 1100.00 ns, 8.5938 ns/op
OverheadActual   4: 128 op, 16200.00 ns, 126.5625 ns/op
OverheadActual   5: 128 op, 1200.00 ns, 9.3750 ns/op
OverheadActual   6: 128 op, 1400.00 ns, 10.9375 ns/op
OverheadActual   7: 128 op, 2100.00 ns, 16.4063 ns/op
OverheadActual   8: 128 op, 1000.00 ns, 7.8125 ns/op
OverheadActual   9: 128 op, 1000.00 ns, 7.8125 ns/op
OverheadActual  10: 128 op, 1300.00 ns, 10.1563 ns/op
OverheadActual  11: 128 op, 1400.00 ns, 10.9375 ns/op
OverheadActual  12: 128 op, 800.00 ns, 6.2500 ns/op
OverheadActual  13: 128 op, 800.00 ns, 6.2500 ns/op
OverheadActual  14: 128 op, 900.00 ns, 7.0313 ns/op
OverheadActual  15: 128 op, 1000.00 ns, 7.8125 ns/op
OverheadActual  16: 128 op, 800.00 ns, 6.2500 ns/op
OverheadActual  17: 128 op, 1100.00 ns, 8.5938 ns/op
OverheadActual  18: 128 op, 1100.00 ns, 8.5938 ns/op
OverheadActual  19: 128 op, 1000.00 ns, 7.8125 ns/op
OverheadActual  20: 128 op, 700.00 ns, 5.4688 ns/op

OverheadWarmup   1: 128 op, 600.00 ns, 4.6875 ns/op
OverheadWarmup   2: 128 op, 600.00 ns, 4.6875 ns/op
OverheadWarmup   3: 128 op, 800.00 ns, 6.2500 ns/op
OverheadWarmup   4: 128 op, 800.00 ns, 6.2500 ns/op
OverheadWarmup   5: 128 op, 800.00 ns, 6.2500 ns/op
OverheadWarmup   6: 128 op, 800.00 ns, 6.2500 ns/op

// BeforeActualRun
WorkloadActual   1: 128 op, 672003700.00 ns, 5.2500 ms/op
WorkloadActual   2: 128 op, 693542500.00 ns, 5.4183 ms/op
WorkloadActual   3: 128 op, 671951600.00 ns, 5.2496 ms/op
WorkloadActual   4: 128 op, 673295800.00 ns, 5.2601 ms/op
WorkloadActual   5: 128 op, 674837600.00 ns, 5.2722 ms/op
WorkloadActual   6: 128 op, 682183100.00 ns, 5.3296 ms/op
WorkloadActual   7: 128 op, 674940100.00 ns, 5.2730 ms/op
WorkloadActual   8: 128 op, 673243100.00 ns, 5.2597 ms/op
WorkloadActual   9: 128 op, 672284400.00 ns, 5.2522 ms/op
WorkloadActual  10: 128 op, 709497300.00 ns, 5.5429 ms/op
WorkloadActual  11: 128 op, 676507600.00 ns, 5.2852 ms/op
WorkloadActual  12: 128 op, 685912700.00 ns, 5.3587 ms/op
WorkloadActual  13: 128 op, 677602500.00 ns, 5.2938 ms/op
WorkloadActual  14: 128 op, 672236700.00 ns, 5.2518 ms/op
WorkloadActual  15: 128 op, 681105700.00 ns, 5.3211 ms/op

// AfterActualRun
WorkloadResult   1: 128 op, 672002600.00 ns, 5.2500 ms/op
WorkloadResult   2: 128 op, 693541400.00 ns, 5.4183 ms/op
WorkloadResult   3: 128 op, 671950500.00 ns, 5.2496 ms/op
WorkloadResult   4: 128 op, 673294700.00 ns, 5.2601 ms/op
WorkloadResult   5: 128 op, 674836500.00 ns, 5.2722 ms/op
WorkloadResult   6: 128 op, 682182000.00 ns, 5.3295 ms/op
WorkloadResult   7: 128 op, 674939000.00 ns, 5.2730 ms/op
WorkloadResult   8: 128 op, 673242000.00 ns, 5.2597 ms/op
WorkloadResult   9: 128 op, 672283300.00 ns, 5.2522 ms/op
WorkloadResult  10: 128 op, 676506500.00 ns, 5.2852 ms/op
WorkloadResult  11: 128 op, 685911600.00 ns, 5.3587 ms/op
WorkloadResult  12: 128 op, 677601400.00 ns, 5.2938 ms/op
WorkloadResult  13: 128 op, 672235600.00 ns, 5.2518 ms/op
WorkloadResult  14: 128 op, 681104600.00 ns, 5.3211 ms/op
// GC:  0 0 0 0 128
// Threading:  0 0 128

// AfterAll
// Benchmark Process 19976 has exited with code 0.

Mean = 5.291 ms, StdErr = 0.013 ms (0.25%), N = 14, StdDev = 0.050 ms
Min = 5.250 ms, Q1 = 5.254 ms, Median = 5.273 ms, Q3 = 5.314 ms, Max = 5.418 ms
IQR = 0.060 ms, LowerFence = 5.164 ms, UpperFence = 5.405 ms
ConfidenceInterval = [5.235 ms; 5.347 ms] (CI 99.9%), Margin = 0.056 ms (1.06% of Mean)
Skewness = 1.22, Kurtosis = 3.46, MValue = 2

// ** Remained 43 (75.4%) benchmark(s) to run. Estimated finish 2026-05-10 23:09 (0h 15m from now) **
Setup power plan (GUID: 8c5e7fda-e8bf-4a96-9a85-a6e23a8c635c FriendlyName: 高效能)
// **************************
// Benchmark: GetBenchmark.'BPT  Get rand': DefaultJob [N=1000000]
// *** Execute ***
// Launch: 1 / 1
// Execute: dotnet bplus-tree-benchmark-Job-CNUJVU-1.dll --anonymousPipes 1768 1756 --benchmarkName "GetBenchmark.BPT_Get_Random(N: 1000000)" --job Default --benchmarkId 14 in C:\Users\chentingwei\bplus-tree\bplus-tree-benchmark\bin\Release\net10.0\bplus-tree-benchmark-Job-CNUJVU-1\bin\Release\net10.0
// BeforeAnythingElse

// Benchmark Process Environment Information:
// BenchmarkDotNet v0.15.2
// Runtime=.NET 10.0.7 (10.0.726.21808), X64 RyuJIT AVX-512F+CD+BW+DQ+VL+VBMI
// GC=Concurrent Workstation
// HardwareIntrinsics=AVX-512F+CD+BW+DQ+VL+VBMI,AES,BMI1,BMI2,FMA,LZCNT,PCLMUL,POPCNT VectorSize=256
// Job: DefaultJob

OverheadJitting  1: 1 op, 158500.00 ns, 158.5000 us/op
WorkloadJitting  1: 1 op, 132177700.00 ns, 132.1777 ms/op

WorkloadPilot    1: 2 op, 249869100.00 ns, 124.9346 ms/op
WorkloadPilot    2: 3 op, 407291100.00 ns, 135.7637 ms/op
WorkloadPilot    3: 4 op, 505335300.00 ns, 126.3338 ms/op

OverheadWarmup   1: 4 op, 1100.00 ns, 275.0000 ns/op
OverheadWarmup   2: 4 op, 1000.00 ns, 250.0000 ns/op
OverheadWarmup   3: 4 op, 1400.00 ns, 350.0000 ns/op
OverheadWarmup   4: 4 op, 1300.00 ns, 325.0000 ns/op
OverheadWarmup   5: 4 op, 1100.00 ns, 275.0000 ns/op
OverheadWarmup   6: 4 op, 1200.00 ns, 300.0000 ns/op
OverheadWarmup   7: 4 op, 1000.00 ns, 250.0000 ns/op

// BeforeActualRun
WorkloadActual   1: 4 op, 526738700.00 ns, 131.6847 ms/op
WorkloadActual   2: 4 op, 499982500.00 ns, 124.9956 ms/op
WorkloadActual   3: 4 op, 499441200.00 ns, 124.8603 ms/op
WorkloadActual   4: 4 op, 509720400.00 ns, 127.4301 ms/op
WorkloadActual   5: 4 op, 503987500.00 ns, 125.9969 ms/op
WorkloadActual   6: 4 op, 503582700.00 ns, 125.8957 ms/op
WorkloadActual   7: 4 op, 512152700.00 ns, 128.0382 ms/op
WorkloadActual   8: 4 op, 513741600.00 ns, 128.4354 ms/op
WorkloadActual   9: 4 op, 504563900.00 ns, 126.1410 ms/op
WorkloadActual  10: 4 op, 524010600.00 ns, 131.0027 ms/op
WorkloadActual  11: 4 op, 509368800.00 ns, 127.3422 ms/op
WorkloadActual  12: 4 op, 496760100.00 ns, 124.1900 ms/op
WorkloadActual  13: 4 op, 518451100.00 ns, 129.6128 ms/op
WorkloadActual  14: 4 op, 491873200.00 ns, 122.9683 ms/op
WorkloadActual  15: 4 op, 500260400.00 ns, 125.0651 ms/op
WorkloadActual  16: 4 op, 502246100.00 ns, 125.5615 ms/op

// AfterActualRun
WorkloadResult   1: 4 op, 526738700.00 ns, 131.6847 ms/op
WorkloadResult   2: 4 op, 499982500.00 ns, 124.9956 ms/op
WorkloadResult   3: 4 op, 499441200.00 ns, 124.8603 ms/op
WorkloadResult   4: 4 op, 509720400.00 ns, 127.4301 ms/op
WorkloadResult   5: 4 op, 503987500.00 ns, 125.9969 ms/op
WorkloadResult   6: 4 op, 503582700.00 ns, 125.8957 ms/op
WorkloadResult   7: 4 op, 512152700.00 ns, 128.0382 ms/op
WorkloadResult   8: 4 op, 513741600.00 ns, 128.4354 ms/op
WorkloadResult   9: 4 op, 504563900.00 ns, 126.1410 ms/op
WorkloadResult  10: 4 op, 524010600.00 ns, 131.0027 ms/op
WorkloadResult  11: 4 op, 509368800.00 ns, 127.3422 ms/op
WorkloadResult  12: 4 op, 496760100.00 ns, 124.1900 ms/op
WorkloadResult  13: 4 op, 518451100.00 ns, 129.6128 ms/op
WorkloadResult  14: 4 op, 491873200.00 ns, 122.9683 ms/op
WorkloadResult  15: 4 op, 500260400.00 ns, 125.0651 ms/op
WorkloadResult  16: 4 op, 502246100.00 ns, 125.5615 ms/op
// GC:  0 0 0 0 4
// Threading:  0 0 4

// AfterAll
// Benchmark Process 23748 has exited with code 0.

Mean = 126.826 ms, StdErr = 0.610 ms (0.48%), N = 16, StdDev = 2.440 ms
Min = 122.968 ms, Q1 = 125.048 ms, Median = 126.069 ms, Q3 = 128.137 ms, Max = 131.685 ms
IQR = 3.090 ms, LowerFence = 120.413 ms, UpperFence = 132.772 ms
ConfidenceInterval = [124.342 ms; 129.310 ms] (CI 99.9%), Margin = 2.484 ms (1.96% of Mean)
Skewness = 0.5, Kurtosis = 2.19, MValue = 2

// ** Remained 42 (73.7%) benchmark(s) to run. Estimated finish 2026-05-10 23:09 (0h 15m from now) **
Setup power plan (GUID: 8c5e7fda-e8bf-4a96-9a85-a6e23a8c635c FriendlyName: 高效能)
// **************************
// Benchmark: GetBenchmark.'SD   Get rand': DefaultJob [N=1000000]
// *** Execute ***
// Launch: 1 / 1
// Execute: dotnet bplus-tree-benchmark-Job-CNUJVU-1.dll --anonymousPipes 1768 1756 --benchmarkName "GetBenchmark.SD_Get_Random(N: 1000000)" --job Default --benchmarkId 15 in C:\Users\chentingwei\bplus-tree\bplus-tree-benchmark\bin\Release\net10.0\bplus-tree-benchmark-Job-CNUJVU-1\bin\Release\net10.0
// BeforeAnythingElse

// Benchmark Process Environment Information:
// BenchmarkDotNet v0.15.2
// Runtime=.NET 10.0.7 (10.0.726.21808), X64 RyuJIT AVX-512F+CD+BW+DQ+VL+VBMI
// GC=Concurrent Workstation
// HardwareIntrinsics=AVX-512F+CD+BW+DQ+VL+VBMI,AES,BMI1,BMI2,FMA,LZCNT,PCLMUL,POPCNT VectorSize=256
// Job: DefaultJob

OverheadJitting  1: 1 op, 156900.00 ns, 156.9000 us/op
WorkloadJitting  1: 1 op, 350486700.00 ns, 350.4867 ms/op

OverheadJitting  2: 1 op, 1100.00 ns, 1.1000 us/op
WorkloadJitting  2: 1 op, 333174500.00 ns, 333.1745 ms/op

WorkloadPilot    1: 2 op, 672148400.00 ns, 336.0742 ms/op

OverheadWarmup   1: 2 op, 1100.00 ns, 550.0000 ns/op
OverheadWarmup   2: 2 op, 1100.00 ns, 550.0000 ns/op
OverheadWarmup   3: 2 op, 1100.00 ns, 550.0000 ns/op
OverheadWarmup   4: 2 op, 1000.00 ns, 500.0000 ns/op
OverheadWarmup   5: 2 op, 900.00 ns, 450.0000 ns/op
OverheadWarmup   6: 2 op, 1000.00 ns, 500.0000 ns/op

// BeforeActualRun
WorkloadActual   1: 2 op, 705342500.00 ns, 352.6713 ms/op
WorkloadActual   2: 2 op, 707044100.00 ns, 353.5221 ms/op
WorkloadActual   3: 2 op, 693185100.00 ns, 346.5926 ms/op
WorkloadActual   4: 2 op, 717741900.00 ns, 358.8710 ms/op
WorkloadActual   5: 2 op, 674096700.00 ns, 337.0484 ms/op
WorkloadActual   6: 2 op, 674765200.00 ns, 337.3826 ms/op
WorkloadActual   7: 2 op, 675084000.00 ns, 337.5420 ms/op
WorkloadActual   8: 2 op, 678780400.00 ns, 339.3902 ms/op
WorkloadActual   9: 2 op, 900183800.00 ns, 450.0919 ms/op
WorkloadActual  10: 2 op, 709503600.00 ns, 354.7518 ms/op
WorkloadActual  11: 2 op, 1146184000.00 ns, 573.0920 ms/op
WorkloadActual  12: 2 op, 1196757300.00 ns, 598.3787 ms/op
WorkloadActual  13: 2 op, 894068600.00 ns, 447.0343 ms/op
WorkloadActual  14: 2 op, 1132749000.00 ns, 566.3745 ms/op
WorkloadActual  15: 2 op, 846735700.00 ns, 423.3679 ms/op
WorkloadActual  16: 2 op, 818495100.00 ns, 409.2476 ms/op
WorkloadActual  17: 2 op, 1305854600.00 ns, 652.9273 ms/op
WorkloadActual  18: 2 op, 1020176200.00 ns, 510.0881 ms/op
WorkloadActual  19: 2 op, 1277183500.00 ns, 638.5918 ms/op
WorkloadActual  20: 2 op, 1444123000.00 ns, 722.0615 ms/op
WorkloadActual  21: 2 op, 1448123500.00 ns, 724.0618 ms/op
WorkloadActual  22: 2 op, 1371182500.00 ns, 685.5913 ms/op
WorkloadActual  23: 2 op, 1323636700.00 ns, 661.8184 ms/op
WorkloadActual  24: 2 op, 1277579200.00 ns, 638.7896 ms/op
WorkloadActual  25: 2 op, 1106083900.00 ns, 553.0420 ms/op
WorkloadActual  26: 2 op, 1279367000.00 ns, 639.6835 ms/op
WorkloadActual  27: 2 op, 1343294700.00 ns, 671.6474 ms/op
WorkloadActual  28: 2 op, 1190932300.00 ns, 595.4662 ms/op
WorkloadActual  29: 2 op, 928179200.00 ns, 464.0896 ms/op
WorkloadActual  30: 2 op, 1443788500.00 ns, 721.8943 ms/op
WorkloadActual  31: 2 op, 1381213200.00 ns, 690.6066 ms/op
WorkloadActual  32: 2 op, 1353435400.00 ns, 676.7177 ms/op
WorkloadActual  33: 2 op, 784224400.00 ns, 392.1122 ms/op
WorkloadActual  34: 2 op, 820497100.00 ns, 410.2486 ms/op
WorkloadActual  35: 2 op, 1208187100.00 ns, 604.0936 ms/op
WorkloadActual  36: 2 op, 1203726800.00 ns, 601.8634 ms/op
WorkloadActual  37: 2 op, 1314007700.00 ns, 657.0039 ms/op
WorkloadActual  38: 2 op, 1009500400.00 ns, 504.7502 ms/op
WorkloadActual  39: 2 op, 1073181500.00 ns, 536.5908 ms/op
WorkloadActual  40: 2 op, 1231254500.00 ns, 615.6273 ms/op
WorkloadActual  41: 2 op, 1110643000.00 ns, 555.3215 ms/op
WorkloadActual  42: 2 op, 1064641000.00 ns, 532.3205 ms/op
WorkloadActual  43: 2 op, 980222800.00 ns, 490.1114 ms/op
WorkloadActual  44: 2 op, 1190776400.00 ns, 595.3882 ms/op
WorkloadActual  45: 2 op, 1195594100.00 ns, 597.7971 ms/op
WorkloadActual  46: 2 op, 1088551100.00 ns, 544.2756 ms/op
WorkloadActual  47: 2 op, 1276699500.00 ns, 638.3498 ms/op
WorkloadActual  48: 2 op, 1120545300.00 ns, 560.2727 ms/op
WorkloadActual  49: 2 op, 1094806800.00 ns, 547.4034 ms/op
WorkloadActual  50: 2 op, 1194640600.00 ns, 597.3203 ms/op
WorkloadActual  51: 2 op, 1040691800.00 ns, 520.3459 ms/op
WorkloadActual  52: 2 op, 988007100.00 ns, 494.0036 ms/op
WorkloadActual  53: 2 op, 1249761300.00 ns, 624.8807 ms/op
WorkloadActual  54: 2 op, 1330536000.00 ns, 665.2680 ms/op
WorkloadActual  55: 2 op, 1326183300.00 ns, 663.0917 ms/op
WorkloadActual  56: 2 op, 1351128200.00 ns, 675.5641 ms/op
WorkloadActual  57: 2 op, 1013976600.00 ns, 506.9883 ms/op
WorkloadActual  58: 2 op, 1089076800.00 ns, 544.5384 ms/op
WorkloadActual  59: 2 op, 868251800.00 ns, 434.1259 ms/op
WorkloadActual  60: 2 op, 1501827800.00 ns, 750.9139 ms/op
WorkloadActual  61: 2 op, 1479982000.00 ns, 739.9910 ms/op
WorkloadActual  62: 2 op, 1292483100.00 ns, 646.2416 ms/op
WorkloadActual  63: 2 op, 1350718800.00 ns, 675.3594 ms/op
WorkloadActual  64: 2 op, 1344720400.00 ns, 672.3602 ms/op
WorkloadActual  65: 2 op, 1307857100.00 ns, 653.9286 ms/op
WorkloadActual  66: 2 op, 1106047500.00 ns, 553.0238 ms/op
WorkloadActual  67: 2 op, 854285200.00 ns, 427.1426 ms/op
WorkloadActual  68: 2 op, 1284184800.00 ns, 642.0924 ms/op
WorkloadActual  69: 2 op, 1395977200.00 ns, 697.9886 ms/op
WorkloadActual  70: 2 op, 1453117200.00 ns, 726.5586 ms/op
WorkloadActual  71: 2 op, 1278824400.00 ns, 639.4122 ms/op
WorkloadActual  72: 2 op, 1291011000.00 ns, 645.5055 ms/op
WorkloadActual  73: 2 op, 1332279700.00 ns, 666.1399 ms/op
WorkloadActual  74: 2 op, 1374596800.00 ns, 687.2984 ms/op
WorkloadActual  75: 2 op, 1322294100.00 ns, 661.1471 ms/op
WorkloadActual  76: 2 op, 1480781200.00 ns, 740.3906 ms/op
WorkloadActual  77: 2 op, 1394559200.00 ns, 697.2796 ms/op
WorkloadActual  78: 2 op, 1438485700.00 ns, 719.2429 ms/op
WorkloadActual  79: 2 op, 1351311400.00 ns, 675.6557 ms/op
WorkloadActual  80: 2 op, 1306973500.00 ns, 653.4868 ms/op
WorkloadActual  81: 2 op, 1352634800.00 ns, 676.3174 ms/op
WorkloadActual  82: 2 op, 873466700.00 ns, 436.7334 ms/op
WorkloadActual  83: 2 op, 867272500.00 ns, 433.6363 ms/op
WorkloadActual  84: 2 op, 885691000.00 ns, 442.8455 ms/op
WorkloadActual  85: 2 op, 752167300.00 ns, 376.0837 ms/op
WorkloadActual  86: 2 op, 811440100.00 ns, 405.7201 ms/op
WorkloadActual  87: 2 op, 727058400.00 ns, 363.5292 ms/op
WorkloadActual  88: 2 op, 733881400.00 ns, 366.9407 ms/op
WorkloadActual  89: 2 op, 680944400.00 ns, 340.4722 ms/op
WorkloadActual  90: 2 op, 737353600.00 ns, 368.6768 ms/op
WorkloadActual  91: 2 op, 751777800.00 ns, 375.8889 ms/op
WorkloadActual  92: 2 op, 715859700.00 ns, 357.9299 ms/op
WorkloadActual  93: 2 op, 895519900.00 ns, 447.7600 ms/op
WorkloadActual  94: 2 op, 683511500.00 ns, 341.7558 ms/op
WorkloadActual  95: 2 op, 688235000.00 ns, 344.1175 ms/op
WorkloadActual  96: 2 op, 806551400.00 ns, 403.2757 ms/op
WorkloadActual  97: 2 op, 812144800.00 ns, 406.0724 ms/op
WorkloadActual  98: 2 op, 697564300.00 ns, 348.7822 ms/op
WorkloadActual  99: 2 op, 717212000.00 ns, 358.6060 ms/op
WorkloadActual  100: 2 op, 700837700.00 ns, 350.4189 ms/op

// AfterActualRun
WorkloadResult   1: 2 op, 705342500.00 ns, 352.6713 ms/op
WorkloadResult   2: 2 op, 707044100.00 ns, 353.5221 ms/op
WorkloadResult   3: 2 op, 693185100.00 ns, 346.5926 ms/op
WorkloadResult   4: 2 op, 717741900.00 ns, 358.8710 ms/op
WorkloadResult   5: 2 op, 674096700.00 ns, 337.0484 ms/op
WorkloadResult   6: 2 op, 674765200.00 ns, 337.3826 ms/op
WorkloadResult   7: 2 op, 675084000.00 ns, 337.5420 ms/op
WorkloadResult   8: 2 op, 678780400.00 ns, 339.3902 ms/op
WorkloadResult   9: 2 op, 900183800.00 ns, 450.0919 ms/op
WorkloadResult  10: 2 op, 709503600.00 ns, 354.7518 ms/op
WorkloadResult  11: 2 op, 1146184000.00 ns, 573.0920 ms/op
WorkloadResult  12: 2 op, 1196757300.00 ns, 598.3787 ms/op
WorkloadResult  13: 2 op, 894068600.00 ns, 447.0343 ms/op
WorkloadResult  14: 2 op, 1132749000.00 ns, 566.3745 ms/op
WorkloadResult  15: 2 op, 846735700.00 ns, 423.3679 ms/op
WorkloadResult  16: 2 op, 818495100.00 ns, 409.2476 ms/op
WorkloadResult  17: 2 op, 1305854600.00 ns, 652.9273 ms/op
WorkloadResult  18: 2 op, 1020176200.00 ns, 510.0881 ms/op
WorkloadResult  19: 2 op, 1277183500.00 ns, 638.5918 ms/op
WorkloadResult  20: 2 op, 1444123000.00 ns, 722.0615 ms/op
WorkloadResult  21: 2 op, 1448123500.00 ns, 724.0618 ms/op
WorkloadResult  22: 2 op, 1371182500.00 ns, 685.5913 ms/op
WorkloadResult  23: 2 op, 1323636700.00 ns, 661.8184 ms/op
WorkloadResult  24: 2 op, 1277579200.00 ns, 638.7896 ms/op
WorkloadResult  25: 2 op, 1106083900.00 ns, 553.0420 ms/op
WorkloadResult  26: 2 op, 1279367000.00 ns, 639.6835 ms/op
WorkloadResult  27: 2 op, 1343294700.00 ns, 671.6474 ms/op
WorkloadResult  28: 2 op, 1190932300.00 ns, 595.4662 ms/op
WorkloadResult  29: 2 op, 928179200.00 ns, 464.0896 ms/op
WorkloadResult  30: 2 op, 1443788500.00 ns, 721.8943 ms/op
WorkloadResult  31: 2 op, 1381213200.00 ns, 690.6066 ms/op
WorkloadResult  32: 2 op, 1353435400.00 ns, 676.7177 ms/op
WorkloadResult  33: 2 op, 784224400.00 ns, 392.1122 ms/op
WorkloadResult  34: 2 op, 820497100.00 ns, 410.2486 ms/op
WorkloadResult  35: 2 op, 1208187100.00 ns, 604.0936 ms/op
WorkloadResult  36: 2 op, 1203726800.00 ns, 601.8634 ms/op
WorkloadResult  37: 2 op, 1314007700.00 ns, 657.0039 ms/op
WorkloadResult  38: 2 op, 1009500400.00 ns, 504.7502 ms/op
WorkloadResult  39: 2 op, 1073181500.00 ns, 536.5908 ms/op
WorkloadResult  40: 2 op, 1231254500.00 ns, 615.6273 ms/op
WorkloadResult  41: 2 op, 1110643000.00 ns, 555.3215 ms/op
WorkloadResult  42: 2 op, 1064641000.00 ns, 532.3205 ms/op
WorkloadResult  43: 2 op, 980222800.00 ns, 490.1114 ms/op
WorkloadResult  44: 2 op, 1190776400.00 ns, 595.3882 ms/op
WorkloadResult  45: 2 op, 1195594100.00 ns, 597.7971 ms/op
WorkloadResult  46: 2 op, 1088551100.00 ns, 544.2756 ms/op
WorkloadResult  47: 2 op, 1276699500.00 ns, 638.3498 ms/op
WorkloadResult  48: 2 op, 1120545300.00 ns, 560.2727 ms/op
WorkloadResult  49: 2 op, 1094806800.00 ns, 547.4034 ms/op
WorkloadResult  50: 2 op, 1194640600.00 ns, 597.3203 ms/op
WorkloadResult  51: 2 op, 1040691800.00 ns, 520.3459 ms/op
WorkloadResult  52: 2 op, 988007100.00 ns, 494.0036 ms/op
WorkloadResult  53: 2 op, 1249761300.00 ns, 624.8807 ms/op
WorkloadResult  54: 2 op, 1330536000.00 ns, 665.2680 ms/op
WorkloadResult  55: 2 op, 1326183300.00 ns, 663.0917 ms/op
WorkloadResult  56: 2 op, 1351128200.00 ns, 675.5641 ms/op
WorkloadResult  57: 2 op, 1013976600.00 ns, 506.9883 ms/op
WorkloadResult  58: 2 op, 1089076800.00 ns, 544.5384 ms/op
WorkloadResult  59: 2 op, 868251800.00 ns, 434.1259 ms/op
WorkloadResult  60: 2 op, 1501827800.00 ns, 750.9139 ms/op
WorkloadResult  61: 2 op, 1479982000.00 ns, 739.9910 ms/op
WorkloadResult  62: 2 op, 1292483100.00 ns, 646.2416 ms/op
WorkloadResult  63: 2 op, 1350718800.00 ns, 675.3594 ms/op
WorkloadResult  64: 2 op, 1344720400.00 ns, 672.3602 ms/op
WorkloadResult  65: 2 op, 1307857100.00 ns, 653.9286 ms/op
WorkloadResult  66: 2 op, 1106047500.00 ns, 553.0238 ms/op
WorkloadResult  67: 2 op, 854285200.00 ns, 427.1426 ms/op
WorkloadResult  68: 2 op, 1284184800.00 ns, 642.0924 ms/op
WorkloadResult  69: 2 op, 1395977200.00 ns, 697.9886 ms/op
WorkloadResult  70: 2 op, 1453117200.00 ns, 726.5586 ms/op
WorkloadResult  71: 2 op, 1278824400.00 ns, 639.4122 ms/op
WorkloadResult  72: 2 op, 1291011000.00 ns, 645.5055 ms/op
WorkloadResult  73: 2 op, 1332279700.00 ns, 666.1399 ms/op
WorkloadResult  74: 2 op, 1374596800.00 ns, 687.2984 ms/op
WorkloadResult  75: 2 op, 1322294100.00 ns, 661.1471 ms/op
WorkloadResult  76: 2 op, 1480781200.00 ns, 740.3906 ms/op
WorkloadResult  77: 2 op, 1394559200.00 ns, 697.2796 ms/op
WorkloadResult  78: 2 op, 1438485700.00 ns, 719.2429 ms/op
WorkloadResult  79: 2 op, 1351311400.00 ns, 675.6557 ms/op
WorkloadResult  80: 2 op, 1306973500.00 ns, 653.4868 ms/op
WorkloadResult  81: 2 op, 1352634800.00 ns, 676.3174 ms/op
WorkloadResult  82: 2 op, 873466700.00 ns, 436.7334 ms/op
WorkloadResult  83: 2 op, 867272500.00 ns, 433.6363 ms/op
WorkloadResult  84: 2 op, 885691000.00 ns, 442.8455 ms/op
WorkloadResult  85: 2 op, 752167300.00 ns, 376.0837 ms/op
WorkloadResult  86: 2 op, 811440100.00 ns, 405.7201 ms/op
WorkloadResult  87: 2 op, 727058400.00 ns, 363.5292 ms/op
WorkloadResult  88: 2 op, 733881400.00 ns, 366.9407 ms/op
WorkloadResult  89: 2 op, 680944400.00 ns, 340.4722 ms/op
WorkloadResult  90: 2 op, 737353600.00 ns, 368.6768 ms/op
WorkloadResult  91: 2 op, 751777800.00 ns, 375.8889 ms/op
WorkloadResult  92: 2 op, 715859700.00 ns, 357.9299 ms/op
WorkloadResult  93: 2 op, 895519900.00 ns, 447.7600 ms/op
WorkloadResult  94: 2 op, 683511500.00 ns, 341.7558 ms/op
WorkloadResult  95: 2 op, 688235000.00 ns, 344.1175 ms/op
WorkloadResult  96: 2 op, 806551400.00 ns, 403.2757 ms/op
WorkloadResult  97: 2 op, 812144800.00 ns, 406.0724 ms/op
WorkloadResult  98: 2 op, 697564300.00 ns, 348.7822 ms/op
WorkloadResult  99: 2 op, 717212000.00 ns, 358.6060 ms/op
WorkloadResult  100: 2 op, 700837700.00 ns, 350.4189 ms/op
// GC:  0 0 0 0 2
// Threading:  0 0 2

// AfterAll
// Benchmark Process 25984 has exited with code 0.

Mean = 538.588 ms, StdErr = 13.262 ms (2.46%), N = 100, StdDev = 132.617 ms
Min = 337.048 ms, Q1 = 408.454 ms, Median = 554.182 ms, Q3 = 658.040 ms, Max = 750.914 ms
IQR = 249.586 ms, LowerFence = 34.075 ms, UpperFence = 1,032.418 ms
ConfidenceInterval = [493.611 ms; 583.566 ms] (CI 99.9%), Margin = 44.978 ms (8.35% of Mean)
Skewness = -0.17, Kurtosis = 1.55, MValue = 3.48

// ** Remained 41 (71.9%) benchmark(s) to run. Estimated finish 2026-05-10 23:15 (0h 19m from now) **
Setup power plan (GUID: 8c5e7fda-e8bf-4a96-9a85-a6e23a8c635c FriendlyName: 高效能)
// **************************
// Benchmark: GetBenchmark.'BPT  Get seq': DefaultJob [N=1000000]
// *** Execute ***
// Launch: 1 / 1
// Execute: dotnet bplus-tree-benchmark-Job-CNUJVU-1.dll --anonymousPipes 1948 1944 --benchmarkName "GetBenchmark.BPT_Get_Sequential(N: 1000000)" --job Default --benchmarkId 16 in C:\Users\chentingwei\bplus-tree\bplus-tree-benchmark\bin\Release\net10.0\bplus-tree-benchmark-Job-CNUJVU-1\bin\Release\net10.0
// BeforeAnythingElse

// Benchmark Process Environment Information:
// BenchmarkDotNet v0.15.2
// Runtime=.NET 10.0.7 (10.0.726.21808), X64 RyuJIT AVX-512F+CD+BW+DQ+VL+VBMI
// GC=Concurrent Workstation
// HardwareIntrinsics=AVX-512F+CD+BW+DQ+VL+VBMI,AES,BMI1,BMI2,FMA,LZCNT,PCLMUL,POPCNT VectorSize=256
// Job: DefaultJob

OverheadJitting  1: 1 op, 166400.00 ns, 166.4000 us/op
WorkloadJitting  1: 1 op, 59845400.00 ns, 59.8454 ms/op

WorkloadPilot    1: 2 op, 115535800.00 ns, 57.7679 ms/op
WorkloadPilot    2: 3 op, 175969600.00 ns, 58.6565 ms/op
WorkloadPilot    3: 4 op, 228016500.00 ns, 57.0041 ms/op
WorkloadPilot    4: 5 op, 285339300.00 ns, 57.0679 ms/op
WorkloadPilot    5: 6 op, 346919600.00 ns, 57.8199 ms/op
WorkloadPilot    6: 7 op, 404767100.00 ns, 57.8239 ms/op
WorkloadPilot    7: 8 op, 447428400.00 ns, 55.9286 ms/op
WorkloadPilot    8: 9 op, 489210100.00 ns, 54.3567 ms/op
WorkloadPilot    9: 10 op, 553804900.00 ns, 55.3805 ms/op

OverheadWarmup   1: 10 op, 1300.00 ns, 130.0000 ns/op
OverheadWarmup   2: 10 op, 1400.00 ns, 140.0000 ns/op
OverheadWarmup   3: 10 op, 3600.00 ns, 360.0000 ns/op
OverheadWarmup   4: 10 op, 1200.00 ns, 120.0000 ns/op
OverheadWarmup   5: 10 op, 800.00 ns, 80.0000 ns/op
OverheadWarmup   6: 10 op, 600.00 ns, 60.0000 ns/op
OverheadWarmup   7: 10 op, 600.00 ns, 60.0000 ns/op
OverheadWarmup   8: 10 op, 700.00 ns, 70.0000 ns/op

// BeforeActualRun
WorkloadActual   1: 10 op, 549452300.00 ns, 54.9452 ms/op
WorkloadActual   2: 10 op, 552073100.00 ns, 55.2073 ms/op
WorkloadActual   3: 10 op, 542963800.00 ns, 54.2964 ms/op
WorkloadActual   4: 10 op, 546332000.00 ns, 54.6332 ms/op
WorkloadActual   5: 10 op, 535963800.00 ns, 53.5964 ms/op
WorkloadActual   6: 10 op, 539534300.00 ns, 53.9534 ms/op
WorkloadActual   7: 10 op, 541944100.00 ns, 54.1944 ms/op
WorkloadActual   8: 10 op, 538781800.00 ns, 53.8782 ms/op
WorkloadActual   9: 10 op, 557562400.00 ns, 55.7562 ms/op
WorkloadActual  10: 10 op, 538375700.00 ns, 53.8376 ms/op
WorkloadActual  11: 10 op, 558250800.00 ns, 55.8251 ms/op
WorkloadActual  12: 10 op, 545864300.00 ns, 54.5864 ms/op
WorkloadActual  13: 10 op, 539013200.00 ns, 53.9013 ms/op
WorkloadActual  14: 10 op, 557402100.00 ns, 55.7402 ms/op
WorkloadActual  15: 10 op, 538735000.00 ns, 53.8735 ms/op

// AfterActualRun
WorkloadResult   1: 10 op, 549452300.00 ns, 54.9452 ms/op
WorkloadResult   2: 10 op, 552073100.00 ns, 55.2073 ms/op
WorkloadResult   3: 10 op, 542963800.00 ns, 54.2964 ms/op
WorkloadResult   4: 10 op, 546332000.00 ns, 54.6332 ms/op
WorkloadResult   5: 10 op, 535963800.00 ns, 53.5964 ms/op
WorkloadResult   6: 10 op, 539534300.00 ns, 53.9534 ms/op
WorkloadResult   7: 10 op, 541944100.00 ns, 54.1944 ms/op
WorkloadResult   8: 10 op, 538781800.00 ns, 53.8782 ms/op
WorkloadResult   9: 10 op, 557562400.00 ns, 55.7562 ms/op
WorkloadResult  10: 10 op, 538375700.00 ns, 53.8376 ms/op
WorkloadResult  11: 10 op, 558250800.00 ns, 55.8251 ms/op
WorkloadResult  12: 10 op, 545864300.00 ns, 54.5864 ms/op
WorkloadResult  13: 10 op, 539013200.00 ns, 53.9013 ms/op
WorkloadResult  14: 10 op, 557402100.00 ns, 55.7402 ms/op
WorkloadResult  15: 10 op, 538735000.00 ns, 53.8735 ms/op
// GC:  0 0 0 0 10
// Threading:  0 0 10

// AfterAll
// Benchmark Process 20716 has exited with code 0.

Mean = 54.548 ms, StdErr = 0.200 ms (0.37%), N = 15, StdDev = 0.774 ms
Min = 53.596 ms, Q1 = 53.890 ms, Median = 54.296 ms, Q3 = 55.076 ms, Max = 55.825 ms
IQR = 1.187 ms, LowerFence = 52.110 ms, UpperFence = 56.856 ms
ConfidenceInterval = [53.721 ms; 55.376 ms] (CI 99.9%), Margin = 0.827 ms (1.52% of Mean)
Skewness = 0.51, Kurtosis = 1.64, MValue = 2

// ** Remained 40 (70.2%) benchmark(s) to run. Estimated finish 2026-05-10 23:15 (0h 18m from now) **
Setup power plan (GUID: 8c5e7fda-e8bf-4a96-9a85-a6e23a8c635c FriendlyName: 高效能)
// **************************
// Benchmark: GetBenchmark.'SD   Get seq': DefaultJob [N=1000000]
// *** Execute ***
// Launch: 1 / 1
// Execute: dotnet bplus-tree-benchmark-Job-CNUJVU-1.dll --anonymousPipes 1896 1880 --benchmarkName "GetBenchmark.SD_Get_Sequential(N: 1000000)" --job Default --benchmarkId 17 in C:\Users\chentingwei\bplus-tree\bplus-tree-benchmark\bin\Release\net10.0\bplus-tree-benchmark-Job-CNUJVU-1\bin\Release\net10.0
// BeforeAnythingElse

// Benchmark Process Environment Information:
// BenchmarkDotNet v0.15.2
// Runtime=.NET 10.0.7 (10.0.726.21808), X64 RyuJIT AVX-512F+CD+BW+DQ+VL+VBMI
// GC=Concurrent Workstation
// HardwareIntrinsics=AVX-512F+CD+BW+DQ+VL+VBMI,AES,BMI1,BMI2,FMA,LZCNT,PCLMUL,POPCNT VectorSize=256
// Job: DefaultJob

OverheadJitting  1: 1 op, 164800.00 ns, 164.8000 us/op
WorkloadJitting  1: 1 op, 146709800.00 ns, 146.7098 ms/op

WorkloadPilot    1: 2 op, 294575900.00 ns, 147.2880 ms/op
WorkloadPilot    2: 3 op, 430078400.00 ns, 143.3595 ms/op
WorkloadPilot    3: 4 op, 572853000.00 ns, 143.2133 ms/op

OverheadWarmup   1: 4 op, 1100.00 ns, 275.0000 ns/op
OverheadWarmup   2: 4 op, 1400.00 ns, 350.0000 ns/op
OverheadWarmup   3: 4 op, 1100.00 ns, 275.0000 ns/op
OverheadWarmup   4: 4 op, 1300.00 ns, 325.0000 ns/op
OverheadWarmup   5: 4 op, 1100.00 ns, 275.0000 ns/op
OverheadWarmup   6: 4 op, 1100.00 ns, 275.0000 ns/op

// BeforeActualRun
WorkloadActual   1: 4 op, 559022500.00 ns, 139.7556 ms/op
WorkloadActual   2: 4 op, 616467900.00 ns, 154.1170 ms/op
WorkloadActual   3: 4 op, 582440700.00 ns, 145.6102 ms/op
WorkloadActual   4: 4 op, 560162100.00 ns, 140.0405 ms/op
WorkloadActual   5: 4 op, 607806800.00 ns, 151.9517 ms/op
WorkloadActual   6: 4 op, 582706400.00 ns, 145.6766 ms/op
WorkloadActual   7: 4 op, 581385000.00 ns, 145.3463 ms/op
WorkloadActual   8: 4 op, 577879500.00 ns, 144.4699 ms/op
WorkloadActual   9: 4 op, 580638000.00 ns, 145.1595 ms/op
WorkloadActual  10: 4 op, 588425000.00 ns, 147.1063 ms/op
WorkloadActual  11: 4 op, 596814500.00 ns, 149.2036 ms/op
WorkloadActual  12: 4 op, 578988300.00 ns, 144.7471 ms/op
WorkloadActual  13: 4 op, 589185700.00 ns, 147.2964 ms/op
WorkloadActual  14: 4 op, 567188800.00 ns, 141.7972 ms/op
WorkloadActual  15: 4 op, 560882100.00 ns, 140.2205 ms/op
WorkloadActual  16: 4 op, 558915600.00 ns, 139.7289 ms/op
WorkloadActual  17: 4 op, 579283800.00 ns, 144.8210 ms/op
WorkloadActual  18: 4 op, 578445000.00 ns, 144.6113 ms/op
WorkloadActual  19: 4 op, 584685400.00 ns, 146.1714 ms/op
WorkloadActual  20: 4 op, 574880400.00 ns, 143.7201 ms/op
WorkloadActual  21: 4 op, 559032100.00 ns, 139.7580 ms/op
WorkloadActual  22: 4 op, 573714100.00 ns, 143.4285 ms/op

// AfterActualRun
WorkloadResult   1: 4 op, 559022500.00 ns, 139.7556 ms/op
WorkloadResult   2: 4 op, 582440700.00 ns, 145.6102 ms/op
WorkloadResult   3: 4 op, 560162100.00 ns, 140.0405 ms/op
WorkloadResult   4: 4 op, 582706400.00 ns, 145.6766 ms/op
WorkloadResult   5: 4 op, 581385000.00 ns, 145.3463 ms/op
WorkloadResult   6: 4 op, 577879500.00 ns, 144.4699 ms/op
WorkloadResult   7: 4 op, 580638000.00 ns, 145.1595 ms/op
WorkloadResult   8: 4 op, 588425000.00 ns, 147.1063 ms/op
WorkloadResult   9: 4 op, 596814500.00 ns, 149.2036 ms/op
WorkloadResult  10: 4 op, 578988300.00 ns, 144.7471 ms/op
WorkloadResult  11: 4 op, 589185700.00 ns, 147.2964 ms/op
WorkloadResult  12: 4 op, 567188800.00 ns, 141.7972 ms/op
WorkloadResult  13: 4 op, 560882100.00 ns, 140.2205 ms/op
WorkloadResult  14: 4 op, 558915600.00 ns, 139.7289 ms/op
WorkloadResult  15: 4 op, 579283800.00 ns, 144.8210 ms/op
WorkloadResult  16: 4 op, 578445000.00 ns, 144.6113 ms/op
WorkloadResult  17: 4 op, 584685400.00 ns, 146.1714 ms/op
WorkloadResult  18: 4 op, 574880400.00 ns, 143.7201 ms/op
WorkloadResult  19: 4 op, 559032100.00 ns, 139.7580 ms/op
WorkloadResult  20: 4 op, 573714100.00 ns, 143.4285 ms/op
// GC:  0 0 0 0 4
// Threading:  0 0 4

// AfterAll
// Benchmark Process 24928 has exited with code 0.

Mean = 143.933 ms, StdErr = 0.633 ms (0.44%), N = 20, StdDev = 2.829 ms
Min = 139.729 ms, Q1 = 141.403 ms, Median = 144.679 ms, Q3 = 145.627 ms, Max = 149.204 ms
IQR = 4.224 ms, LowerFence = 135.067 ms, UpperFence = 151.962 ms
ConfidenceInterval = [141.477 ms; 146.390 ms] (CI 99.9%), Margin = 2.457 ms (1.71% of Mean)
Skewness = -0.21, Kurtosis = 1.88, MValue = 2

// ** Remained 39 (68.4%) benchmark(s) to run. Estimated finish 2026-05-10 23:14 (0h 17m from now) **
Successfully reverted power plan (GUID: 381b4222-f694-41f0-9685-ff5bb260df2e FriendlyName: 平衡)
// ***** BenchmarkRunner: Finish  *****

// * Export *
  BenchmarkDotNet.Artifacts\results\GetBenchmark-report.csv
  BenchmarkDotNet.Artifacts\results\GetBenchmark-report-github.md
  BenchmarkDotNet.Artifacts\results\GetBenchmark-report.html

// * Detailed results *
GetBenchmark.'BPT  Get rand': DefaultJob [N=10000]
Runtime = .NET 10.0.7 (10.0.726.21808), X64 RyuJIT AVX-512F+CD+BW+DQ+VL+VBMI; GC = Concurrent Workstation
Mean = 488.592 μs, StdErr = 2.269 μs (0.46%), N = 16, StdDev = 9.076 μs
Min = 477.206 μs, Q1 = 481.610 μs, Median = 486.816 μs, Q3 = 494.469 μs, Max = 505.970 μs
IQR = 12.860 μs, LowerFence = 462.321 μs, UpperFence = 513.759 μs
ConfidenceInterval = [479.352 μs; 497.833 μs] (CI 99.9%), Margin = 9.241 μs (1.89% of Mean)
Skewness = 0.44, Kurtosis = 1.85, MValue = 2
-------------------- Histogram --------------------
[476.651 μs ; 496.567 μs) | @@@@@@@@@@@@@
[496.567 μs ; 507.293 μs) | @@@
---------------------------------------------------

GetBenchmark.'SD   Get rand': DefaultJob [N=10000]
Runtime = .NET 10.0.7 (10.0.726.21808), X64 RyuJIT AVX-512F+CD+BW+DQ+VL+VBMI; GC = Concurrent Workstation
Mean = 720.660 μs, StdErr = 3.784 μs (0.53%), N = 24, StdDev = 18.536 μs
Min = 691.444 μs, Q1 = 703.590 μs, Median = 720.018 μs, Q3 = 732.320 μs, Max = 762.710 μs
IQR = 28.731 μs, LowerFence = 660.494 μs, UpperFence = 775.416 μs
ConfidenceInterval = [706.405 μs; 734.915 μs] (CI 99.9%), Margin = 14.255 μs (1.98% of Mean)
Skewness = 0.39, Kurtosis = 2.3, MValue = 2
-------------------- Histogram --------------------
[683.010 μs ; 698.992 μs) | @@
[698.992 μs ; 715.860 μs) | @@@@@@@@@
[715.860 μs ; 734.932 μs) | @@@@@@@@
[734.932 μs ; 753.078 μs) | @@@@
[753.078 μs ; 771.144 μs) | @
---------------------------------------------------

GetBenchmark.'BPT  Get seq': DefaultJob [N=10000]
Runtime = .NET 10.0.7 (10.0.726.21808), X64 RyuJIT AVX-512F+CD+BW+DQ+VL+VBMI; GC = Concurrent Workstation
Mean = 344.954 μs, StdErr = 1.279 μs (0.37%), N = 14, StdDev = 4.787 μs
Min = 336.388 μs, Q1 = 341.994 μs, Median = 344.878 μs, Q3 = 347.057 μs, Max = 354.431 μs
IQR = 5.063 μs, LowerFence = 334.400 μs, UpperFence = 354.651 μs
ConfidenceInterval = [339.554 μs; 350.353 μs] (CI 99.9%), Margin = 5.400 μs (1.57% of Mean)
Skewness = 0.16, Kurtosis = 2.34, MValue = 2
-------------------- Histogram --------------------
[335.529 μs ; 355.455 μs) | @@@@@@@@@@@@@@
---------------------------------------------------

GetBenchmark.'SD   Get seq': DefaultJob [N=10000]
Runtime = .NET 10.0.7 (10.0.726.21808), X64 RyuJIT AVX-512F+CD+BW+DQ+VL+VBMI; GC = Concurrent Workstation
Mean = 408.300 μs, StdErr = 1.184 μs (0.29%), N = 15, StdDev = 4.584 μs
Min = 401.637 μs, Q1 = 404.828 μs, Median = 407.866 μs, Q3 = 410.996 μs, Max = 419.623 μs
IQR = 6.168 μs, LowerFence = 395.575 μs, UpperFence = 420.249 μs
ConfidenceInterval = [403.399 μs; 413.202 μs] (CI 99.9%), Margin = 4.901 μs (1.20% of Mean)
Skewness = 0.75, Kurtosis = 3.06, MValue = 2
-------------------- Histogram --------------------
[399.197 μs ; 410.222 μs) | @@@@@@@@@@
[410.222 μs ; 422.063 μs) | @@@@@
---------------------------------------------------

GetBenchmark.'BPT  Get rand': DefaultJob [N=100000]
Runtime = .NET 10.0.7 (10.0.726.21808), X64 RyuJIT AVX-512F+CD+BW+DQ+VL+VBMI; GC = Concurrent Workstation
Mean = 6.667 ms, StdErr = 0.010 ms (0.15%), N = 13, StdDev = 0.037 ms
Min = 6.620 ms, Q1 = 6.644 ms, Median = 6.664 ms, Q3 = 6.673 ms, Max = 6.764 ms
IQR = 0.029 ms, LowerFence = 6.600 ms, UpperFence = 6.717 ms
ConfidenceInterval = [6.622 ms; 6.711 ms] (CI 99.9%), Margin = 0.044 ms (0.67% of Mean)
Skewness = 1.32, Kurtosis = 4.14, MValue = 2
-------------------- Histogram --------------------
[6.600 ms ; 6.785 ms) | @@@@@@@@@@@@@
---------------------------------------------------

GetBenchmark.'SD   Get rand': DefaultJob [N=100000]
Runtime = .NET 10.0.7 (10.0.726.21808), X64 RyuJIT AVX-512F+CD+BW+DQ+VL+VBMI; GC = Concurrent Workstation
Mean = 11.605 ms, StdErr = 0.023 ms (0.20%), N = 14, StdDev = 0.085 ms
Min = 11.502 ms, Q1 = 11.532 ms, Median = 11.596 ms, Q3 = 11.652 ms, Max = 11.785 ms
IQR = 0.120 ms, LowerFence = 11.351 ms, UpperFence = 11.833 ms
ConfidenceInterval = [11.509 ms; 11.701 ms] (CI 99.9%), Margin = 0.096 ms (0.83% of Mean)
Skewness = 0.59, Kurtosis = 2.16, MValue = 2
-------------------- Histogram --------------------
[11.456 ms ; 11.832 ms) | @@@@@@@@@@@@@@
---------------------------------------------------

GetBenchmark.'BPT  Get seq': DefaultJob [N=100000]
Runtime = .NET 10.0.7 (10.0.726.21808), X64 RyuJIT AVX-512F+CD+BW+DQ+VL+VBMI; GC = Concurrent Workstation
Mean = 4.708 ms, StdErr = 0.014 ms (0.29%), N = 12, StdDev = 0.048 ms
Min = 4.639 ms, Q1 = 4.673 ms, Median = 4.719 ms, Q3 = 4.736 ms, Max = 4.794 ms
IQR = 0.064 ms, LowerFence = 4.577 ms, UpperFence = 4.832 ms
ConfidenceInterval = [4.647 ms; 4.769 ms] (CI 99.9%), Margin = 0.061 ms (1.30% of Mean)
Skewness = 0.01, Kurtosis = 1.74, MValue = 2
-------------------- Histogram --------------------
[4.611 ms ; 4.821 ms) | @@@@@@@@@@@@
---------------------------------------------------

GetBenchmark.'SD   Get seq': DefaultJob [N=100000]
Runtime = .NET 10.0.7 (10.0.726.21808), X64 RyuJIT AVX-512F+CD+BW+DQ+VL+VBMI; GC = Concurrent Workstation
Mean = 5.291 ms, StdErr = 0.013 ms (0.25%), N = 14, StdDev = 0.050 ms
Min = 5.250 ms, Q1 = 5.254 ms, Median = 5.273 ms, Q3 = 5.314 ms, Max = 5.418 ms
IQR = 0.060 ms, LowerFence = 5.164 ms, UpperFence = 5.405 ms
ConfidenceInterval = [5.235 ms; 5.347 ms] (CI 99.9%), Margin = 0.056 ms (1.06% of Mean)
Skewness = 1.22, Kurtosis = 3.46, MValue = 2
-------------------- Histogram --------------------
[5.222 ms ; 5.445 ms) | @@@@@@@@@@@@@@
---------------------------------------------------

GetBenchmark.'BPT  Get rand': DefaultJob [N=1000000]
Runtime = .NET 10.0.7 (10.0.726.21808), X64 RyuJIT AVX-512F+CD+BW+DQ+VL+VBMI; GC = Concurrent Workstation
Mean = 126.826 ms, StdErr = 0.610 ms (0.48%), N = 16, StdDev = 2.440 ms
Min = 122.968 ms, Q1 = 125.048 ms, Median = 126.069 ms, Q3 = 128.137 ms, Max = 131.685 ms
IQR = 3.090 ms, LowerFence = 120.413 ms, UpperFence = 132.772 ms
ConfidenceInterval = [124.342 ms; 129.310 ms] (CI 99.9%), Margin = 2.484 ms (1.96% of Mean)
Skewness = 0.5, Kurtosis = 2.19, MValue = 2
-------------------- Histogram --------------------
[121.698 ms ; 126.436 ms) | @@@@@@@@@
[126.436 ms ; 129.762 ms) | @@@@@
[129.762 ms ; 132.955 ms) | @@
---------------------------------------------------

GetBenchmark.'SD   Get rand': DefaultJob [N=1000000]
Runtime = .NET 10.0.7 (10.0.726.21808), X64 RyuJIT AVX-512F+CD+BW+DQ+VL+VBMI; GC = Concurrent Workstation
Mean = 538.588 ms, StdErr = 13.262 ms (2.46%), N = 100, StdDev = 132.617 ms
Min = 337.048 ms, Q1 = 408.454 ms, Median = 554.182 ms, Q3 = 658.040 ms, Max = 750.914 ms
IQR = 249.586 ms, LowerFence = 34.075 ms, UpperFence = 1,032.418 ms
ConfidenceInterval = [493.611 ms; 583.566 ms] (CI 99.9%), Margin = 44.978 ms (8.35% of Mean)
Skewness = -0.17, Kurtosis = 1.55, MValue = 3.48
-------------------- Histogram --------------------
[336.148 ms ; 411.149 ms) | @@@@@@@@@@@@@@@@@@@@@@@@@@@
[411.149 ms ; 496.186 ms) | @@@@@@@@@@@@
[496.186 ms ; 530.707 ms) | @@@@
[530.707 ms ; 605.707 ms) | @@@@@@@@@@@@@@@@@@
[605.707 ms ; 698.935 ms) | @@@@@@@@@@@@@@@@@@@@@@@@@@@@@@@
[698.935 ms ; 788.414 ms) | @@@@@@@@
---------------------------------------------------

GetBenchmark.'BPT  Get seq': DefaultJob [N=1000000]
Runtime = .NET 10.0.7 (10.0.726.21808), X64 RyuJIT AVX-512F+CD+BW+DQ+VL+VBMI; GC = Concurrent Workstation
Mean = 54.548 ms, StdErr = 0.200 ms (0.37%), N = 15, StdDev = 0.774 ms
Min = 53.596 ms, Q1 = 53.890 ms, Median = 54.296 ms, Q3 = 55.076 ms, Max = 55.825 ms
IQR = 1.187 ms, LowerFence = 52.110 ms, UpperFence = 56.856 ms
ConfidenceInterval = [53.721 ms; 55.376 ms] (CI 99.9%), Margin = 0.827 ms (1.52% of Mean)
Skewness = 0.51, Kurtosis = 1.64, MValue = 2
-------------------- Histogram --------------------
[53.184 ms ; 54.778 ms) | @@@@@@@@@@
[54.778 ms ; 56.071 ms) | @@@@@
---------------------------------------------------

GetBenchmark.'SD   Get seq': DefaultJob [N=1000000]
Runtime = .NET 10.0.7 (10.0.726.21808), X64 RyuJIT AVX-512F+CD+BW+DQ+VL+VBMI; GC = Concurrent Workstation
Mean = 143.933 ms, StdErr = 0.633 ms (0.44%), N = 20, StdDev = 2.829 ms
Min = 139.729 ms, Q1 = 141.403 ms, Median = 144.679 ms, Q3 = 145.627 ms, Max = 149.204 ms
IQR = 4.224 ms, LowerFence = 135.067 ms, UpperFence = 151.962 ms
ConfidenceInterval = [141.477 ms; 146.390 ms] (CI 99.9%), Margin = 2.457 ms (1.71% of Mean)
Skewness = -0.21, Kurtosis = 1.88, MValue = 2
-------------------- Histogram --------------------
[139.355 ms ; 143.107 ms) | @@@@@@
[143.107 ms ; 150.572 ms) | @@@@@@@@@@@@@@
---------------------------------------------------

// * Summary *

BenchmarkDotNet v0.15.2, Windows 11 (10.0.26200.8246)
11th Gen Intel Core i7-11800H 2.30GHz, 1 CPU, 16 logical and 8 physical cores
.NET SDK 10.0.203
  [Host]     : .NET 10.0.7 (10.0.726.21808), X64 RyuJIT AVX-512F+CD+BW+DQ+VL+VBMI
  DefaultJob : .NET 10.0.7 (10.0.726.21808), X64 RyuJIT AVX-512F+CD+BW+DQ+VL+VBMI


| Method          | N       | Mean         | Error        | StdDev        | Ratio | RatioSD | Rank | Allocated | Alloc Ratio |
|---------------- |-------- |-------------:|-------------:|--------------:|------:|--------:|-----:|----------:|------------:|
| 'BPT  Get rand' | 10000   |     488.6 μs |      9.24 μs |       9.08 μs |  1.00 |    0.03 |    3 |         - |          NA |
| 'SD   Get rand' | 10000   |     720.7 μs |     14.26 μs |      18.54 μs |  1.48 |    0.05 |    4 |         - |          NA |
| 'BPT  Get seq'  | 10000   |     345.0 μs |      5.40 μs |       4.79 μs |  0.71 |    0.02 |    1 |         - |          NA |
| 'SD   Get seq'  | 10000   |     408.3 μs |      4.90 μs |       4.58 μs |  0.84 |    0.02 |    2 |         - |          NA |
|                 |         |              |              |               |       |         |      |           |             |
| 'BPT  Get rand' | 100000  |   6,666.8 μs |     44.48 μs |      37.15 μs |  1.00 |    0.01 |    3 |         - |          NA |
| 'SD   Get rand' | 100000  |  11,604.5 μs |     96.03 μs |      85.13 μs |  1.74 |    0.02 |    4 |         - |          NA |
| 'BPT  Get seq'  | 100000  |   4,708.0 μs |     61.29 μs |      47.85 μs |  0.71 |    0.01 |    1 |         - |          NA |
| 'SD   Get seq'  | 100000  |   5,291.1 μs |     56.20 μs |      49.82 μs |  0.79 |    0.01 |    2 |         - |          NA |
|                 |         |              |              |               |       |         |      |           |             |
| 'BPT  Get rand' | 1000000 | 126,826.3 μs |  2,483.98 μs |   2,439.60 μs |  1.00 |    0.03 |    2 |         - |          NA |
| 'SD   Get rand' | 1000000 | 538,588.1 μs | 44,977.54 μs | 132,617.30 μs |  4.25 |    1.04 |    4 |         - |          NA |
| 'BPT  Get seq'  | 1000000 |  54,548.3 μs |    827.46 μs |     774.01 μs |  0.43 |    0.01 |    1 |         - |          NA |
| 'SD   Get seq'  | 1000000 | 143,933.4 μs |  2,456.70 μs |   2,829.14 μs |  1.14 |    0.03 |    3 |         - |          NA |

// * Warnings *
MultimodalDistribution
  GetBenchmark.'SD   Get rand': Default -> It seems that the distribution is bimodal (mValue = 3.48)

// * Hints *
Outliers
  GetBenchmark.'BPT  Get rand': Default -> 1 outlier  was  removed (517.28 μs)
  GetBenchmark.'BPT  Get seq': Default  -> 1 outlier  was  removed (359.91 μs)
  GetBenchmark.'BPT  Get rand': Default -> 2 outliers were removed (6.77 ms, 6.79 ms)
  GetBenchmark.'SD   Get rand': Default -> 1 outlier  was  removed (12.56 ms)
  GetBenchmark.'BPT  Get seq': Default  -> 3 outliers were removed (5.17 ms..5.40 ms)
  GetBenchmark.'SD   Get seq': Default  -> 1 outlier  was  removed (5.54 ms)
  GetBenchmark.'SD   Get seq': Default  -> 2 outliers were removed (151.95 ms, 154.12 ms)

// * Legends *
  N           : Value of the 'N' parameter
  Mean        : Arithmetic mean of all measurements
  Error       : Half of 99.9% confidence interval
  StdDev      : Standard deviation of all measurements
  Ratio       : Mean of the ratio distribution ([Current]/[Baseline])
  RatioSD     : Standard deviation of the ratio distribution ([Current]/[Baseline])
  Rank        : Relative position of current benchmark mean among all benchmarks (Arabic style)
  Allocated   : Allocated memory per single operation (managed only, inclusive, 1KB = 1024B)
  Alloc Ratio : Allocated memory ratio distribution ([Current]/[Baseline])
  1 μs        : 1 Microsecond (0.000001 sec)

// * Diagnostic Output - MemoryDiagnoser *


// ***** BenchmarkRunner: End *****
Run time: 00:05:15 (315.7 sec), executed benchmarks: 12

// Found 12 benchmarks:
//   InsertBenchmark.'BPT  Insert seq': DefaultJob [N=10000]
//   InsertBenchmark.'SD   Insert seq': DefaultJob [N=10000]
//   InsertBenchmark.'BPT  Insert rand': DefaultJob [N=10000]
//   InsertBenchmark.'SD   Insert rand': DefaultJob [N=10000]
//   InsertBenchmark.'BPT  Insert seq': DefaultJob [N=100000]
//   InsertBenchmark.'SD   Insert seq': DefaultJob [N=100000]
//   InsertBenchmark.'BPT  Insert rand': DefaultJob [N=100000]
//   InsertBenchmark.'SD   Insert rand': DefaultJob [N=100000]
//   InsertBenchmark.'BPT  Insert seq': DefaultJob [N=1000000]
//   InsertBenchmark.'SD   Insert seq': DefaultJob [N=1000000]
//   InsertBenchmark.'BPT  Insert rand': DefaultJob [N=1000000]
//   InsertBenchmark.'SD   Insert rand': DefaultJob [N=1000000]

Setup power plan (GUID: 8c5e7fda-e8bf-4a96-9a85-a6e23a8c635c FriendlyName: 高效能)
// **************************
// Benchmark: InsertBenchmark.'BPT  Insert seq': DefaultJob [N=10000]
// *** Execute ***
// Launch: 1 / 1
// Execute: dotnet bplus-tree-benchmark-Job-CNUJVU-1.dll --anonymousPipes 1784 1552 --benchmarkName "InsertBenchmark.BPT_Insert_Sequential(N: 10000)" --job Default --benchmarkId 18 in C:\Users\chentingwei\bplus-tree\bplus-tree-benchmark\bin\Release\net10.0\bplus-tree-benchmark-Job-CNUJVU-1\bin\Release\net10.0
// BeforeAnythingElse

// Benchmark Process Environment Information:
// BenchmarkDotNet v0.15.2
// Runtime=.NET 10.0.7 (10.0.726.21808), X64 RyuJIT AVX-512F+CD+BW+DQ+VL+VBMI
// GC=Concurrent Workstation
// HardwareIntrinsics=AVX-512F+CD+BW+DQ+VL+VBMI,AES,BMI1,BMI2,FMA,LZCNT,PCLMUL,POPCNT VectorSize=256
// Job: DefaultJob

OverheadJitting  1: 1 op, 217400.00 ns, 217.4000 us/op
WorkloadJitting  1: 1 op, 7561900.00 ns, 7.5619 ms/op

OverheadJitting  2: 16 op, 450000.00 ns, 28.1250 us/op
WorkloadJitting  2: 16 op, 56337700.00 ns, 3.5211 ms/op

WorkloadPilot    1: 16 op, 54970300.00 ns, 3.4356 ms/op
WorkloadPilot    2: 32 op, 105352400.00 ns, 3.2923 ms/op
WorkloadPilot    3: 64 op, 160790600.00 ns, 2.5124 ms/op
WorkloadPilot    4: 128 op, 110276100.00 ns, 861.5320 us/op
WorkloadPilot    5: 256 op, 145671300.00 ns, 569.0285 us/op
WorkloadPilot    6: 512 op, 293227100.00 ns, 572.7092 us/op
WorkloadPilot    7: 1024 op, 572668000.00 ns, 559.2461 us/op

OverheadWarmup   1: 1024 op, 4300.00 ns, 4.1992 ns/op
OverheadWarmup   2: 1024 op, 3200.00 ns, 3.1250 ns/op
OverheadWarmup   3: 1024 op, 3400.00 ns, 3.3203 ns/op
OverheadWarmup   4: 1024 op, 3200.00 ns, 3.1250 ns/op
OverheadWarmup   5: 1024 op, 3100.00 ns, 3.0273 ns/op
OverheadWarmup   6: 1024 op, 3200.00 ns, 3.1250 ns/op
OverheadWarmup   7: 1024 op, 3100.00 ns, 3.0273 ns/op

OverheadActual   1: 1024 op, 3200.00 ns, 3.1250 ns/op
OverheadActual   2: 1024 op, 3300.00 ns, 3.2227 ns/op
OverheadActual   3: 1024 op, 3200.00 ns, 3.1250 ns/op
OverheadActual   4: 1024 op, 3200.00 ns, 3.1250 ns/op
OverheadActual   5: 1024 op, 3200.00 ns, 3.1250 ns/op
OverheadActual   6: 1024 op, 3200.00 ns, 3.1250 ns/op
OverheadActual   7: 1024 op, 3100.00 ns, 3.0273 ns/op
OverheadActual   8: 1024 op, 3100.00 ns, 3.0273 ns/op
OverheadActual   9: 1024 op, 3200.00 ns, 3.1250 ns/op
OverheadActual  10: 1024 op, 3200.00 ns, 3.1250 ns/op
OverheadActual  11: 1024 op, 3400.00 ns, 3.3203 ns/op
OverheadActual  12: 1024 op, 3200.00 ns, 3.1250 ns/op
OverheadActual  13: 1024 op, 3300.00 ns, 3.2227 ns/op
OverheadActual  14: 1024 op, 3300.00 ns, 3.2227 ns/op
OverheadActual  15: 1024 op, 3200.00 ns, 3.1250 ns/op

OverheadWarmup   1: 1024 op, 3400.00 ns, 3.3203 ns/op
OverheadWarmup   2: 1024 op, 3300.00 ns, 3.2227 ns/op
OverheadWarmup   3: 1024 op, 3200.00 ns, 3.1250 ns/op
OverheadWarmup   4: 1024 op, 3300.00 ns, 3.2227 ns/op
OverheadWarmup   5: 1024 op, 3200.00 ns, 3.1250 ns/op
OverheadWarmup   6: 1024 op, 3300.00 ns, 3.2227 ns/op
OverheadWarmup   7: 1024 op, 3300.00 ns, 3.2227 ns/op

// BeforeActualRun
WorkloadActual   1: 1024 op, 583797500.00 ns, 570.1147 us/op
WorkloadActual   2: 1024 op, 591532900.00 ns, 577.6688 us/op
WorkloadActual   3: 1024 op, 576949800.00 ns, 563.4275 us/op
WorkloadActual   4: 1024 op, 572476000.00 ns, 559.0586 us/op
WorkloadActual   5: 1024 op, 586896000.00 ns, 573.1406 us/op
WorkloadActual   6: 1024 op, 578872400.00 ns, 565.3051 us/op
WorkloadActual   7: 1024 op, 580860400.00 ns, 567.2465 us/op
WorkloadActual   8: 1024 op, 572082800.00 ns, 558.6746 us/op
WorkloadActual   9: 1024 op, 581597800.00 ns, 567.9666 us/op
WorkloadActual  10: 1024 op, 569287000.00 ns, 555.9443 us/op
WorkloadActual  11: 1024 op, 568901000.00 ns, 555.5674 us/op
WorkloadActual  12: 1024 op, 572636500.00 ns, 559.2153 us/op
WorkloadActual  13: 1024 op, 568432100.00 ns, 555.1095 us/op
WorkloadActual  14: 1024 op, 568948300.00 ns, 555.6136 us/op
WorkloadActual  15: 1024 op, 571242700.00 ns, 557.8542 us/op

// AfterActualRun
WorkloadResult   1: 1024 op, 583794300.00 ns, 570.1116 us/op
WorkloadResult   2: 1024 op, 591529700.00 ns, 577.6657 us/op
WorkloadResult   3: 1024 op, 576946600.00 ns, 563.4244 us/op
WorkloadResult   4: 1024 op, 572472800.00 ns, 559.0555 us/op
WorkloadResult   5: 1024 op, 586892800.00 ns, 573.1375 us/op
WorkloadResult   6: 1024 op, 578869200.00 ns, 565.3020 us/op
WorkloadResult   7: 1024 op, 580857200.00 ns, 567.2434 us/op
WorkloadResult   8: 1024 op, 572079600.00 ns, 558.6715 us/op
WorkloadResult   9: 1024 op, 581594600.00 ns, 567.9635 us/op
WorkloadResult  10: 1024 op, 569283800.00 ns, 555.9412 us/op
WorkloadResult  11: 1024 op, 568897800.00 ns, 555.5643 us/op
WorkloadResult  12: 1024 op, 572633300.00 ns, 559.2122 us/op
WorkloadResult  13: 1024 op, 568428900.00 ns, 555.1063 us/op
WorkloadResult  14: 1024 op, 568945100.00 ns, 555.6104 us/op
WorkloadResult  15: 1024 op, 571239500.00 ns, 557.8511 us/op
// GC:  31 13 0 401145856 1024
// Threading:  0 0 1024

// AfterAll
// Benchmark Process 17580 has exited with code 0.

Mean = 562.791 μs, StdErr = 1.843 μs (0.33%), N = 15, StdDev = 7.137 μs
Min = 555.106 μs, Q1 = 556.896 μs, Median = 559.212 μs, Q3 = 567.603 μs, Max = 577.666 μs
IQR = 10.707 μs, LowerFence = 540.835 μs, UpperFence = 583.664 μs
ConfidenceInterval = [555.161 μs; 570.420 μs] (CI 99.9%), Margin = 7.630 μs (1.36% of Mean)
Skewness = 0.59, Kurtosis = 1.97, MValue = 2

// ** Remained 38 (66.7%) benchmark(s) to run. Estimated finish 2026-05-10 23:13 (0h 16m from now) **
Setup power plan (GUID: 8c5e7fda-e8bf-4a96-9a85-a6e23a8c635c FriendlyName: 高效能)
// **************************
// Benchmark: InsertBenchmark.'SD   Insert seq': DefaultJob [N=10000]
// *** Execute ***
// Launch: 1 / 1
// Execute: dotnet bplus-tree-benchmark-Job-CNUJVU-1.dll --anonymousPipes 1428 1836 --benchmarkName "InsertBenchmark.SD_Insert_Sequential(N: 10000)" --job Default --benchmarkId 19 in C:\Users\chentingwei\bplus-tree\bplus-tree-benchmark\bin\Release\net10.0\bplus-tree-benchmark-Job-CNUJVU-1\bin\Release\net10.0
// BeforeAnythingElse

// Benchmark Process Environment Information:
// BenchmarkDotNet v0.15.2
// Runtime=.NET 10.0.7 (10.0.726.21808), X64 RyuJIT AVX-512F+CD+BW+DQ+VL+VBMI
// GC=Concurrent Workstation
// HardwareIntrinsics=AVX-512F+CD+BW+DQ+VL+VBMI,AES,BMI1,BMI2,FMA,LZCNT,PCLMUL,POPCNT VectorSize=256
// Job: DefaultJob

OverheadJitting  1: 1 op, 186500.00 ns, 186.5000 us/op
WorkloadJitting  1: 1 op, 10806600.00 ns, 10.8066 ms/op

OverheadJitting  2: 16 op, 399200.00 ns, 24.9500 us/op
WorkloadJitting  2: 16 op, 82202800.00 ns, 5.1377 ms/op

WorkloadPilot    1: 16 op, 79240600.00 ns, 4.9525 ms/op
WorkloadPilot    2: 32 op, 158149500.00 ns, 4.9422 ms/op
WorkloadPilot    3: 64 op, 61831100.00 ns, 966.1109 us/op
WorkloadPilot    4: 128 op, 104840400.00 ns, 819.0656 us/op
WorkloadPilot    5: 256 op, 206597600.00 ns, 807.0219 us/op
WorkloadPilot    6: 512 op, 411343800.00 ns, 803.4059 us/op
WorkloadPilot    7: 1024 op, 828908300.00 ns, 809.4808 us/op

OverheadWarmup   1: 1024 op, 4200.00 ns, 4.1016 ns/op
OverheadWarmup   2: 1024 op, 3200.00 ns, 3.1250 ns/op
OverheadWarmup   3: 1024 op, 3300.00 ns, 3.2227 ns/op
OverheadWarmup   4: 1024 op, 3100.00 ns, 3.0273 ns/op
OverheadWarmup   5: 1024 op, 3100.00 ns, 3.0273 ns/op
OverheadWarmup   6: 1024 op, 3100.00 ns, 3.0273 ns/op

OverheadActual   1: 1024 op, 3200.00 ns, 3.1250 ns/op
OverheadActual   2: 1024 op, 3200.00 ns, 3.1250 ns/op
OverheadActual   3: 1024 op, 3200.00 ns, 3.1250 ns/op
OverheadActual   4: 1024 op, 3200.00 ns, 3.1250 ns/op
OverheadActual   5: 1024 op, 3200.00 ns, 3.1250 ns/op
OverheadActual   6: 1024 op, 4500.00 ns, 4.3945 ns/op
OverheadActual   7: 1024 op, 3400.00 ns, 3.3203 ns/op
OverheadActual   8: 1024 op, 3300.00 ns, 3.2227 ns/op
OverheadActual   9: 1024 op, 3300.00 ns, 3.2227 ns/op
OverheadActual  10: 1024 op, 3200.00 ns, 3.1250 ns/op
OverheadActual  11: 1024 op, 3300.00 ns, 3.2227 ns/op
OverheadActual  12: 1024 op, 3300.00 ns, 3.2227 ns/op
OverheadActual  13: 1024 op, 3300.00 ns, 3.2227 ns/op
OverheadActual  14: 1024 op, 3300.00 ns, 3.2227 ns/op
OverheadActual  15: 1024 op, 3300.00 ns, 3.2227 ns/op

OverheadWarmup   1: 1024 op, 3400.00 ns, 3.3203 ns/op
OverheadWarmup   2: 1024 op, 3300.00 ns, 3.2227 ns/op
OverheadWarmup   3: 1024 op, 3300.00 ns, 3.2227 ns/op
OverheadWarmup   4: 1024 op, 3200.00 ns, 3.1250 ns/op
OverheadWarmup   5: 1024 op, 3200.00 ns, 3.1250 ns/op
OverheadWarmup   6: 1024 op, 3300.00 ns, 3.2227 ns/op

// BeforeActualRun
WorkloadActual   1: 1024 op, 864998800.00 ns, 844.7254 us/op
WorkloadActual   2: 1024 op, 835778300.00 ns, 816.1897 us/op
WorkloadActual   3: 1024 op, 837838300.00 ns, 818.2015 us/op
WorkloadActual   4: 1024 op, 833184700.00 ns, 813.6569 us/op
WorkloadActual   5: 1024 op, 832655100.00 ns, 813.1397 us/op
WorkloadActual   6: 1024 op, 869287400.00 ns, 848.9135 us/op
WorkloadActual   7: 1024 op, 851166600.00 ns, 831.2174 us/op
WorkloadActual   8: 1024 op, 830842900.00 ns, 811.3700 us/op
WorkloadActual   9: 1024 op, 831598800.00 ns, 812.1082 us/op
WorkloadActual  10: 1024 op, 845042900.00 ns, 825.2372 us/op
WorkloadActual  11: 1024 op, 847186000.00 ns, 827.3301 us/op
WorkloadActual  12: 1024 op, 821723100.00 ns, 802.4640 us/op
WorkloadActual  13: 1024 op, 839704600.00 ns, 820.0240 us/op
WorkloadActual  14: 1024 op, 848963600.00 ns, 829.0660 us/op
WorkloadActual  15: 1024 op, 830620000.00 ns, 811.1523 us/op

// AfterActualRun
WorkloadResult   1: 1024 op, 864995500.00 ns, 844.7222 us/op
WorkloadResult   2: 1024 op, 835775000.00 ns, 816.1865 us/op
WorkloadResult   3: 1024 op, 837835000.00 ns, 818.1982 us/op
WorkloadResult   4: 1024 op, 833181400.00 ns, 813.6537 us/op
WorkloadResult   5: 1024 op, 832651800.00 ns, 813.1365 us/op
WorkloadResult   6: 1024 op, 869284100.00 ns, 848.9103 us/op
WorkloadResult   7: 1024 op, 851163300.00 ns, 831.2142 us/op
WorkloadResult   8: 1024 op, 830839600.00 ns, 811.3668 us/op
WorkloadResult   9: 1024 op, 831595500.00 ns, 812.1050 us/op
WorkloadResult  10: 1024 op, 845039600.00 ns, 825.2340 us/op
WorkloadResult  11: 1024 op, 847182700.00 ns, 827.3269 us/op
WorkloadResult  12: 1024 op, 821719800.00 ns, 802.4607 us/op
WorkloadResult  13: 1024 op, 839701300.00 ns, 820.0208 us/op
WorkloadResult  14: 1024 op, 848960300.00 ns, 829.0628 us/op
WorkloadResult  15: 1024 op, 830616700.00 ns, 811.1491 us/op
// GC:  39 27 0 491634688 1024
// Threading:  0 0 1024

// AfterAll
// Benchmark Process 4636 has exited with code 0.

Mean = 821.650 μs, StdErr = 3.326 μs (0.40%), N = 15, StdDev = 12.882 μs
Min = 802.461 μs, Q1 = 812.621 μs, Median = 818.198 μs, Q3 = 828.195 μs, Max = 848.910 μs
IQR = 15.574 μs, LowerFence = 789.260 μs, UpperFence = 851.556 μs
ConfidenceInterval = [807.879 μs; 835.421 μs] (CI 99.9%), Margin = 13.771 μs (1.68% of Mean)
Skewness = 0.7, Kurtosis = 2.48, MValue = 2

// ** Remained 37 (64.9%) benchmark(s) to run. Estimated finish 2026-05-10 23:13 (0h 16m from now) **
Setup power plan (GUID: 8c5e7fda-e8bf-4a96-9a85-a6e23a8c635c FriendlyName: 高效能)
// **************************
// Benchmark: InsertBenchmark.'BPT  Insert rand': DefaultJob [N=10000]
// *** Execute ***
// Launch: 1 / 1
// Execute: dotnet bplus-tree-benchmark-Job-CNUJVU-1.dll --anonymousPipes 1764 852 --benchmarkName "InsertBenchmark.BPT_Insert_Random(N: 10000)" --job Default --benchmarkId 20 in C:\Users\chentingwei\bplus-tree\bplus-tree-benchmark\bin\Release\net10.0\bplus-tree-benchmark-Job-CNUJVU-1\bin\Release\net10.0
// BeforeAnythingElse

// Benchmark Process Environment Information:
// BenchmarkDotNet v0.15.2
// Runtime=.NET 10.0.7 (10.0.726.21808), X64 RyuJIT AVX-512F+CD+BW+DQ+VL+VBMI
// GC=Concurrent Workstation
// HardwareIntrinsics=AVX-512F+CD+BW+DQ+VL+VBMI,AES,BMI1,BMI2,FMA,LZCNT,PCLMUL,POPCNT VectorSize=256
// Job: DefaultJob

OverheadJitting  1: 1 op, 190400.00 ns, 190.4000 us/op
WorkloadJitting  1: 1 op, 6161100.00 ns, 6.1611 ms/op

OverheadJitting  2: 16 op, 427800.00 ns, 26.7375 us/op
WorkloadJitting  2: 16 op, 37681500.00 ns, 2.3551 ms/op

WorkloadPilot    1: 16 op, 36359800.00 ns, 2.2725 ms/op
WorkloadPilot    2: 32 op, 71420800.00 ns, 2.2319 ms/op
WorkloadPilot    3: 64 op, 139750600.00 ns, 2.1836 ms/op
WorkloadPilot    4: 128 op, 189444700.00 ns, 1.4800 ms/op
WorkloadPilot    5: 256 op, 197827900.00 ns, 772.7652 us/op
WorkloadPilot    6: 512 op, 393897800.00 ns, 769.3316 us/op
WorkloadPilot    7: 1024 op, 792691600.00 ns, 774.1129 us/op

OverheadWarmup   1: 1024 op, 4400.00 ns, 4.2969 ns/op
OverheadWarmup   2: 1024 op, 3100.00 ns, 3.0273 ns/op
OverheadWarmup   3: 1024 op, 3200.00 ns, 3.1250 ns/op
OverheadWarmup   4: 1024 op, 3300.00 ns, 3.2227 ns/op
OverheadWarmup   5: 1024 op, 3200.00 ns, 3.1250 ns/op
OverheadWarmup   6: 1024 op, 3200.00 ns, 3.1250 ns/op
OverheadWarmup   7: 1024 op, 3300.00 ns, 3.2227 ns/op

OverheadActual   1: 1024 op, 3300.00 ns, 3.2227 ns/op
OverheadActual   2: 1024 op, 3300.00 ns, 3.2227 ns/op
OverheadActual   3: 1024 op, 3300.00 ns, 3.2227 ns/op
OverheadActual   4: 1024 op, 3300.00 ns, 3.2227 ns/op
OverheadActual   5: 1024 op, 3300.00 ns, 3.2227 ns/op
OverheadActual   6: 1024 op, 3300.00 ns, 3.2227 ns/op
OverheadActual   7: 1024 op, 3200.00 ns, 3.1250 ns/op
OverheadActual   8: 1024 op, 3300.00 ns, 3.2227 ns/op
OverheadActual   9: 1024 op, 3200.00 ns, 3.1250 ns/op
OverheadActual  10: 1024 op, 3300.00 ns, 3.2227 ns/op
OverheadActual  11: 1024 op, 3300.00 ns, 3.2227 ns/op
OverheadActual  12: 1024 op, 3200.00 ns, 3.1250 ns/op
OverheadActual  13: 1024 op, 3300.00 ns, 3.2227 ns/op
OverheadActual  14: 1024 op, 3200.00 ns, 3.1250 ns/op
OverheadActual  15: 1024 op, 3200.00 ns, 3.1250 ns/op

OverheadWarmup   1: 1024 op, 3400.00 ns, 3.3203 ns/op
OverheadWarmup   2: 1024 op, 3900.00 ns, 3.8086 ns/op
OverheadWarmup   3: 1024 op, 3300.00 ns, 3.2227 ns/op
OverheadWarmup   4: 1024 op, 3200.00 ns, 3.1250 ns/op
OverheadWarmup   5: 1024 op, 3200.00 ns, 3.1250 ns/op
OverheadWarmup   6: 1024 op, 3100.00 ns, 3.0273 ns/op

// BeforeActualRun
WorkloadActual   1: 1024 op, 794130100.00 ns, 775.5177 us/op
WorkloadActual   2: 1024 op, 786501600.00 ns, 768.0680 us/op
WorkloadActual   3: 1024 op, 794212600.00 ns, 775.5982 us/op
WorkloadActual   4: 1024 op, 795786200.00 ns, 777.1350 us/op
WorkloadActual   5: 1024 op, 804005200.00 ns, 785.1613 us/op
WorkloadActual   6: 1024 op, 788432000.00 ns, 769.9531 us/op
WorkloadActual   7: 1024 op, 797670900.00 ns, 778.9755 us/op
WorkloadActual   8: 1024 op, 810466600.00 ns, 791.4713 us/op
WorkloadActual   9: 1024 op, 840786200.00 ns, 821.0803 us/op
WorkloadActual  10: 1024 op, 843328600.00 ns, 823.5631 us/op
WorkloadActual  11: 1024 op, 813634900.00 ns, 794.5653 us/op
WorkloadActual  12: 1024 op, 804384700.00 ns, 785.5319 us/op
WorkloadActual  13: 1024 op, 786095300.00 ns, 767.6712 us/op
WorkloadActual  14: 1024 op, 783589100.00 ns, 765.2237 us/op
WorkloadActual  15: 1024 op, 785785600.00 ns, 767.3688 us/op

// AfterActualRun
WorkloadResult   1: 1024 op, 794126800.00 ns, 775.5145 us/op
WorkloadResult   2: 1024 op, 786498300.00 ns, 768.0647 us/op
WorkloadResult   3: 1024 op, 794209300.00 ns, 775.5950 us/op
WorkloadResult   4: 1024 op, 795782900.00 ns, 777.1317 us/op
WorkloadResult   5: 1024 op, 804001900.00 ns, 785.1581 us/op
WorkloadResult   6: 1024 op, 788428700.00 ns, 769.9499 us/op
WorkloadResult   7: 1024 op, 797667600.00 ns, 778.9723 us/op
WorkloadResult   8: 1024 op, 810463300.00 ns, 791.4681 us/op
WorkloadResult   9: 1024 op, 813631600.00 ns, 794.5621 us/op
WorkloadResult  10: 1024 op, 804381400.00 ns, 785.5287 us/op
WorkloadResult  11: 1024 op, 786092000.00 ns, 767.6680 us/op
WorkloadResult  12: 1024 op, 783585800.00 ns, 765.2205 us/op
WorkloadResult  13: 1024 op, 785782300.00 ns, 767.3655 us/op
// GC:  23 8 0 294658048 1024
// Threading:  0 0 1024

// AfterAll
// Benchmark Process 31484 has exited with code 0.

Mean = 777.092 μs, StdErr = 2.671 μs (0.34%), N = 13, StdDev = 9.632 μs
Min = 765.221 μs, Q1 = 768.065 μs, Median = 775.595 μs, Q3 = 785.158 μs, Max = 794.562 μs
IQR = 17.093 μs, LowerFence = 742.425 μs, UpperFence = 810.798 μs
ConfidenceInterval = [765.558 μs; 788.627 μs] (CI 99.9%), Margin = 11.534 μs (1.48% of Mean)
Skewness = 0.42, Kurtosis = 1.71, MValue = 2

// ** Remained 36 (63.2%) benchmark(s) to run. Estimated finish 2026-05-10 23:12 (0h 15m from now) **
Setup power plan (GUID: 8c5e7fda-e8bf-4a96-9a85-a6e23a8c635c FriendlyName: 高效能)
// **************************
// Benchmark: InsertBenchmark.'SD   Insert rand': DefaultJob [N=10000]
// *** Execute ***
// Launch: 1 / 1
// Execute: dotnet bplus-tree-benchmark-Job-CNUJVU-1.dll --anonymousPipes 1788 1964 --benchmarkName "InsertBenchmark.SD_Insert_Random(N: 10000)" --job Default --benchmarkId 21 in C:\Users\chentingwei\bplus-tree\bplus-tree-benchmark\bin\Release\net10.0\bplus-tree-benchmark-Job-CNUJVU-1\bin\Release\net10.0
// BeforeAnythingElse

// Benchmark Process Environment Information:
// BenchmarkDotNet v0.15.2
// Runtime=.NET 10.0.7 (10.0.726.21808), X64 RyuJIT AVX-512F+CD+BW+DQ+VL+VBMI
// GC=Concurrent Workstation
// HardwareIntrinsics=AVX-512F+CD+BW+DQ+VL+VBMI,AES,BMI1,BMI2,FMA,LZCNT,PCLMUL,POPCNT VectorSize=256
// Job: DefaultJob

OverheadJitting  1: 1 op, 187200.00 ns, 187.2000 us/op
WorkloadJitting  1: 1 op, 10607600.00 ns, 10.6076 ms/op

OverheadJitting  2: 16 op, 417700.00 ns, 26.1063 us/op
WorkloadJitting  2: 16 op, 79099900.00 ns, 4.9437 ms/op

WorkloadPilot    1: 16 op, 77326500.00 ns, 4.8329 ms/op
WorkloadPilot    2: 32 op, 152744500.00 ns, 4.7733 ms/op
WorkloadPilot    3: 64 op, 126273900.00 ns, 1.9730 ms/op
WorkloadPilot    4: 128 op, 219186600.00 ns, 1.7124 ms/op
WorkloadPilot    5: 256 op, 423252900.00 ns, 1.6533 ms/op
WorkloadPilot    6: 512 op, 839951300.00 ns, 1.6405 ms/op

OverheadWarmup   1: 512 op, 3500.00 ns, 6.8359 ns/op
OverheadWarmup   2: 512 op, 2100.00 ns, 4.1016 ns/op
OverheadWarmup   3: 512 op, 1900.00 ns, 3.7109 ns/op
OverheadWarmup   4: 512 op, 1800.00 ns, 3.5156 ns/op
OverheadWarmup   5: 512 op, 1800.00 ns, 3.5156 ns/op
OverheadWarmup   6: 512 op, 1700.00 ns, 3.3203 ns/op
OverheadWarmup   7: 512 op, 1900.00 ns, 3.7109 ns/op
OverheadWarmup   8: 512 op, 1900.00 ns, 3.7109 ns/op

OverheadActual   1: 512 op, 1900.00 ns, 3.7109 ns/op
OverheadActual   2: 512 op, 2000.00 ns, 3.9063 ns/op
OverheadActual   3: 512 op, 1900.00 ns, 3.7109 ns/op
OverheadActual   4: 512 op, 1800.00 ns, 3.5156 ns/op
OverheadActual   5: 512 op, 1900.00 ns, 3.7109 ns/op
OverheadActual   6: 512 op, 1800.00 ns, 3.5156 ns/op
OverheadActual   7: 512 op, 1800.00 ns, 3.5156 ns/op
OverheadActual   8: 512 op, 1800.00 ns, 3.5156 ns/op
OverheadActual   9: 512 op, 1700.00 ns, 3.3203 ns/op
OverheadActual  10: 512 op, 1700.00 ns, 3.3203 ns/op
OverheadActual  11: 512 op, 1800.00 ns, 3.5156 ns/op
OverheadActual  12: 512 op, 1800.00 ns, 3.5156 ns/op
OverheadActual  13: 512 op, 1700.00 ns, 3.3203 ns/op
OverheadActual  14: 512 op, 1800.00 ns, 3.5156 ns/op
OverheadActual  15: 512 op, 1800.00 ns, 3.5156 ns/op

OverheadWarmup   1: 512 op, 1800.00 ns, 3.5156 ns/op
OverheadWarmup   2: 512 op, 1900.00 ns, 3.7109 ns/op
OverheadWarmup   3: 512 op, 1900.00 ns, 3.7109 ns/op
OverheadWarmup   4: 512 op, 3300.00 ns, 6.4453 ns/op
OverheadWarmup   5: 512 op, 1700.00 ns, 3.3203 ns/op
OverheadWarmup   6: 512 op, 2000.00 ns, 3.9063 ns/op

// BeforeActualRun
WorkloadActual   1: 512 op, 847675500.00 ns, 1.6556 ms/op
WorkloadActual   2: 512 op, 844801500.00 ns, 1.6500 ms/op
WorkloadActual   3: 512 op, 850247500.00 ns, 1.6606 ms/op
WorkloadActual   4: 512 op, 847126700.00 ns, 1.6545 ms/op
WorkloadActual   5: 512 op, 846191600.00 ns, 1.6527 ms/op
WorkloadActual   6: 512 op, 847096600.00 ns, 1.6545 ms/op
WorkloadActual   7: 512 op, 845558600.00 ns, 1.6515 ms/op
WorkloadActual   8: 512 op, 843745200.00 ns, 1.6479 ms/op
WorkloadActual   9: 512 op, 842832900.00 ns, 1.6462 ms/op
WorkloadActual  10: 512 op, 841417000.00 ns, 1.6434 ms/op
WorkloadActual  11: 512 op, 845210600.00 ns, 1.6508 ms/op
WorkloadActual  12: 512 op, 840866800.00 ns, 1.6423 ms/op
WorkloadActual  13: 512 op, 845020300.00 ns, 1.6504 ms/op
WorkloadActual  14: 512 op, 844978800.00 ns, 1.6503 ms/op
WorkloadActual  15: 512 op, 841347300.00 ns, 1.6433 ms/op

// AfterActualRun
WorkloadResult   1: 512 op, 847673700.00 ns, 1.6556 ms/op
WorkloadResult   2: 512 op, 844799700.00 ns, 1.6500 ms/op
WorkloadResult   3: 512 op, 850245700.00 ns, 1.6606 ms/op
WorkloadResult   4: 512 op, 847124900.00 ns, 1.6545 ms/op
WorkloadResult   5: 512 op, 846189800.00 ns, 1.6527 ms/op
WorkloadResult   6: 512 op, 847094800.00 ns, 1.6545 ms/op
WorkloadResult   7: 512 op, 845556800.00 ns, 1.6515 ms/op
WorkloadResult   8: 512 op, 843743400.00 ns, 1.6479 ms/op
WorkloadResult   9: 512 op, 842831100.00 ns, 1.6462 ms/op
WorkloadResult  10: 512 op, 841415200.00 ns, 1.6434 ms/op
WorkloadResult  11: 512 op, 845208800.00 ns, 1.6508 ms/op
WorkloadResult  12: 512 op, 840865000.00 ns, 1.6423 ms/op
WorkloadResult  13: 512 op, 845018500.00 ns, 1.6504 ms/op
WorkloadResult  14: 512 op, 844977000.00 ns, 1.6503 ms/op
WorkloadResult  15: 512 op, 841345500.00 ns, 1.6433 ms/op
// GC:  19 12 0 245817344 512
// Threading:  0 0 512

// AfterAll
// Benchmark Process 1588 has exited with code 0.

Mean = 1.650 ms, StdErr = 0.001 ms (0.08%), N = 15, StdDev = 0.005 ms
Min = 1.642 ms, Q1 = 1.647 ms, Median = 1.650 ms, Q3 = 1.654 ms, Max = 1.661 ms
IQR = 0.007 ms, LowerFence = 1.637 ms, UpperFence = 1.663 ms
ConfidenceInterval = [1.645 ms; 1.656 ms] (CI 99.9%), Margin = 0.005 ms (0.33% of Mean)
Skewness = 0.09, Kurtosis = 2.2, MValue = 2

// ** Remained 35 (61.4%) benchmark(s) to run. Estimated finish 2026-05-10 23:12 (0h 14m from now) **
Setup power plan (GUID: 8c5e7fda-e8bf-4a96-9a85-a6e23a8c635c FriendlyName: 高效能)
// **************************
// Benchmark: InsertBenchmark.'BPT  Insert seq': DefaultJob [N=100000]
// *** Execute ***
// Launch: 1 / 1
// Execute: dotnet bplus-tree-benchmark-Job-CNUJVU-1.dll --anonymousPipes 1752 1512 --benchmarkName "InsertBenchmark.BPT_Insert_Sequential(N: 100000)" --job Default --benchmarkId 22 in C:\Users\chentingwei\bplus-tree\bplus-tree-benchmark\bin\Release\net10.0\bplus-tree-benchmark-Job-CNUJVU-1\bin\Release\net10.0
// BeforeAnythingElse

// Benchmark Process Environment Information:
// BenchmarkDotNet v0.15.2
// Runtime=.NET 10.0.7 (10.0.726.21808), X64 RyuJIT AVX-512F+CD+BW+DQ+VL+VBMI
// GC=Concurrent Workstation
// HardwareIntrinsics=AVX-512F+CD+BW+DQ+VL+VBMI,AES,BMI1,BMI2,FMA,LZCNT,PCLMUL,POPCNT VectorSize=256
// Job: DefaultJob

OverheadJitting  1: 1 op, 183800.00 ns, 183.8000 us/op
WorkloadJitting  1: 1 op, 47374400.00 ns, 47.3744 ms/op

WorkloadPilot    1: 2 op, 83592800.00 ns, 41.7964 ms/op
WorkloadPilot    2: 3 op, 120977000.00 ns, 40.3257 ms/op
WorkloadPilot    3: 4 op, 122652500.00 ns, 30.6631 ms/op
WorkloadPilot    4: 5 op, 75900800.00 ns, 15.1802 ms/op
WorkloadPilot    5: 6 op, 44327900.00 ns, 7.3880 ms/op
WorkloadPilot    6: 7 op, 52421000.00 ns, 7.4887 ms/op
WorkloadPilot    7: 8 op, 59911500.00 ns, 7.4889 ms/op
WorkloadPilot    8: 9 op, 70148000.00 ns, 7.7942 ms/op
WorkloadPilot    9: 10 op, 76064300.00 ns, 7.6064 ms/op
WorkloadPilot   10: 11 op, 83697300.00 ns, 7.6088 ms/op
WorkloadPilot   11: 12 op, 90255800.00 ns, 7.5213 ms/op
WorkloadPilot   12: 13 op, 98206300.00 ns, 7.5543 ms/op
WorkloadPilot   13: 14 op, 104954100.00 ns, 7.4967 ms/op
WorkloadPilot   14: 15 op, 113095000.00 ns, 7.5397 ms/op
WorkloadPilot   15: 16 op, 120898900.00 ns, 7.5562 ms/op
WorkloadPilot   16: 32 op, 238756500.00 ns, 7.4611 ms/op
WorkloadPilot   17: 64 op, 485513000.00 ns, 7.5861 ms/op
WorkloadPilot   18: 128 op, 949537800.00 ns, 7.4183 ms/op

OverheadWarmup   1: 128 op, 2400.00 ns, 18.7500 ns/op
OverheadWarmup   2: 128 op, 600.00 ns, 4.6875 ns/op
OverheadWarmup   3: 128 op, 600.00 ns, 4.6875 ns/op
OverheadWarmup   4: 128 op, 400.00 ns, 3.1250 ns/op
OverheadWarmup   5: 128 op, 500.00 ns, 3.9063 ns/op
OverheadWarmup   6: 128 op, 400.00 ns, 3.1250 ns/op

// BeforeActualRun
WorkloadActual   1: 128 op, 953322800.00 ns, 7.4478 ms/op
WorkloadActual   2: 128 op, 951788200.00 ns, 7.4358 ms/op
WorkloadActual   3: 128 op, 953130200.00 ns, 7.4463 ms/op
WorkloadActual   4: 128 op, 967750500.00 ns, 7.5606 ms/op
WorkloadActual   5: 128 op, 955908700.00 ns, 7.4680 ms/op
WorkloadActual   6: 128 op, 954961900.00 ns, 7.4606 ms/op
WorkloadActual   7: 128 op, 981316600.00 ns, 7.6665 ms/op
WorkloadActual   8: 128 op, 954839500.00 ns, 7.4597 ms/op
WorkloadActual   9: 128 op, 954547100.00 ns, 7.4574 ms/op
WorkloadActual  10: 128 op, 953685100.00 ns, 7.4507 ms/op
WorkloadActual  11: 128 op, 955570300.00 ns, 7.4654 ms/op
WorkloadActual  12: 128 op, 950300100.00 ns, 7.4242 ms/op
WorkloadActual  13: 128 op, 954769200.00 ns, 7.4591 ms/op
WorkloadActual  14: 128 op, 957674800.00 ns, 7.4818 ms/op
WorkloadActual  15: 128 op, 953675500.00 ns, 7.4506 ms/op

// AfterActualRun
WorkloadResult   1: 128 op, 953322800.00 ns, 7.4478 ms/op
WorkloadResult   2: 128 op, 951788200.00 ns, 7.4358 ms/op
WorkloadResult   3: 128 op, 953130200.00 ns, 7.4463 ms/op
WorkloadResult   4: 128 op, 955908700.00 ns, 7.4680 ms/op
WorkloadResult   5: 128 op, 954961900.00 ns, 7.4606 ms/op
WorkloadResult   6: 128 op, 954839500.00 ns, 7.4597 ms/op
WorkloadResult   7: 128 op, 954547100.00 ns, 7.4574 ms/op
WorkloadResult   8: 128 op, 953685100.00 ns, 7.4507 ms/op
WorkloadResult   9: 128 op, 955570300.00 ns, 7.4654 ms/op
WorkloadResult  10: 128 op, 950300100.00 ns, 7.4242 ms/op
WorkloadResult  11: 128 op, 954769200.00 ns, 7.4591 ms/op
WorkloadResult  12: 128 op, 957674800.00 ns, 7.4818 ms/op
WorkloadResult  13: 128 op, 953675500.00 ns, 7.4506 ms/op
// GC:  40 34 0 504055808 128
// Threading:  0 0 128

// AfterAll
// Benchmark Process 26248 has exited with code 0.

Mean = 7.454 ms, StdErr = 0.004 ms (0.05%), N = 13, StdDev = 0.015 ms
Min = 7.424 ms, Q1 = 7.448 ms, Median = 7.457 ms, Q3 = 7.461 ms, Max = 7.482 ms
IQR = 0.013 ms, LowerFence = 7.429 ms, UpperFence = 7.480 ms
ConfidenceInterval = [7.437 ms; 7.472 ms] (CI 99.9%), Margin = 0.017 ms (0.23% of Mean)
Skewness = -0.25, Kurtosis = 2.68, MValue = 2

// ** Remained 34 (59.6%) benchmark(s) to run. Estimated finish 2026-05-10 23:12 (0h 14m from now) **
Setup power plan (GUID: 8c5e7fda-e8bf-4a96-9a85-a6e23a8c635c FriendlyName: 高效能)
// **************************
// Benchmark: InsertBenchmark.'SD   Insert seq': DefaultJob [N=100000]
// *** Execute ***
// Launch: 1 / 1
// Execute: dotnet bplus-tree-benchmark-Job-CNUJVU-1.dll --anonymousPipes 1916 1872 --benchmarkName "InsertBenchmark.SD_Insert_Sequential(N: 100000)" --job Default --benchmarkId 23 in C:\Users\chentingwei\bplus-tree\bplus-tree-benchmark\bin\Release\net10.0\bplus-tree-benchmark-Job-CNUJVU-1\bin\Release\net10.0
// BeforeAnythingElse

// Benchmark Process Environment Information:
// BenchmarkDotNet v0.15.2
// Runtime=.NET 10.0.7 (10.0.726.21808), X64 RyuJIT AVX-512F+CD+BW+DQ+VL+VBMI
// GC=Concurrent Workstation
// HardwareIntrinsics=AVX-512F+CD+BW+DQ+VL+VBMI,AES,BMI1,BMI2,FMA,LZCNT,PCLMUL,POPCNT VectorSize=256
// Job: DefaultJob

OverheadJitting  1: 1 op, 213700.00 ns, 213.7000 us/op
WorkloadJitting  1: 1 op, 69046400.00 ns, 69.0464 ms/op

WorkloadPilot    1: 2 op, 122454700.00 ns, 61.2274 ms/op
WorkloadPilot    2: 3 op, 147488100.00 ns, 49.1627 ms/op
WorkloadPilot    3: 4 op, 48179900.00 ns, 12.0450 ms/op
WorkloadPilot    4: 5 op, 59191000.00 ns, 11.8382 ms/op
WorkloadPilot    5: 6 op, 71568100.00 ns, 11.9280 ms/op
WorkloadPilot    6: 7 op, 82457400.00 ns, 11.7796 ms/op
WorkloadPilot    7: 8 op, 96146300.00 ns, 12.0183 ms/op
WorkloadPilot    8: 9 op, 102269100.00 ns, 11.3632 ms/op
WorkloadPilot    9: 10 op, 112650300.00 ns, 11.2650 ms/op
WorkloadPilot   10: 11 op, 123714700.00 ns, 11.2468 ms/op
WorkloadPilot   11: 12 op, 132995100.00 ns, 11.0829 ms/op
WorkloadPilot   12: 13 op, 147525400.00 ns, 11.3481 ms/op
WorkloadPilot   13: 14 op, 157290500.00 ns, 11.2350 ms/op
WorkloadPilot   14: 15 op, 168140700.00 ns, 11.2094 ms/op
WorkloadPilot   15: 16 op, 178393900.00 ns, 11.1496 ms/op
WorkloadPilot   16: 32 op, 357947300.00 ns, 11.1859 ms/op
WorkloadPilot   17: 64 op, 717557500.00 ns, 11.2118 ms/op

OverheadWarmup   1: 64 op, 1500.00 ns, 23.4375 ns/op
OverheadWarmup   2: 64 op, 600.00 ns, 9.3750 ns/op
OverheadWarmup   3: 64 op, 300.00 ns, 4.6875 ns/op
OverheadWarmup   4: 64 op, 300.00 ns, 4.6875 ns/op
OverheadWarmup   5: 64 op, 300.00 ns, 4.6875 ns/op
OverheadWarmup   6: 64 op, 300.00 ns, 4.6875 ns/op
OverheadWarmup   7: 64 op, 400.00 ns, 6.2500 ns/op

// BeforeActualRun
WorkloadActual   1: 64 op, 720270700.00 ns, 11.2542 ms/op
WorkloadActual   2: 64 op, 717360900.00 ns, 11.2088 ms/op
WorkloadActual   3: 64 op, 714730800.00 ns, 11.1677 ms/op
WorkloadActual   4: 64 op, 715562300.00 ns, 11.1807 ms/op
WorkloadActual   5: 64 op, 715942300.00 ns, 11.1866 ms/op
WorkloadActual   6: 64 op, 722890400.00 ns, 11.2952 ms/op
WorkloadActual   7: 64 op, 724931700.00 ns, 11.3271 ms/op
WorkloadActual   8: 64 op, 736270100.00 ns, 11.5042 ms/op
WorkloadActual   9: 64 op, 776549700.00 ns, 12.1336 ms/op
WorkloadActual  10: 64 op, 800867900.00 ns, 12.5136 ms/op
WorkloadActual  11: 64 op, 844914000.00 ns, 13.2018 ms/op
WorkloadActual  12: 64 op, 764325000.00 ns, 11.9426 ms/op
WorkloadActual  13: 64 op, 719982800.00 ns, 11.2497 ms/op
WorkloadActual  14: 64 op, 722313600.00 ns, 11.2862 ms/op
WorkloadActual  15: 64 op, 733422300.00 ns, 11.4597 ms/op
WorkloadActual  16: 64 op, 743001100.00 ns, 11.6094 ms/op
WorkloadActual  17: 64 op, 724161400.00 ns, 11.3150 ms/op
WorkloadActual  18: 64 op, 720031700.00 ns, 11.2505 ms/op
WorkloadActual  19: 64 op, 716116100.00 ns, 11.1893 ms/op

// AfterActualRun
WorkloadResult   1: 64 op, 720270700.00 ns, 11.2542 ms/op
WorkloadResult   2: 64 op, 717360900.00 ns, 11.2088 ms/op
WorkloadResult   3: 64 op, 714730800.00 ns, 11.1677 ms/op
WorkloadResult   4: 64 op, 715562300.00 ns, 11.1807 ms/op
WorkloadResult   5: 64 op, 715942300.00 ns, 11.1866 ms/op
WorkloadResult   6: 64 op, 722890400.00 ns, 11.2952 ms/op
WorkloadResult   7: 64 op, 724931700.00 ns, 11.3271 ms/op
WorkloadResult   8: 64 op, 736270100.00 ns, 11.5042 ms/op
WorkloadResult   9: 64 op, 764325000.00 ns, 11.9426 ms/op
WorkloadResult  10: 64 op, 719982800.00 ns, 11.2497 ms/op
WorkloadResult  11: 64 op, 722313600.00 ns, 11.2862 ms/op
WorkloadResult  12: 64 op, 733422300.00 ns, 11.4597 ms/op
WorkloadResult  13: 64 op, 743001100.00 ns, 11.6094 ms/op
WorkloadResult  14: 64 op, 724161400.00 ns, 11.3150 ms/op
WorkloadResult  15: 64 op, 720031700.00 ns, 11.2505 ms/op
WorkloadResult  16: 64 op, 716116100.00 ns, 11.1893 ms/op
// GC:  24 22 0 307207168 64
// Threading:  0 0 64

// AfterAll
// Benchmark Process 33808 has exited with code 0.

Mean = 11.339 ms, StdErr = 0.051 ms (0.45%), N = 16, StdDev = 0.204 ms
Min = 11.168 ms, Q1 = 11.204 ms, Median = 11.270 ms, Q3 = 11.360 ms, Max = 11.943 ms
IQR = 0.156 ms, LowerFence = 10.969 ms, UpperFence = 11.595 ms
ConfidenceInterval = [11.131 ms; 11.547 ms] (CI 99.9%), Margin = 0.208 ms (1.83% of Mean)
Skewness = 1.66, Kurtosis = 5.11, MValue = 2

// ** Remained 33 (57.9%) benchmark(s) to run. Estimated finish 2026-05-10 23:11 (0h 13m from now) **
Setup power plan (GUID: 8c5e7fda-e8bf-4a96-9a85-a6e23a8c635c FriendlyName: 高效能)
// **************************
// Benchmark: InsertBenchmark.'BPT  Insert rand': DefaultJob [N=100000]
// *** Execute ***
// Launch: 1 / 1
// Execute: dotnet bplus-tree-benchmark-Job-CNUJVU-1.dll --anonymousPipes 1820 1448 --benchmarkName "InsertBenchmark.BPT_Insert_Random(N: 100000)" --job Default --benchmarkId 24 in C:\Users\chentingwei\bplus-tree\bplus-tree-benchmark\bin\Release\net10.0\bplus-tree-benchmark-Job-CNUJVU-1\bin\Release\net10.0
// BeforeAnythingElse

// Benchmark Process Environment Information:
// BenchmarkDotNet v0.15.2
// Runtime=.NET 10.0.7 (10.0.726.21808), X64 RyuJIT AVX-512F+CD+BW+DQ+VL+VBMI
// GC=Concurrent Workstation
// HardwareIntrinsics=AVX-512F+CD+BW+DQ+VL+VBMI,AES,BMI1,BMI2,FMA,LZCNT,PCLMUL,POPCNT VectorSize=256
// Job: DefaultJob

OverheadJitting  1: 1 op, 206100.00 ns, 206.1000 us/op
WorkloadJitting  1: 1 op, 30386800.00 ns, 30.3868 ms/op

OverheadJitting  2: 16 op, 488900.00 ns, 30.5563 us/op
WorkloadJitting  2: 16 op, 324369200.00 ns, 20.2731 ms/op

WorkloadPilot    1: 16 op, 153946400.00 ns, 9.6217 ms/op
WorkloadPilot    2: 32 op, 306560800.00 ns, 9.5800 ms/op
WorkloadPilot    3: 64 op, 600812800.00 ns, 9.3877 ms/op

OverheadWarmup   1: 64 op, 1700.00 ns, 26.5625 ns/op
OverheadWarmup   2: 64 op, 500.00 ns, 7.8125 ns/op
OverheadWarmup   3: 64 op, 500.00 ns, 7.8125 ns/op
OverheadWarmup   4: 64 op, 400.00 ns, 6.2500 ns/op
OverheadWarmup   5: 64 op, 500.00 ns, 7.8125 ns/op
OverheadWarmup   6: 64 op, 500.00 ns, 7.8125 ns/op

OverheadActual   1: 64 op, 600.00 ns, 9.3750 ns/op
OverheadActual   2: 64 op, 600.00 ns, 9.3750 ns/op
OverheadActual   3: 64 op, 600.00 ns, 9.3750 ns/op
OverheadActual   4: 64 op, 600.00 ns, 9.3750 ns/op
OverheadActual   5: 64 op, 600.00 ns, 9.3750 ns/op
OverheadActual   6: 64 op, 500.00 ns, 7.8125 ns/op
OverheadActual   7: 64 op, 1800.00 ns, 28.1250 ns/op
OverheadActual   8: 64 op, 400.00 ns, 6.2500 ns/op
OverheadActual   9: 64 op, 400.00 ns, 6.2500 ns/op
OverheadActual  10: 64 op, 500.00 ns, 7.8125 ns/op
OverheadActual  11: 64 op, 400.00 ns, 6.2500 ns/op
OverheadActual  12: 64 op, 500.00 ns, 7.8125 ns/op
OverheadActual  13: 64 op, 600.00 ns, 9.3750 ns/op
OverheadActual  14: 64 op, 600.00 ns, 9.3750 ns/op
OverheadActual  15: 64 op, 500.00 ns, 7.8125 ns/op
OverheadActual  16: 64 op, 600.00 ns, 9.3750 ns/op
OverheadActual  17: 64 op, 500.00 ns, 7.8125 ns/op
OverheadActual  18: 64 op, 600.00 ns, 9.3750 ns/op
OverheadActual  19: 64 op, 500.00 ns, 7.8125 ns/op
OverheadActual  20: 64 op, 600.00 ns, 9.3750 ns/op

OverheadWarmup   1: 64 op, 600.00 ns, 9.3750 ns/op
OverheadWarmup   2: 64 op, 500.00 ns, 7.8125 ns/op
OverheadWarmup   3: 64 op, 500.00 ns, 7.8125 ns/op
OverheadWarmup   4: 64 op, 500.00 ns, 7.8125 ns/op
OverheadWarmup   5: 64 op, 500.00 ns, 7.8125 ns/op
OverheadWarmup   6: 64 op, 500.00 ns, 7.8125 ns/op

// BeforeActualRun
WorkloadActual   1: 64 op, 604251900.00 ns, 9.4414 ms/op
WorkloadActual   2: 64 op, 604281700.00 ns, 9.4419 ms/op
WorkloadActual   3: 64 op, 602558200.00 ns, 9.4150 ms/op
WorkloadActual   4: 64 op, 610329400.00 ns, 9.5364 ms/op
WorkloadActual   5: 64 op, 600661800.00 ns, 9.3853 ms/op
WorkloadActual   6: 64 op, 597863300.00 ns, 9.3416 ms/op
WorkloadActual   7: 64 op, 602227800.00 ns, 9.4098 ms/op
WorkloadActual   8: 64 op, 597743600.00 ns, 9.3397 ms/op
WorkloadActual   9: 64 op, 599163500.00 ns, 9.3619 ms/op
WorkloadActual  10: 64 op, 598180500.00 ns, 9.3466 ms/op
WorkloadActual  11: 64 op, 597826000.00 ns, 9.3410 ms/op
WorkloadActual  12: 64 op, 608330000.00 ns, 9.5052 ms/op
WorkloadActual  13: 64 op, 604233000.00 ns, 9.4411 ms/op
WorkloadActual  14: 64 op, 604086900.00 ns, 9.4389 ms/op
WorkloadActual  15: 64 op, 599686600.00 ns, 9.3701 ms/op

// AfterActualRun
WorkloadResult   1: 64 op, 604251300.00 ns, 9.4414 ms/op
WorkloadResult   2: 64 op, 604281100.00 ns, 9.4419 ms/op
WorkloadResult   3: 64 op, 602557600.00 ns, 9.4150 ms/op
WorkloadResult   4: 64 op, 610328800.00 ns, 9.5364 ms/op
WorkloadResult   5: 64 op, 600661200.00 ns, 9.3853 ms/op
WorkloadResult   6: 64 op, 597862700.00 ns, 9.3416 ms/op
WorkloadResult   7: 64 op, 602227200.00 ns, 9.4098 ms/op
WorkloadResult   8: 64 op, 597743000.00 ns, 9.3397 ms/op
WorkloadResult   9: 64 op, 599162900.00 ns, 9.3619 ms/op
WorkloadResult  10: 64 op, 598179900.00 ns, 9.3466 ms/op
WorkloadResult  11: 64 op, 597825400.00 ns, 9.3410 ms/op
WorkloadResult  12: 64 op, 608329400.00 ns, 9.5051 ms/op
WorkloadResult  13: 64 op, 604232400.00 ns, 9.4411 ms/op
WorkloadResult  14: 64 op, 604086300.00 ns, 9.4388 ms/op
WorkloadResult  15: 64 op, 599686000.00 ns, 9.3701 ms/op
// GC:  14 11 0 184220672 64
// Threading:  0 0 64

// AfterAll
// Benchmark Process 15036 has exited with code 0.

Mean = 9.408 ms, StdErr = 0.016 ms (0.17%), N = 15, StdDev = 0.061 ms
Min = 9.340 ms, Q1 = 9.354 ms, Median = 9.410 ms, Q3 = 9.441 ms, Max = 9.536 ms
IQR = 0.087 ms, LowerFence = 9.224 ms, UpperFence = 9.572 ms
ConfidenceInterval = [9.343 ms; 9.473 ms] (CI 99.9%), Margin = 0.065 ms (0.69% of Mean)
Skewness = 0.57, Kurtosis = 2.2, MValue = 2

// ** Remained 32 (56.1%) benchmark(s) to run. Estimated finish 2026-05-10 23:11 (0h 12m from now) **
Setup power plan (GUID: 8c5e7fda-e8bf-4a96-9a85-a6e23a8c635c FriendlyName: 高效能)
// **************************
// Benchmark: InsertBenchmark.'SD   Insert rand': DefaultJob [N=100000]
// *** Execute ***
// Launch: 1 / 1
// Execute: dotnet bplus-tree-benchmark-Job-CNUJVU-1.dll --anonymousPipes 1744 1968 --benchmarkName "InsertBenchmark.SD_Insert_Random(N: 100000)" --job Default --benchmarkId 25 in C:\Users\chentingwei\bplus-tree\bplus-tree-benchmark\bin\Release\net10.0\bplus-tree-benchmark-Job-CNUJVU-1\bin\Release\net10.0
// BeforeAnythingElse

// Benchmark Process Environment Information:
// BenchmarkDotNet v0.15.2
// Runtime=.NET 10.0.7 (10.0.726.21808), X64 RyuJIT AVX-512F+CD+BW+DQ+VL+VBMI
// GC=Concurrent Workstation
// HardwareIntrinsics=AVX-512F+CD+BW+DQ+VL+VBMI,AES,BMI1,BMI2,FMA,LZCNT,PCLMUL,POPCNT VectorSize=256
// Job: DefaultJob

OverheadJitting  1: 1 op, 193600.00 ns, 193.6000 us/op
WorkloadJitting  1: 1 op, 70959300.00 ns, 70.9593 ms/op

WorkloadPilot    1: 2 op, 128351100.00 ns, 64.1756 ms/op
WorkloadPilot    2: 3 op, 159638200.00 ns, 53.2127 ms/op
WorkloadPilot    3: 4 op, 108474600.00 ns, 27.1187 ms/op
WorkloadPilot    4: 5 op, 140465800.00 ns, 28.0932 ms/op
WorkloadPilot    5: 6 op, 162798500.00 ns, 27.1331 ms/op
WorkloadPilot    6: 7 op, 181513300.00 ns, 25.9305 ms/op
WorkloadPilot    7: 8 op, 216685100.00 ns, 27.0856 ms/op
WorkloadPilot    8: 9 op, 235158400.00 ns, 26.1287 ms/op
WorkloadPilot    9: 10 op, 250783700.00 ns, 25.0784 ms/op
WorkloadPilot   10: 11 op, 292546800.00 ns, 26.5952 ms/op
WorkloadPilot   11: 12 op, 298387800.00 ns, 24.8657 ms/op
WorkloadPilot   12: 13 op, 326479700.00 ns, 25.1138 ms/op
WorkloadPilot   13: 14 op, 356749200.00 ns, 25.4821 ms/op
WorkloadPilot   14: 15 op, 371480600.00 ns, 24.7654 ms/op
WorkloadPilot   15: 16 op, 398645700.00 ns, 24.9154 ms/op
WorkloadPilot   16: 32 op, 808827900.00 ns, 25.2759 ms/op

OverheadWarmup   1: 32 op, 1300.00 ns, 40.6250 ns/op
OverheadWarmup   2: 32 op, 400.00 ns, 12.5000 ns/op
OverheadWarmup   3: 32 op, 400.00 ns, 12.5000 ns/op
OverheadWarmup   4: 32 op, 200.00 ns, 6.2500 ns/op
OverheadWarmup   5: 32 op, 300.00 ns, 9.3750 ns/op
OverheadWarmup   6: 32 op, 300.00 ns, 9.3750 ns/op

// BeforeActualRun
WorkloadActual   1: 32 op, 831187200.00 ns, 25.9746 ms/op
WorkloadActual   2: 32 op, 819296000.00 ns, 25.6030 ms/op
WorkloadActual   3: 32 op, 829291300.00 ns, 25.9154 ms/op
WorkloadActual   4: 32 op, 822595700.00 ns, 25.7061 ms/op
WorkloadActual   5: 32 op, 817230100.00 ns, 25.5384 ms/op
WorkloadActual   6: 32 op, 815062200.00 ns, 25.4707 ms/op
WorkloadActual   7: 32 op, 839549700.00 ns, 26.2359 ms/op
WorkloadActual   8: 32 op, 834052500.00 ns, 26.0641 ms/op
WorkloadActual   9: 32 op, 815888700.00 ns, 25.4965 ms/op
WorkloadActual  10: 32 op, 803163100.00 ns, 25.0988 ms/op
WorkloadActual  11: 32 op, 807507800.00 ns, 25.2346 ms/op
WorkloadActual  12: 32 op, 813606300.00 ns, 25.4252 ms/op
WorkloadActual  13: 32 op, 809843400.00 ns, 25.3076 ms/op
WorkloadActual  14: 32 op, 810239700.00 ns, 25.3200 ms/op
WorkloadActual  15: 32 op, 818922700.00 ns, 25.5913 ms/op

// AfterActualRun
WorkloadResult   1: 32 op, 831187200.00 ns, 25.9746 ms/op
WorkloadResult   2: 32 op, 819296000.00 ns, 25.6030 ms/op
WorkloadResult   3: 32 op, 829291300.00 ns, 25.9154 ms/op
WorkloadResult   4: 32 op, 822595700.00 ns, 25.7061 ms/op
WorkloadResult   5: 32 op, 817230100.00 ns, 25.5384 ms/op
WorkloadResult   6: 32 op, 815062200.00 ns, 25.4707 ms/op
WorkloadResult   7: 32 op, 839549700.00 ns, 26.2359 ms/op
WorkloadResult   8: 32 op, 834052500.00 ns, 26.0641 ms/op
WorkloadResult   9: 32 op, 815888700.00 ns, 25.4965 ms/op
WorkloadResult  10: 32 op, 803163100.00 ns, 25.0988 ms/op
WorkloadResult  11: 32 op, 807507800.00 ns, 25.2346 ms/op
WorkloadResult  12: 32 op, 813606300.00 ns, 25.4252 ms/op
WorkloadResult  13: 32 op, 809843400.00 ns, 25.3076 ms/op
WorkloadResult  14: 32 op, 810239700.00 ns, 25.3200 ms/op
WorkloadResult  15: 32 op, 818922700.00 ns, 25.5913 ms/op
// GC:  12 11 0 153603584 32
// Threading:  0 0 32

// AfterAll
// Benchmark Process 17656 has exited with code 0.

Mean = 25.599 ms, StdErr = 0.084 ms (0.33%), N = 15, StdDev = 0.325 ms
Min = 25.099 ms, Q1 = 25.373 ms, Median = 25.538 ms, Q3 = 25.811 ms, Max = 26.236 ms
IQR = 0.438 ms, LowerFence = 24.715 ms, UpperFence = 26.468 ms
ConfidenceInterval = [25.251 ms; 25.947 ms] (CI 99.9%), Margin = 0.348 ms (1.36% of Mean)
Skewness = 0.42, Kurtosis = 2, MValue = 2

// ** Remained 31 (54.4%) benchmark(s) to run. Estimated finish 2026-05-10 23:11 (0h 12m from now) **
Setup power plan (GUID: 8c5e7fda-e8bf-4a96-9a85-a6e23a8c635c FriendlyName: 高效能)
// **************************
// Benchmark: InsertBenchmark.'BPT  Insert seq': DefaultJob [N=1000000]
// *** Execute ***
// Launch: 1 / 1
// Execute: dotnet bplus-tree-benchmark-Job-CNUJVU-1.dll --anonymousPipes 1444 1724 --benchmarkName "InsertBenchmark.BPT_Insert_Sequential(N: 1000000)" --job Default --benchmarkId 26 in C:\Users\chentingwei\bplus-tree\bplus-tree-benchmark\bin\Release\net10.0\bplus-tree-benchmark-Job-CNUJVU-1\bin\Release\net10.0
// BeforeAnythingElse

// Benchmark Process Environment Information:
// BenchmarkDotNet v0.15.2
// Runtime=.NET 10.0.7 (10.0.726.21808), X64 RyuJIT AVX-512F+CD+BW+DQ+VL+VBMI
// GC=Concurrent Workstation
// HardwareIntrinsics=AVX-512F+CD+BW+DQ+VL+VBMI,AES,BMI1,BMI2,FMA,LZCNT,PCLMUL,POPCNT VectorSize=256
// Job: DefaultJob

OverheadJitting  1: 1 op, 185600.00 ns, 185.6000 us/op
WorkloadJitting  1: 1 op, 390841800.00 ns, 390.8418 ms/op

OverheadJitting  2: 1 op, 800.00 ns, 800.0000 ns/op
WorkloadJitting  2: 1 op, 107723700.00 ns, 107.7237 ms/op

WorkloadPilot    1: 2 op, 213035600.00 ns, 106.5178 ms/op
WorkloadPilot    2: 3 op, 330522600.00 ns, 110.1742 ms/op
WorkloadPilot    3: 4 op, 436665700.00 ns, 109.1664 ms/op
WorkloadPilot    4: 5 op, 536157100.00 ns, 107.2314 ms/op

OverheadWarmup   1: 5 op, 600.00 ns, 120.0000 ns/op
OverheadWarmup   2: 5 op, 300.00 ns, 60.0000 ns/op
OverheadWarmup   3: 5 op, 300.00 ns, 60.0000 ns/op
OverheadWarmup   4: 5 op, 200.00 ns, 40.0000 ns/op
OverheadWarmup   5: 5 op, 200.00 ns, 40.0000 ns/op
OverheadWarmup   6: 5 op, 900.00 ns, 180.0000 ns/op

// BeforeActualRun
WorkloadActual   1: 5 op, 583668000.00 ns, 116.7336 ms/op
WorkloadActual   2: 5 op, 568076700.00 ns, 113.6153 ms/op
WorkloadActual   3: 5 op, 559153400.00 ns, 111.8307 ms/op
WorkloadActual   4: 5 op, 618932300.00 ns, 123.7865 ms/op
WorkloadActual   5: 5 op, 572788400.00 ns, 114.5577 ms/op
WorkloadActual   6: 5 op, 591803400.00 ns, 118.3607 ms/op
WorkloadActual   7: 5 op, 606604000.00 ns, 121.3208 ms/op
WorkloadActual   8: 5 op, 732248000.00 ns, 146.4496 ms/op
WorkloadActual   9: 5 op, 650477700.00 ns, 130.0955 ms/op
WorkloadActual  10: 5 op, 615543100.00 ns, 123.1086 ms/op
WorkloadActual  11: 5 op, 641703300.00 ns, 128.3407 ms/op
WorkloadActual  12: 5 op, 702455000.00 ns, 140.4910 ms/op
WorkloadActual  13: 5 op, 731619700.00 ns, 146.3239 ms/op
WorkloadActual  14: 5 op, 765176700.00 ns, 153.0353 ms/op
WorkloadActual  15: 5 op, 789887600.00 ns, 157.9775 ms/op
WorkloadActual  16: 5 op, 730096000.00 ns, 146.0192 ms/op
WorkloadActual  17: 5 op, 704924300.00 ns, 140.9849 ms/op
WorkloadActual  18: 5 op, 700866600.00 ns, 140.1733 ms/op
WorkloadActual  19: 5 op, 744375100.00 ns, 148.8750 ms/op
WorkloadActual  20: 5 op, 688533900.00 ns, 137.7068 ms/op
WorkloadActual  21: 5 op, 696524900.00 ns, 139.3050 ms/op
WorkloadActual  22: 5 op, 667244100.00 ns, 133.4488 ms/op
WorkloadActual  23: 5 op, 652821300.00 ns, 130.5643 ms/op
WorkloadActual  24: 5 op, 670094800.00 ns, 134.0190 ms/op
WorkloadActual  25: 5 op, 666117200.00 ns, 133.2234 ms/op
WorkloadActual  26: 5 op, 678935900.00 ns, 135.7872 ms/op
WorkloadActual  27: 5 op, 648986500.00 ns, 129.7973 ms/op
WorkloadActual  28: 5 op, 698878900.00 ns, 139.7758 ms/op
WorkloadActual  29: 5 op, 675628500.00 ns, 135.1257 ms/op
WorkloadActual  30: 5 op, 656722400.00 ns, 131.3445 ms/op
WorkloadActual  31: 5 op, 744517000.00 ns, 148.9034 ms/op
WorkloadActual  32: 5 op, 768259000.00 ns, 153.6518 ms/op
WorkloadActual  33: 5 op, 683833100.00 ns, 136.7666 ms/op
WorkloadActual  34: 5 op, 664391700.00 ns, 132.8783 ms/op
WorkloadActual  35: 5 op, 682516700.00 ns, 136.5033 ms/op
WorkloadActual  36: 5 op, 670521000.00 ns, 134.1042 ms/op
WorkloadActual  37: 5 op, 671716700.00 ns, 134.3433 ms/op
WorkloadActual  38: 5 op, 678552200.00 ns, 135.7104 ms/op
WorkloadActual  39: 5 op, 671040800.00 ns, 134.2082 ms/op
WorkloadActual  40: 5 op, 663546700.00 ns, 132.7093 ms/op
WorkloadActual  41: 5 op, 662671900.00 ns, 132.5344 ms/op
WorkloadActual  42: 5 op, 745007900.00 ns, 149.0016 ms/op
WorkloadActual  43: 5 op, 677633300.00 ns, 135.5267 ms/op
WorkloadActual  44: 5 op, 663998900.00 ns, 132.7998 ms/op
WorkloadActual  45: 5 op, 665133900.00 ns, 133.0268 ms/op
WorkloadActual  46: 5 op, 666267400.00 ns, 133.2535 ms/op
WorkloadActual  47: 5 op, 680300400.00 ns, 136.0601 ms/op
WorkloadActual  48: 5 op, 684590600.00 ns, 136.9181 ms/op
WorkloadActual  49: 5 op, 685781800.00 ns, 137.1564 ms/op
WorkloadActual  50: 5 op, 677217900.00 ns, 135.4436 ms/op
WorkloadActual  51: 5 op, 682660400.00 ns, 136.5321 ms/op
WorkloadActual  52: 5 op, 670147900.00 ns, 134.0296 ms/op
WorkloadActual  53: 5 op, 694137900.00 ns, 138.8276 ms/op
WorkloadActual  54: 5 op, 680809400.00 ns, 136.1619 ms/op
WorkloadActual  55: 5 op, 668253500.00 ns, 133.6507 ms/op
WorkloadActual  56: 5 op, 683091900.00 ns, 136.6184 ms/op
WorkloadActual  57: 5 op, 653617100.00 ns, 130.7234 ms/op
WorkloadActual  58: 5 op, 694270600.00 ns, 138.8541 ms/op
WorkloadActual  59: 5 op, 677794300.00 ns, 135.5589 ms/op
WorkloadActual  60: 5 op, 655935400.00 ns, 131.1871 ms/op
WorkloadActual  61: 5 op, 721945500.00 ns, 144.3891 ms/op
WorkloadActual  62: 5 op, 649691300.00 ns, 129.9383 ms/op
WorkloadActual  63: 5 op, 654144200.00 ns, 130.8288 ms/op
WorkloadActual  64: 5 op, 635325400.00 ns, 127.0651 ms/op
WorkloadActual  65: 5 op, 655307000.00 ns, 131.0614 ms/op
WorkloadActual  66: 5 op, 695273000.00 ns, 139.0546 ms/op
WorkloadActual  67: 5 op, 613513000.00 ns, 122.7026 ms/op
WorkloadActual  68: 5 op, 618420000.00 ns, 123.6840 ms/op
WorkloadActual  69: 5 op, 637678400.00 ns, 127.5357 ms/op
WorkloadActual  70: 5 op, 653505900.00 ns, 130.7012 ms/op
WorkloadActual  71: 5 op, 617320100.00 ns, 123.4640 ms/op
WorkloadActual  72: 5 op, 602012000.00 ns, 120.4024 ms/op
WorkloadActual  73: 5 op, 610257400.00 ns, 122.0515 ms/op
WorkloadActual  74: 5 op, 646969600.00 ns, 129.3939 ms/op
WorkloadActual  75: 5 op, 626370000.00 ns, 125.2740 ms/op
WorkloadActual  76: 5 op, 610034000.00 ns, 122.0068 ms/op
WorkloadActual  77: 5 op, 613947500.00 ns, 122.7895 ms/op
WorkloadActual  78: 5 op, 621858600.00 ns, 124.3717 ms/op
WorkloadActual  79: 5 op, 611520000.00 ns, 122.3040 ms/op
WorkloadActual  80: 5 op, 606115300.00 ns, 121.2231 ms/op
WorkloadActual  81: 5 op, 603954800.00 ns, 120.7910 ms/op
WorkloadActual  82: 5 op, 648309300.00 ns, 129.6619 ms/op
WorkloadActual  83: 5 op, 729682100.00 ns, 145.9364 ms/op
WorkloadActual  84: 5 op, 680332200.00 ns, 136.0664 ms/op
WorkloadActual  85: 5 op, 677805100.00 ns, 135.5610 ms/op
WorkloadActual  86: 5 op, 681839500.00 ns, 136.3679 ms/op
WorkloadActual  87: 5 op, 662175300.00 ns, 132.4351 ms/op
WorkloadActual  88: 5 op, 606004100.00 ns, 121.2008 ms/op
WorkloadActual  89: 5 op, 591270300.00 ns, 118.2541 ms/op
WorkloadActual  90: 5 op, 639337900.00 ns, 127.8676 ms/op
WorkloadActual  91: 5 op, 633539300.00 ns, 126.7079 ms/op
WorkloadActual  92: 5 op, 590301800.00 ns, 118.0604 ms/op
WorkloadActual  93: 5 op, 624387100.00 ns, 124.8774 ms/op
WorkloadActual  94: 5 op, 655817100.00 ns, 131.1634 ms/op
WorkloadActual  95: 5 op, 608736100.00 ns, 121.7472 ms/op
WorkloadActual  96: 5 op, 674048800.00 ns, 134.8098 ms/op
WorkloadActual  97: 5 op, 654393000.00 ns, 130.8786 ms/op
WorkloadActual  98: 5 op, 553438300.00 ns, 110.6877 ms/op
WorkloadActual  99: 5 op, 639002600.00 ns, 127.8005 ms/op
WorkloadActual  100: 5 op, 650210800.00 ns, 130.0422 ms/op

// AfterActualRun
WorkloadResult   1: 5 op, 583668000.00 ns, 116.7336 ms/op
WorkloadResult   2: 5 op, 568076700.00 ns, 113.6153 ms/op
WorkloadResult   3: 5 op, 559153400.00 ns, 111.8307 ms/op
WorkloadResult   4: 5 op, 618932300.00 ns, 123.7865 ms/op
WorkloadResult   5: 5 op, 572788400.00 ns, 114.5577 ms/op
WorkloadResult   6: 5 op, 591803400.00 ns, 118.3607 ms/op
WorkloadResult   7: 5 op, 606604000.00 ns, 121.3208 ms/op
WorkloadResult   8: 5 op, 732248000.00 ns, 146.4496 ms/op
WorkloadResult   9: 5 op, 650477700.00 ns, 130.0955 ms/op
WorkloadResult  10: 5 op, 615543100.00 ns, 123.1086 ms/op
WorkloadResult  11: 5 op, 641703300.00 ns, 128.3407 ms/op
WorkloadResult  12: 5 op, 702455000.00 ns, 140.4910 ms/op
WorkloadResult  13: 5 op, 731619700.00 ns, 146.3239 ms/op
WorkloadResult  14: 5 op, 765176700.00 ns, 153.0353 ms/op
WorkloadResult  15: 5 op, 730096000.00 ns, 146.0192 ms/op
WorkloadResult  16: 5 op, 704924300.00 ns, 140.9849 ms/op
WorkloadResult  17: 5 op, 700866600.00 ns, 140.1733 ms/op
WorkloadResult  18: 5 op, 744375100.00 ns, 148.8750 ms/op
WorkloadResult  19: 5 op, 688533900.00 ns, 137.7068 ms/op
WorkloadResult  20: 5 op, 696524900.00 ns, 139.3050 ms/op
WorkloadResult  21: 5 op, 667244100.00 ns, 133.4488 ms/op
WorkloadResult  22: 5 op, 652821300.00 ns, 130.5643 ms/op
WorkloadResult  23: 5 op, 670094800.00 ns, 134.0190 ms/op
WorkloadResult  24: 5 op, 666117200.00 ns, 133.2234 ms/op
WorkloadResult  25: 5 op, 678935900.00 ns, 135.7872 ms/op
WorkloadResult  26: 5 op, 648986500.00 ns, 129.7973 ms/op
WorkloadResult  27: 5 op, 698878900.00 ns, 139.7758 ms/op
WorkloadResult  28: 5 op, 675628500.00 ns, 135.1257 ms/op
WorkloadResult  29: 5 op, 656722400.00 ns, 131.3445 ms/op
WorkloadResult  30: 5 op, 744517000.00 ns, 148.9034 ms/op
WorkloadResult  31: 5 op, 683833100.00 ns, 136.7666 ms/op
WorkloadResult  32: 5 op, 664391700.00 ns, 132.8783 ms/op
WorkloadResult  33: 5 op, 682516700.00 ns, 136.5033 ms/op
WorkloadResult  34: 5 op, 670521000.00 ns, 134.1042 ms/op
WorkloadResult  35: 5 op, 671716700.00 ns, 134.3433 ms/op
WorkloadResult  36: 5 op, 678552200.00 ns, 135.7104 ms/op
WorkloadResult  37: 5 op, 671040800.00 ns, 134.2082 ms/op
WorkloadResult  38: 5 op, 663546700.00 ns, 132.7093 ms/op
WorkloadResult  39: 5 op, 662671900.00 ns, 132.5344 ms/op
WorkloadResult  40: 5 op, 745007900.00 ns, 149.0016 ms/op
WorkloadResult  41: 5 op, 677633300.00 ns, 135.5267 ms/op
WorkloadResult  42: 5 op, 663998900.00 ns, 132.7998 ms/op
WorkloadResult  43: 5 op, 665133900.00 ns, 133.0268 ms/op
WorkloadResult  44: 5 op, 666267400.00 ns, 133.2535 ms/op
WorkloadResult  45: 5 op, 680300400.00 ns, 136.0601 ms/op
WorkloadResult  46: 5 op, 684590600.00 ns, 136.9181 ms/op
WorkloadResult  47: 5 op, 685781800.00 ns, 137.1564 ms/op
WorkloadResult  48: 5 op, 677217900.00 ns, 135.4436 ms/op
WorkloadResult  49: 5 op, 682660400.00 ns, 136.5321 ms/op
WorkloadResult  50: 5 op, 670147900.00 ns, 134.0296 ms/op
WorkloadResult  51: 5 op, 694137900.00 ns, 138.8276 ms/op
WorkloadResult  52: 5 op, 680809400.00 ns, 136.1619 ms/op
WorkloadResult  53: 5 op, 668253500.00 ns, 133.6507 ms/op
WorkloadResult  54: 5 op, 683091900.00 ns, 136.6184 ms/op
WorkloadResult  55: 5 op, 653617100.00 ns, 130.7234 ms/op
WorkloadResult  56: 5 op, 694270600.00 ns, 138.8541 ms/op
WorkloadResult  57: 5 op, 677794300.00 ns, 135.5589 ms/op
WorkloadResult  58: 5 op, 655935400.00 ns, 131.1871 ms/op
WorkloadResult  59: 5 op, 721945500.00 ns, 144.3891 ms/op
WorkloadResult  60: 5 op, 649691300.00 ns, 129.9383 ms/op
WorkloadResult  61: 5 op, 654144200.00 ns, 130.8288 ms/op
WorkloadResult  62: 5 op, 635325400.00 ns, 127.0651 ms/op
WorkloadResult  63: 5 op, 655307000.00 ns, 131.0614 ms/op
WorkloadResult  64: 5 op, 695273000.00 ns, 139.0546 ms/op
WorkloadResult  65: 5 op, 613513000.00 ns, 122.7026 ms/op
WorkloadResult  66: 5 op, 618420000.00 ns, 123.6840 ms/op
WorkloadResult  67: 5 op, 637678400.00 ns, 127.5357 ms/op
WorkloadResult  68: 5 op, 653505900.00 ns, 130.7012 ms/op
WorkloadResult  69: 5 op, 617320100.00 ns, 123.4640 ms/op
WorkloadResult  70: 5 op, 602012000.00 ns, 120.4024 ms/op
WorkloadResult  71: 5 op, 610257400.00 ns, 122.0515 ms/op
WorkloadResult  72: 5 op, 646969600.00 ns, 129.3939 ms/op
WorkloadResult  73: 5 op, 626370000.00 ns, 125.2740 ms/op
WorkloadResult  74: 5 op, 610034000.00 ns, 122.0068 ms/op
WorkloadResult  75: 5 op, 613947500.00 ns, 122.7895 ms/op
WorkloadResult  76: 5 op, 621858600.00 ns, 124.3717 ms/op
WorkloadResult  77: 5 op, 611520000.00 ns, 122.3040 ms/op
WorkloadResult  78: 5 op, 606115300.00 ns, 121.2231 ms/op
WorkloadResult  79: 5 op, 603954800.00 ns, 120.7910 ms/op
WorkloadResult  80: 5 op, 648309300.00 ns, 129.6619 ms/op
WorkloadResult  81: 5 op, 729682100.00 ns, 145.9364 ms/op
WorkloadResult  82: 5 op, 680332200.00 ns, 136.0664 ms/op
WorkloadResult  83: 5 op, 677805100.00 ns, 135.5610 ms/op
WorkloadResult  84: 5 op, 681839500.00 ns, 136.3679 ms/op
WorkloadResult  85: 5 op, 662175300.00 ns, 132.4351 ms/op
WorkloadResult  86: 5 op, 606004100.00 ns, 121.2008 ms/op
WorkloadResult  87: 5 op, 591270300.00 ns, 118.2541 ms/op
WorkloadResult  88: 5 op, 639337900.00 ns, 127.8676 ms/op
WorkloadResult  89: 5 op, 633539300.00 ns, 126.7079 ms/op
WorkloadResult  90: 5 op, 590301800.00 ns, 118.0604 ms/op
WorkloadResult  91: 5 op, 624387100.00 ns, 124.8774 ms/op
WorkloadResult  92: 5 op, 655817100.00 ns, 131.1634 ms/op
WorkloadResult  93: 5 op, 608736100.00 ns, 121.7472 ms/op
WorkloadResult  94: 5 op, 674048800.00 ns, 134.8098 ms/op
WorkloadResult  95: 5 op, 654393000.00 ns, 130.8786 ms/op
WorkloadResult  96: 5 op, 553438300.00 ns, 110.6877 ms/op
WorkloadResult  97: 5 op, 639002600.00 ns, 127.8005 ms/op
WorkloadResult  98: 5 op, 650210800.00 ns, 130.0422 ms/op
// GC:  21 20 6 197097552 5
// Threading:  0 0 5

// AfterAll
// Benchmark Process 25100 has exited with code 0.

Mean = 131.483 ms, StdErr = 0.868 ms (0.66%), N = 98, StdDev = 8.593 ms
Min = 110.688 ms, Q1 = 124.977 ms, Median = 132.622 ms, Q3 = 136.316 ms, Max = 153.035 ms
IQR = 11.340 ms, LowerFence = 107.967 ms, UpperFence = 153.326 ms
ConfidenceInterval = [128.537 ms; 134.429 ms] (CI 99.9%), Margin = 2.946 ms (2.24% of Mean)
Skewness = -0.06, Kurtosis = 2.89, MValue = 2

// ** Remained 30 (52.6%) benchmark(s) to run. Estimated finish 2026-05-10 23:12 (0h 12m from now) **
Setup power plan (GUID: 8c5e7fda-e8bf-4a96-9a85-a6e23a8c635c FriendlyName: 高效能)
// **************************
// Benchmark: InsertBenchmark.'SD   Insert seq': DefaultJob [N=1000000]
// *** Execute ***
// Launch: 1 / 1
// Execute: dotnet bplus-tree-benchmark-Job-CNUJVU-1.dll --anonymousPipes 1800 1892 --benchmarkName "InsertBenchmark.SD_Insert_Sequential(N: 1000000)" --job Default --benchmarkId 27 in C:\Users\chentingwei\bplus-tree\bplus-tree-benchmark\bin\Release\net10.0\bplus-tree-benchmark-Job-CNUJVU-1\bin\Release\net10.0
// BeforeAnythingElse

// Benchmark Process Environment Information:
// BenchmarkDotNet v0.15.2
// Runtime=.NET 10.0.7 (10.0.726.21808), X64 RyuJIT AVX-512F+CD+BW+DQ+VL+VBMI
// GC=Concurrent Workstation
// HardwareIntrinsics=AVX-512F+CD+BW+DQ+VL+VBMI,AES,BMI1,BMI2,FMA,LZCNT,PCLMUL,POPCNT VectorSize=256
// Job: DefaultJob

OverheadJitting  1: 1 op, 193000.00 ns, 193.0000 us/op
WorkloadJitting  1: 1 op, 360088400.00 ns, 360.0884 ms/op

OverheadJitting  2: 1 op, 500.00 ns, 500.0000 ns/op
WorkloadJitting  2: 1 op, 196617000.00 ns, 196.6170 ms/op

WorkloadPilot    1: 2 op, 441612700.00 ns, 220.8064 ms/op
WorkloadPilot    2: 3 op, 720582200.00 ns, 240.1941 ms/op

OverheadWarmup   1: 3 op, 1700.00 ns, 566.6667 ns/op
OverheadWarmup   2: 3 op, 300.00 ns, 100.0000 ns/op
OverheadWarmup   3: 3 op, 300.00 ns, 100.0000 ns/op
OverheadWarmup   4: 3 op, 600.00 ns, 200.0000 ns/op
OverheadWarmup   5: 3 op, 300.00 ns, 100.0000 ns/op
OverheadWarmup   6: 3 op, 200.00 ns, 66.6667 ns/op
OverheadWarmup   7: 3 op, 200.00 ns, 66.6667 ns/op

// BeforeActualRun
WorkloadActual   1: 3 op, 741971500.00 ns, 247.3238 ms/op
WorkloadActual   2: 3 op, 718082100.00 ns, 239.3607 ms/op
WorkloadActual   3: 3 op, 715315100.00 ns, 238.4384 ms/op
WorkloadActual   4: 3 op, 657121700.00 ns, 219.0406 ms/op
WorkloadActual   5: 3 op, 616696300.00 ns, 205.5654 ms/op
WorkloadActual   6: 3 op, 588025700.00 ns, 196.0086 ms/op
WorkloadActual   7: 3 op, 605489100.00 ns, 201.8297 ms/op
WorkloadActual   8: 3 op, 579379400.00 ns, 193.1265 ms/op
WorkloadActual   9: 3 op, 636033400.00 ns, 212.0111 ms/op
WorkloadActual  10: 3 op, 676122400.00 ns, 225.3741 ms/op
WorkloadActual  11: 3 op, 602999200.00 ns, 200.9997 ms/op
WorkloadActual  12: 3 op, 600508900.00 ns, 200.1696 ms/op
WorkloadActual  13: 3 op, 589519600.00 ns, 196.5065 ms/op
WorkloadActual  14: 3 op, 610426400.00 ns, 203.4755 ms/op
WorkloadActual  15: 3 op, 613914200.00 ns, 204.6381 ms/op
WorkloadActual  16: 3 op, 599802100.00 ns, 199.9340 ms/op
WorkloadActual  17: 3 op, 590474900.00 ns, 196.8250 ms/op
WorkloadActual  18: 3 op, 587217600.00 ns, 195.7392 ms/op
WorkloadActual  19: 3 op, 603264700.00 ns, 201.0882 ms/op
WorkloadActual  20: 3 op, 608993900.00 ns, 202.9980 ms/op
WorkloadActual  21: 3 op, 602264800.00 ns, 200.7549 ms/op
WorkloadActual  22: 3 op, 608358600.00 ns, 202.7862 ms/op
WorkloadActual  23: 3 op, 593491000.00 ns, 197.8303 ms/op
WorkloadActual  24: 3 op, 611454700.00 ns, 203.8182 ms/op
WorkloadActual  25: 3 op, 598497800.00 ns, 199.4993 ms/op

// AfterActualRun
WorkloadResult   1: 3 op, 616696300.00 ns, 205.5654 ms/op
WorkloadResult   2: 3 op, 588025700.00 ns, 196.0086 ms/op
WorkloadResult   3: 3 op, 605489100.00 ns, 201.8297 ms/op
WorkloadResult   4: 3 op, 579379400.00 ns, 193.1265 ms/op
WorkloadResult   5: 3 op, 636033400.00 ns, 212.0111 ms/op
WorkloadResult   6: 3 op, 602999200.00 ns, 200.9997 ms/op
WorkloadResult   7: 3 op, 600508900.00 ns, 200.1696 ms/op
WorkloadResult   8: 3 op, 589519600.00 ns, 196.5065 ms/op
WorkloadResult   9: 3 op, 610426400.00 ns, 203.4755 ms/op
WorkloadResult  10: 3 op, 613914200.00 ns, 204.6381 ms/op
WorkloadResult  11: 3 op, 599802100.00 ns, 199.9340 ms/op
WorkloadResult  12: 3 op, 590474900.00 ns, 196.8250 ms/op
WorkloadResult  13: 3 op, 587217600.00 ns, 195.7392 ms/op
WorkloadResult  14: 3 op, 603264700.00 ns, 201.0882 ms/op
WorkloadResult  15: 3 op, 608993900.00 ns, 202.9980 ms/op
WorkloadResult  16: 3 op, 602264800.00 ns, 200.7549 ms/op
WorkloadResult  17: 3 op, 608358600.00 ns, 202.7862 ms/op
WorkloadResult  18: 3 op, 593491000.00 ns, 197.8303 ms/op
WorkloadResult  19: 3 op, 611454700.00 ns, 203.8182 ms/op
WorkloadResult  20: 3 op, 598497800.00 ns, 199.4993 ms/op
// GC:  15 14 4 144001784 3
// Threading:  0 0 3

// AfterAll
// Benchmark Process 28216 has exited with code 0.

Mean = 200.780 ms, StdErr = 0.950 ms (0.47%), N = 20, StdDev = 4.247 ms
Min = 193.126 ms, Q1 = 197.579 ms, Median = 200.877 ms, Q3 = 203.117 ms, Max = 212.011 ms
IQR = 5.538 ms, LowerFence = 189.271 ms, UpperFence = 211.425 ms
ConfidenceInterval = [197.092 ms; 204.468 ms] (CI 99.9%), Margin = 3.688 ms (1.84% of Mean)
Skewness = 0.52, Kurtosis = 3.39, MValue = 2

// ** Remained 29 (50.9%) benchmark(s) to run. Estimated finish 2026-05-10 23:12 (0h 12m from now) **
Setup power plan (GUID: 8c5e7fda-e8bf-4a96-9a85-a6e23a8c635c FriendlyName: 高效能)
// **************************
// Benchmark: InsertBenchmark.'BPT  Insert rand': DefaultJob [N=1000000]
// *** Execute ***
// Launch: 1 / 1
// Execute: dotnet bplus-tree-benchmark-Job-CNUJVU-1.dll --anonymousPipes 1964 1880 --benchmarkName "InsertBenchmark.BPT_Insert_Random(N: 1000000)" --job Default --benchmarkId 28 in C:\Users\chentingwei\bplus-tree\bplus-tree-benchmark\bin\Release\net10.0\bplus-tree-benchmark-Job-CNUJVU-1\bin\Release\net10.0
// BeforeAnythingElse

// Benchmark Process Environment Information:
// BenchmarkDotNet v0.15.2
// Runtime=.NET 10.0.7 (10.0.726.21808), X64 RyuJIT AVX-512F+CD+BW+DQ+VL+VBMI
// GC=Concurrent Workstation
// HardwareIntrinsics=AVX-512F+CD+BW+DQ+VL+VBMI,AES,BMI1,BMI2,FMA,LZCNT,PCLMUL,POPCNT VectorSize=256
// Job: DefaultJob

OverheadJitting  1: 1 op, 186600.00 ns, 186.6000 us/op
WorkloadJitting  1: 1 op, 392143100.00 ns, 392.1431 ms/op

OverheadJitting  2: 1 op, 500.00 ns, 500.0000 ns/op
WorkloadJitting  2: 1 op, 172309700.00 ns, 172.3097 ms/op

WorkloadPilot    1: 2 op, 373671600.00 ns, 186.8358 ms/op
WorkloadPilot    2: 3 op, 531645700.00 ns, 177.2152 ms/op

OverheadWarmup   1: 3 op, 700.00 ns, 233.3333 ns/op
OverheadWarmup   2: 3 op, 400.00 ns, 133.3333 ns/op
OverheadWarmup   3: 3 op, 200.00 ns, 66.6667 ns/op
OverheadWarmup   4: 3 op, 200.00 ns, 66.6667 ns/op
OverheadWarmup   5: 3 op, 100.00 ns, 33.3333 ns/op
OverheadWarmup   6: 3 op, 200.00 ns, 66.6667 ns/op
OverheadWarmup   7: 3 op, 200.00 ns, 66.6667 ns/op

// BeforeActualRun
WorkloadActual   1: 3 op, 546434300.00 ns, 182.1448 ms/op
WorkloadActual   2: 3 op, 525714700.00 ns, 175.2382 ms/op
WorkloadActual   3: 3 op, 544515300.00 ns, 181.5051 ms/op
WorkloadActual   4: 3 op, 518958400.00 ns, 172.9861 ms/op
WorkloadActual   5: 3 op, 521671400.00 ns, 173.8905 ms/op
WorkloadActual   6: 3 op, 532241200.00 ns, 177.4137 ms/op
WorkloadActual   7: 3 op, 537565400.00 ns, 179.1885 ms/op
WorkloadActual   8: 3 op, 521454600.00 ns, 173.8182 ms/op
WorkloadActual   9: 3 op, 521842800.00 ns, 173.9476 ms/op
WorkloadActual  10: 3 op, 527251400.00 ns, 175.7505 ms/op
WorkloadActual  11: 3 op, 519963200.00 ns, 173.3211 ms/op
WorkloadActual  12: 3 op, 525112400.00 ns, 175.0375 ms/op
WorkloadActual  13: 3 op, 541133800.00 ns, 180.3779 ms/op
WorkloadActual  14: 3 op, 525956700.00 ns, 175.3189 ms/op
WorkloadActual  15: 3 op, 531672600.00 ns, 177.2242 ms/op

// AfterActualRun
WorkloadResult   1: 3 op, 546434300.00 ns, 182.1448 ms/op
WorkloadResult   2: 3 op, 525714700.00 ns, 175.2382 ms/op
WorkloadResult   3: 3 op, 544515300.00 ns, 181.5051 ms/op
WorkloadResult   4: 3 op, 518958400.00 ns, 172.9861 ms/op
WorkloadResult   5: 3 op, 521671400.00 ns, 173.8905 ms/op
WorkloadResult   6: 3 op, 532241200.00 ns, 177.4137 ms/op
WorkloadResult   7: 3 op, 537565400.00 ns, 179.1885 ms/op
WorkloadResult   8: 3 op, 521454600.00 ns, 173.8182 ms/op
WorkloadResult   9: 3 op, 521842800.00 ns, 173.9476 ms/op
WorkloadResult  10: 3 op, 527251400.00 ns, 175.7505 ms/op
WorkloadResult  11: 3 op, 519963200.00 ns, 173.3211 ms/op
WorkloadResult  12: 3 op, 525112400.00 ns, 175.0375 ms/op
WorkloadResult  13: 3 op, 541133800.00 ns, 180.3779 ms/op
WorkloadResult  14: 3 op, 525956700.00 ns, 175.3189 ms/op
WorkloadResult  15: 3 op, 531672600.00 ns, 177.2242 ms/op
// GC:  8 7 2 85291960 3
// Threading:  0 0 3

// AfterAll
// Benchmark Process 22496 has exited with code 0.

Mean = 176.478 ms, StdErr = 0.784 ms (0.44%), N = 15, StdDev = 3.038 ms
Min = 172.986 ms, Q1 = 173.919 ms, Median = 175.319 ms, Q3 = 178.301 ms, Max = 182.145 ms
IQR = 4.382 ms, LowerFence = 167.346 ms, UpperFence = 184.874 ms
ConfidenceInterval = [173.230 ms; 179.725 ms] (CI 99.9%), Margin = 3.248 ms (1.84% of Mean)
Skewness = 0.61, Kurtosis = 1.84, MValue = 2

// ** Remained 28 (49.1%) benchmark(s) to run. Estimated finish 2026-05-10 23:12 (0h 11m from now) **
Setup power plan (GUID: 8c5e7fda-e8bf-4a96-9a85-a6e23a8c635c FriendlyName: 高效能)
// **************************
// Benchmark: InsertBenchmark.'SD   Insert rand': DefaultJob [N=1000000]
// *** Execute ***
// Launch: 1 / 1
// Execute: dotnet bplus-tree-benchmark-Job-CNUJVU-1.dll --anonymousPipes 1940 1700 --benchmarkName "InsertBenchmark.SD_Insert_Random(N: 1000000)" --job Default --benchmarkId 29 in C:\Users\chentingwei\bplus-tree\bplus-tree-benchmark\bin\Release\net10.0\bplus-tree-benchmark-Job-CNUJVU-1\bin\Release\net10.0
// BeforeAnythingElse

// Benchmark Process Environment Information:
// BenchmarkDotNet v0.15.2
// Runtime=.NET 10.0.7 (10.0.726.21808), X64 RyuJIT AVX-512F+CD+BW+DQ+VL+VBMI
// GC=Concurrent Workstation
// HardwareIntrinsics=AVX-512F+CD+BW+DQ+VL+VBMI,AES,BMI1,BMI2,FMA,LZCNT,PCLMUL,POPCNT VectorSize=256
// Job: DefaultJob

OverheadJitting  1: 1 op, 215900.00 ns, 215.9000 us/op
WorkloadJitting  1: 1 op, 978123000.00 ns, 978.1230 ms/op

OverheadJitting  2: 1 op, 500.00 ns, 500.0000 ns/op
WorkloadJitting  2: 1 op, 831692500.00 ns, 831.6925 ms/op

OverheadWarmup   1: 1 op, 700.00 ns, 700.0000 ns/op
OverheadWarmup   2: 1 op, 700.00 ns, 700.0000 ns/op
OverheadWarmup   3: 1 op, 200.00 ns, 200.0000 ns/op
OverheadWarmup   4: 1 op, 200.00 ns, 200.0000 ns/op
OverheadWarmup   5: 1 op, 300.00 ns, 300.0000 ns/op
OverheadWarmup   6: 1 op, 300.00 ns, 300.0000 ns/op

// BeforeActualRun
WorkloadActual   1: 1 op, 856088400.00 ns, 856.0884 ms/op
WorkloadActual   2: 1 op, 838423100.00 ns, 838.4231 ms/op
WorkloadActual   3: 1 op, 842594000.00 ns, 842.5940 ms/op
WorkloadActual   4: 1 op, 859041100.00 ns, 859.0411 ms/op
WorkloadActual   5: 1 op, 827964700.00 ns, 827.9647 ms/op
WorkloadActual   6: 1 op, 847523200.00 ns, 847.5232 ms/op
WorkloadActual   7: 1 op, 840881700.00 ns, 840.8817 ms/op
WorkloadActual   8: 1 op, 842441000.00 ns, 842.4410 ms/op
WorkloadActual   9: 1 op, 835853100.00 ns, 835.8531 ms/op
WorkloadActual  10: 1 op, 819726600.00 ns, 819.7266 ms/op
WorkloadActual  11: 1 op, 822019000.00 ns, 822.0190 ms/op
WorkloadActual  12: 1 op, 847274500.00 ns, 847.2745 ms/op
WorkloadActual  13: 1 op, 809178700.00 ns, 809.1787 ms/op
WorkloadActual  14: 1 op, 833915600.00 ns, 833.9156 ms/op
WorkloadActual  15: 1 op, 850591100.00 ns, 850.5911 ms/op

// AfterActualRun
WorkloadResult   1: 1 op, 856088400.00 ns, 856.0884 ms/op
WorkloadResult   2: 1 op, 838423100.00 ns, 838.4231 ms/op
WorkloadResult   3: 1 op, 842594000.00 ns, 842.5940 ms/op
WorkloadResult   4: 1 op, 859041100.00 ns, 859.0411 ms/op
WorkloadResult   5: 1 op, 827964700.00 ns, 827.9647 ms/op
WorkloadResult   6: 1 op, 847523200.00 ns, 847.5232 ms/op
WorkloadResult   7: 1 op, 840881700.00 ns, 840.8817 ms/op
WorkloadResult   8: 1 op, 842441000.00 ns, 842.4410 ms/op
WorkloadResult   9: 1 op, 835853100.00 ns, 835.8531 ms/op
WorkloadResult  10: 1 op, 819726600.00 ns, 819.7266 ms/op
WorkloadResult  11: 1 op, 822019000.00 ns, 822.0190 ms/op
WorkloadResult  12: 1 op, 847274500.00 ns, 847.2745 ms/op
WorkloadResult  13: 1 op, 809178700.00 ns, 809.1787 ms/op
WorkloadResult  14: 1 op, 833915600.00 ns, 833.9156 ms/op
WorkloadResult  15: 1 op, 850591100.00 ns, 850.5911 ms/op
// GC:  4 3 1 48006216 1
// Threading:  0 0 1

// AfterAll
// Benchmark Process 34512 has exited with code 0.

Mean = 838.234 ms, StdErr = 3.583 ms (0.43%), N = 15, StdDev = 13.876 ms
Min = 809.179 ms, Q1 = 830.940 ms, Median = 840.882 ms, Q3 = 847.399 ms, Max = 859.041 ms
IQR = 16.459 ms, LowerFence = 806.252 ms, UpperFence = 872.087 ms
ConfidenceInterval = [823.400 ms; 853.069 ms] (CI 99.9%), Margin = 14.834 ms (1.77% of Mean)
Skewness = -0.45, Kurtosis = 2.23, MValue = 2

// ** Remained 27 (47.4%) benchmark(s) to run. Estimated finish 2026-05-10 23:11 (0h 11m from now) **
Successfully reverted power plan (GUID: 381b4222-f694-41f0-9685-ff5bb260df2e FriendlyName: 平衡)
// ***** BenchmarkRunner: Finish  *****

// * Export *
  BenchmarkDotNet.Artifacts\results\InsertBenchmark-report.csv
  BenchmarkDotNet.Artifacts\results\InsertBenchmark-report-github.md
  BenchmarkDotNet.Artifacts\results\InsertBenchmark-report.html

// * Detailed results *
InsertBenchmark.'BPT  Insert seq': DefaultJob [N=10000]
Runtime = .NET 10.0.7 (10.0.726.21808), X64 RyuJIT AVX-512F+CD+BW+DQ+VL+VBMI; GC = Concurrent Workstation
Mean = 562.791 μs, StdErr = 1.843 μs (0.33%), N = 15, StdDev = 7.137 μs
Min = 555.106 μs, Q1 = 556.896 μs, Median = 559.212 μs, Q3 = 567.603 μs, Max = 577.666 μs
IQR = 10.707 μs, LowerFence = 540.835 μs, UpperFence = 583.664 μs
ConfidenceInterval = [555.161 μs; 570.420 μs] (CI 99.9%), Margin = 7.630 μs (1.36% of Mean)
Skewness = 0.59, Kurtosis = 1.97, MValue = 2
-------------------- Histogram --------------------
[551.308 μs ; 562.731 μs) | @@@@@@@@
[562.731 μs ; 581.464 μs) | @@@@@@@
---------------------------------------------------

InsertBenchmark.'SD   Insert seq': DefaultJob [N=10000]
Runtime = .NET 10.0.7 (10.0.726.21808), X64 RyuJIT AVX-512F+CD+BW+DQ+VL+VBMI; GC = Concurrent Workstation
Mean = 821.650 μs, StdErr = 3.326 μs (0.40%), N = 15, StdDev = 12.882 μs
Min = 802.461 μs, Q1 = 812.621 μs, Median = 818.198 μs, Q3 = 828.195 μs, Max = 848.910 μs
IQR = 15.574 μs, LowerFence = 789.260 μs, UpperFence = 851.556 μs
ConfidenceInterval = [807.879 μs; 835.421 μs] (CI 99.9%), Margin = 13.771 μs (1.68% of Mean)
Skewness = 0.7, Kurtosis = 2.48, MValue = 2
-------------------- Histogram --------------------
[795.605 μs ; 823.741 μs) | @@@@@@@@@
[823.741 μs ; 855.766 μs) | @@@@@@
---------------------------------------------------

InsertBenchmark.'BPT  Insert rand': DefaultJob [N=10000]
Runtime = .NET 10.0.7 (10.0.726.21808), X64 RyuJIT AVX-512F+CD+BW+DQ+VL+VBMI; GC = Concurrent Workstation
Mean = 777.092 μs, StdErr = 2.671 μs (0.34%), N = 13, StdDev = 9.632 μs
Min = 765.221 μs, Q1 = 768.065 μs, Median = 775.595 μs, Q3 = 785.158 μs, Max = 794.562 μs
IQR = 17.093 μs, LowerFence = 742.425 μs, UpperFence = 810.798 μs
ConfidenceInterval = [765.558 μs; 788.627 μs] (CI 99.9%), Margin = 11.534 μs (1.48% of Mean)
Skewness = 0.42, Kurtosis = 1.71, MValue = 2
-------------------- Histogram --------------------
[764.526 μs ; 797.759 μs) | @@@@@@@@@@@@@
---------------------------------------------------

InsertBenchmark.'SD   Insert rand': DefaultJob [N=10000]
Runtime = .NET 10.0.7 (10.0.726.21808), X64 RyuJIT AVX-512F+CD+BW+DQ+VL+VBMI; GC = Concurrent Workstation
Mean = 1.650 ms, StdErr = 0.001 ms (0.08%), N = 15, StdDev = 0.005 ms
Min = 1.642 ms, Q1 = 1.647 ms, Median = 1.650 ms, Q3 = 1.654 ms, Max = 1.661 ms
IQR = 0.007 ms, LowerFence = 1.637 ms, UpperFence = 1.663 ms
ConfidenceInterval = [1.645 ms; 1.656 ms] (CI 99.9%), Margin = 0.005 ms (0.33% of Mean)
Skewness = 0.09, Kurtosis = 2.2, MValue = 2
-------------------- Histogram --------------------
[1.640 ms ; 1.663 ms) | @@@@@@@@@@@@@@@
---------------------------------------------------

InsertBenchmark.'BPT  Insert seq': DefaultJob [N=100000]
Runtime = .NET 10.0.7 (10.0.726.21808), X64 RyuJIT AVX-512F+CD+BW+DQ+VL+VBMI; GC = Concurrent Workstation
Mean = 7.454 ms, StdErr = 0.004 ms (0.05%), N = 13, StdDev = 0.015 ms
Min = 7.424 ms, Q1 = 7.448 ms, Median = 7.457 ms, Q3 = 7.461 ms, Max = 7.482 ms
IQR = 0.013 ms, LowerFence = 7.429 ms, UpperFence = 7.480 ms
ConfidenceInterval = [7.437 ms; 7.472 ms] (CI 99.9%), Margin = 0.017 ms (0.23% of Mean)
Skewness = -0.25, Kurtosis = 2.68, MValue = 2
-------------------- Histogram --------------------
[7.416 ms ; 7.490 ms) | @@@@@@@@@@@@@
---------------------------------------------------

InsertBenchmark.'SD   Insert seq': DefaultJob [N=100000]
Runtime = .NET 10.0.7 (10.0.726.21808), X64 RyuJIT AVX-512F+CD+BW+DQ+VL+VBMI; GC = Concurrent Workstation
Mean = 11.339 ms, StdErr = 0.051 ms (0.45%), N = 16, StdDev = 0.204 ms
Min = 11.168 ms, Q1 = 11.204 ms, Median = 11.270 ms, Q3 = 11.360 ms, Max = 11.943 ms
IQR = 0.156 ms, LowerFence = 10.969 ms, UpperFence = 11.595 ms
ConfidenceInterval = [11.131 ms; 11.547 ms] (CI 99.9%), Margin = 0.208 ms (1.83% of Mean)
Skewness = 1.66, Kurtosis = 5.11, MValue = 2
-------------------- Histogram --------------------
[11.135 ms ; 11.419 ms) | @@@@@@@@@@@@
[11.419 ms ; 12.049 ms) | @@@@
---------------------------------------------------

InsertBenchmark.'BPT  Insert rand': DefaultJob [N=100000]
Runtime = .NET 10.0.7 (10.0.726.21808), X64 RyuJIT AVX-512F+CD+BW+DQ+VL+VBMI; GC = Concurrent Workstation
Mean = 9.408 ms, StdErr = 0.016 ms (0.17%), N = 15, StdDev = 0.061 ms
Min = 9.340 ms, Q1 = 9.354 ms, Median = 9.410 ms, Q3 = 9.441 ms, Max = 9.536 ms
IQR = 0.087 ms, LowerFence = 9.224 ms, UpperFence = 9.572 ms
ConfidenceInterval = [9.343 ms; 9.473 ms] (CI 99.9%), Margin = 0.065 ms (0.69% of Mean)
Skewness = 0.57, Kurtosis = 2.2, MValue = 2
-------------------- Histogram --------------------
[9.307 ms ; 9.569 ms) | @@@@@@@@@@@@@@@
---------------------------------------------------

InsertBenchmark.'SD   Insert rand': DefaultJob [N=100000]
Runtime = .NET 10.0.7 (10.0.726.21808), X64 RyuJIT AVX-512F+CD+BW+DQ+VL+VBMI; GC = Concurrent Workstation
Mean = 25.599 ms, StdErr = 0.084 ms (0.33%), N = 15, StdDev = 0.325 ms
Min = 25.099 ms, Q1 = 25.373 ms, Median = 25.538 ms, Q3 = 25.811 ms, Max = 26.236 ms
IQR = 0.438 ms, LowerFence = 24.715 ms, UpperFence = 26.468 ms
ConfidenceInterval = [25.251 ms; 25.947 ms] (CI 99.9%), Margin = 0.348 ms (1.36% of Mean)
Skewness = 0.42, Kurtosis = 2, MValue = 2
-------------------- Histogram --------------------
[24.926 ms ; 25.710 ms) | @@@@@@@@@@@
[25.710 ms ; 26.336 ms) | @@@@
---------------------------------------------------

InsertBenchmark.'BPT  Insert seq': DefaultJob [N=1000000]
Runtime = .NET 10.0.7 (10.0.726.21808), X64 RyuJIT AVX-512F+CD+BW+DQ+VL+VBMI; GC = Concurrent Workstation
Mean = 131.483 ms, StdErr = 0.868 ms (0.66%), N = 98, StdDev = 8.593 ms
Min = 110.688 ms, Q1 = 124.977 ms, Median = 132.622 ms, Q3 = 136.316 ms, Max = 153.035 ms
IQR = 11.340 ms, LowerFence = 107.967 ms, UpperFence = 153.326 ms
ConfidenceInterval = [128.537 ms; 134.429 ms] (CI 99.9%), Margin = 2.946 ms (2.24% of Mean)
Skewness = -0.06, Kurtosis = 2.89, MValue = 2
-------------------- Histogram --------------------
[108.241 ms ; 113.542 ms) | @@
[113.542 ms ; 118.434 ms) | @@@@@@
[118.434 ms ; 125.284 ms) | @@@@@@@@@@@@@@@@@@
[125.284 ms ; 132.349 ms) | @@@@@@@@@@@@@@@@@@@@@
[132.349 ms ; 137.242 ms) | @@@@@@@@@@@@@@@@@@@@@@@@@@@@@@@@@
[137.242 ms ; 144.249 ms) | @@@@@@@@@
[144.249 ms ; 149.142 ms) | @@@@@@@@
[149.142 ms ; 155.482 ms) | @
---------------------------------------------------

InsertBenchmark.'SD   Insert seq': DefaultJob [N=1000000]
Runtime = .NET 10.0.7 (10.0.726.21808), X64 RyuJIT AVX-512F+CD+BW+DQ+VL+VBMI; GC = Concurrent Workstation
Mean = 200.780 ms, StdErr = 0.950 ms (0.47%), N = 20, StdDev = 4.247 ms
Min = 193.126 ms, Q1 = 197.579 ms, Median = 200.877 ms, Q3 = 203.117 ms, Max = 212.011 ms
IQR = 5.538 ms, LowerFence = 189.271 ms, UpperFence = 211.425 ms
ConfidenceInterval = [197.092 ms; 204.468 ms] (CI 99.9%), Margin = 3.688 ms (1.84% of Mean)
Skewness = 0.52, Kurtosis = 3.39, MValue = 2
-------------------- Histogram --------------------
[191.073 ms ; 195.566 ms) | @
[195.566 ms ; 199.823 ms) | @@@@@@
[199.823 ms ; 203.930 ms) | @@@@@@@@@@
[203.930 ms ; 214.065 ms) | @@@
---------------------------------------------------

InsertBenchmark.'BPT  Insert rand': DefaultJob [N=1000000]
Runtime = .NET 10.0.7 (10.0.726.21808), X64 RyuJIT AVX-512F+CD+BW+DQ+VL+VBMI; GC = Concurrent Workstation
Mean = 176.478 ms, StdErr = 0.784 ms (0.44%), N = 15, StdDev = 3.038 ms
Min = 172.986 ms, Q1 = 173.919 ms, Median = 175.319 ms, Q3 = 178.301 ms, Max = 182.145 ms
IQR = 4.382 ms, LowerFence = 167.346 ms, UpperFence = 184.874 ms
ConfidenceInterval = [173.230 ms; 179.725 ms] (CI 99.9%), Margin = 3.248 ms (1.84% of Mean)
Skewness = 0.61, Kurtosis = 1.84, MValue = 2
-------------------- Histogram --------------------
[172.625 ms ; 182.473 ms) | @@@@@@@@@@@@@@@
---------------------------------------------------

InsertBenchmark.'SD   Insert rand': DefaultJob [N=1000000]
Runtime = .NET 10.0.7 (10.0.726.21808), X64 RyuJIT AVX-512F+CD+BW+DQ+VL+VBMI; GC = Concurrent Workstation
Mean = 838.234 ms, StdErr = 3.583 ms (0.43%), N = 15, StdDev = 13.876 ms
Min = 809.179 ms, Q1 = 830.940 ms, Median = 840.882 ms, Q3 = 847.399 ms, Max = 859.041 ms
IQR = 16.459 ms, LowerFence = 806.252 ms, UpperFence = 872.087 ms
ConfidenceInterval = [823.400 ms; 853.069 ms] (CI 99.9%), Margin = 14.834 ms (1.77% of Mean)
Skewness = -0.45, Kurtosis = 2.23, MValue = 2
-------------------- Histogram --------------------
[801.794 ms ; 832.312 ms) | @@@@
[832.312 ms ; 866.426 ms) | @@@@@@@@@@@
---------------------------------------------------

// * Summary *

BenchmarkDotNet v0.15.2, Windows 11 (10.0.26200.8246)
11th Gen Intel Core i7-11800H 2.30GHz, 1 CPU, 16 logical and 8 physical cores
.NET SDK 10.0.203
  [Host]     : .NET 10.0.7 (10.0.726.21808), X64 RyuJIT AVX-512F+CD+BW+DQ+VL+VBMI
  DefaultJob : .NET 10.0.7 (10.0.726.21808), X64 RyuJIT AVX-512F+CD+BW+DQ+VL+VBMI


| Method             | N       | Mean         | Error        | StdDev       | Ratio | RatioSD | Rank | Gen0      | Gen1      | Gen2      | Allocated   | Alloc Ratio |
|------------------- |-------- |-------------:|-------------:|-------------:|------:|--------:|-----:|----------:|----------:|----------:|------------:|------------:|
| 'BPT  Insert seq'  | 10000   |     562.8 μs |      7.63 μs |      7.14 μs |  1.00 |    0.02 |    1 |   30.2734 |   12.6953 |         - |   382.56 KB |        1.00 |
| 'SD   Insert seq'  | 10000   |     821.6 μs |     13.77 μs |     12.88 μs |  1.46 |    0.03 |    3 |   38.0859 |   26.3672 |         - |   468.86 KB |        1.23 |
| 'BPT  Insert rand' | 10000   |     777.1 μs |     11.53 μs |      9.63 μs |  1.38 |    0.02 |    2 |   22.4609 |    7.8125 |         - |   281.01 KB |        0.73 |
| 'SD   Insert rand' | 10000   |   1,650.3 μs |      5.44 μs |      5.09 μs |  2.93 |    0.04 |    4 |   37.1094 |   23.4375 |         - |   468.86 KB |        1.23 |
|                    |         |              |              |              |       |         |      |           |           |           |             |             |
| 'BPT  Insert seq'  | 100000  |   7,454.4 μs |     17.46 μs |     14.58 μs |  1.00 |    0.00 |    1 |  312.5000 |  265.6250 |         - |  3845.64 KB |        1.00 |
| 'SD   Insert seq'  | 100000  |  11,339.2 μs |    207.79 μs |    204.08 μs |  1.52 |    0.03 |    3 |  375.0000 |  343.7500 |         - |  4687.61 KB |        1.22 |
| 'BPT  Insert rand' | 100000  |   9,407.7 μs |     64.96 μs |     60.76 μs |  1.26 |    0.01 |    2 |  218.7500 |  171.8750 |         - |  2810.98 KB |        0.73 |
| 'SD   Insert rand' | 100000  |  25,598.8 μs |    347.74 μs |    325.28 μs |  3.43 |    0.04 |    4 |  375.0000 |  343.7500 |         - |  4687.61 KB |        1.22 |
|                    |         |              |              |              |       |         |      |           |           |           |             |             |
| 'BPT  Insert seq'  | 1000000 | 131,483.2 μs |  2,945.83 μs |  8,593.13 μs |  1.00 |    0.09 |    1 | 4200.0000 | 4000.0000 | 1200.0000 | 38495.62 KB |        1.00 |
| 'SD   Insert seq'  | 1000000 | 200,780.2 μs |  3,687.87 μs |  4,246.96 μs |  1.53 |    0.11 |    3 | 5000.0000 | 4666.6667 | 1333.3333 | 46875.58 KB |        1.22 |
| 'BPT  Insert rand' | 1000000 | 176,477.5 μs |  3,247.52 μs |  3,037.73 μs |  1.35 |    0.09 |    2 | 2666.6667 | 2333.3333 |  666.6667 | 27764.31 KB |        0.72 |
| 'SD   Insert rand' | 1000000 | 838,234.4 μs | 14,834.33 μs | 13,876.04 μs |  6.40 |    0.44 |    4 | 4000.0000 | 3000.0000 | 1000.0000 | 46881.07 KB |        1.22 |

// * Hints *
Outliers
  InsertBenchmark.'BPT  Insert rand': Default -> 2 outliers were removed (821.08 μs, 823.56 μs)
  InsertBenchmark.'BPT  Insert seq': Default  -> 2 outliers were removed (7.56 ms, 7.67 ms)
  InsertBenchmark.'SD   Insert seq': Default  -> 3 outliers were removed (12.13 ms..13.20 ms)
  InsertBenchmark.'BPT  Insert seq': Default  -> 2 outliers were removed (153.65 ms, 157.98 ms)
  InsertBenchmark.'SD   Insert seq': Default  -> 5 outliers were removed (219.04 ms..247.32 ms)

// * Legends *
  N           : Value of the 'N' parameter
  Mean        : Arithmetic mean of all measurements
  Error       : Half of 99.9% confidence interval
  StdDev      : Standard deviation of all measurements
  Ratio       : Mean of the ratio distribution ([Current]/[Baseline])
  RatioSD     : Standard deviation of the ratio distribution ([Current]/[Baseline])
  Rank        : Relative position of current benchmark mean among all benchmarks (Arabic style)
  Gen0        : GC Generation 0 collects per 1000 operations
  Gen1        : GC Generation 1 collects per 1000 operations
  Gen2        : GC Generation 2 collects per 1000 operations
  Allocated   : Allocated memory per single operation (managed only, inclusive, 1KB = 1024B)
  Alloc Ratio : Allocated memory ratio distribution ([Current]/[Baseline])
  1 μs        : 1 Microsecond (0.000001 sec)

// * Diagnostic Output - MemoryDiagnoser *


// ***** BenchmarkRunner: End *****
Run time: 00:03:58 (238.81 sec), executed benchmarks: 12

// Found 27 benchmarks:
//   RangeBenchmark.'BPT  Range': DefaultJob [Ratio=0.01, N=10000]
//   RangeBenchmark.'SD   Range (foreach+break)': DefaultJob [Ratio=0.01, N=10000]
//   RangeBenchmark.'SD   Range (LINQ)': DefaultJob [Ratio=0.01, N=10000]
//   RangeBenchmark.'BPT  Range': DefaultJob [Ratio=0.01, N=100000]
//   RangeBenchmark.'SD   Range (foreach+break)': DefaultJob [Ratio=0.01, N=100000]
//   RangeBenchmark.'SD   Range (LINQ)': DefaultJob [Ratio=0.01, N=100000]
//   RangeBenchmark.'BPT  Range': DefaultJob [Ratio=0.01, N=1000000]
//   RangeBenchmark.'SD   Range (foreach+break)': DefaultJob [Ratio=0.01, N=1000000]
//   RangeBenchmark.'SD   Range (LINQ)': DefaultJob [Ratio=0.01, N=1000000]
//   RangeBenchmark.'BPT  Range': DefaultJob [Ratio=0.1, N=10000]
//   RangeBenchmark.'SD   Range (foreach+break)': DefaultJob [Ratio=0.1, N=10000]
//   RangeBenchmark.'SD   Range (LINQ)': DefaultJob [Ratio=0.1, N=10000]
//   RangeBenchmark.'BPT  Range': DefaultJob [Ratio=0.1, N=100000]
//   RangeBenchmark.'SD   Range (foreach+break)': DefaultJob [Ratio=0.1, N=100000]
//   RangeBenchmark.'SD   Range (LINQ)': DefaultJob [Ratio=0.1, N=100000]
//   RangeBenchmark.'BPT  Range': DefaultJob [Ratio=0.1, N=1000000]
//   RangeBenchmark.'SD   Range (foreach+break)': DefaultJob [Ratio=0.1, N=1000000]
//   RangeBenchmark.'SD   Range (LINQ)': DefaultJob [Ratio=0.1, N=1000000]
//   RangeBenchmark.'BPT  Range': DefaultJob [Ratio=0.5, N=10000]
//   RangeBenchmark.'SD   Range (foreach+break)': DefaultJob [Ratio=0.5, N=10000]
//   RangeBenchmark.'SD   Range (LINQ)': DefaultJob [Ratio=0.5, N=10000]
//   RangeBenchmark.'BPT  Range': DefaultJob [Ratio=0.5, N=100000]
//   RangeBenchmark.'SD   Range (foreach+break)': DefaultJob [Ratio=0.5, N=100000]
//   RangeBenchmark.'SD   Range (LINQ)': DefaultJob [Ratio=0.5, N=100000]
//   RangeBenchmark.'BPT  Range': DefaultJob [Ratio=0.5, N=1000000]
//   RangeBenchmark.'SD   Range (foreach+break)': DefaultJob [Ratio=0.5, N=1000000]
//   RangeBenchmark.'SD   Range (LINQ)': DefaultJob [Ratio=0.5, N=1000000]

Setup power plan (GUID: 8c5e7fda-e8bf-4a96-9a85-a6e23a8c635c FriendlyName: 高效能)
// **************************
// Benchmark: RangeBenchmark.'BPT  Range': DefaultJob [Ratio=0.01, N=10000]
// *** Execute ***
// Launch: 1 / 1
// Execute: dotnet bplus-tree-benchmark-Job-CNUJVU-1.dll --anonymousPipes 1700 1392 --benchmarkName "RangeBenchmark.BPT_Range(Ratio: 0.01, N: 10000)" --job Default --benchmarkId 30 in C:\Users\chentingwei\bplus-tree\bplus-tree-benchmark\bin\Release\net10.0\bplus-tree-benchmark-Job-CNUJVU-1\bin\Release\net10.0
// BeforeAnythingElse

// Benchmark Process Environment Information:
// BenchmarkDotNet v0.15.2
// Runtime=.NET 10.0.7 (10.0.726.21808), X64 RyuJIT AVX-512F+CD+BW+DQ+VL+VBMI
// GC=Concurrent Workstation
// HardwareIntrinsics=AVX-512F+CD+BW+DQ+VL+VBMI,AES,BMI1,BMI2,FMA,LZCNT,PCLMUL,POPCNT VectorSize=256
// Job: DefaultJob

OverheadJitting  1: 1 op, 645600.00 ns, 645.6000 us/op
WorkloadJitting  1: 1 op, 1064600.00 ns, 1.0646 ms/op

OverheadJitting  2: 16 op, 325100.00 ns, 20.3188 us/op
WorkloadJitting  2: 16 op, 392600.00 ns, 24.5375 us/op

WorkloadPilot    1: 16 op, 52100.00 ns, 3.2563 us/op
WorkloadPilot    2: 32 op, 99700.00 ns, 3.1156 us/op
WorkloadPilot    3: 64 op, 299300.00 ns, 4.6766 us/op
WorkloadPilot    4: 128 op, 496600.00 ns, 3.8797 us/op
WorkloadPilot    5: 256 op, 915700.00 ns, 3.5770 us/op
WorkloadPilot    6: 512 op, 1690000.00 ns, 3.3008 us/op
WorkloadPilot    7: 1024 op, 3414700.00 ns, 3.3347 us/op
WorkloadPilot    8: 2048 op, 6566100.00 ns, 3.2061 us/op
WorkloadPilot    9: 4096 op, 13319200.00 ns, 3.2518 us/op
WorkloadPilot   10: 8192 op, 26052700.00 ns, 3.1803 us/op
WorkloadPilot   11: 16384 op, 50986000.00 ns, 3.1119 us/op
WorkloadPilot   12: 32768 op, 79708300.00 ns, 2.4325 us/op
WorkloadPilot   13: 65536 op, 44471900.00 ns, 678.5873 ns/op
WorkloadPilot   14: 131072 op, 89243800.00 ns, 680.8762 ns/op
WorkloadPilot   15: 262144 op, 175679800.00 ns, 670.1653 ns/op
WorkloadPilot   16: 524288 op, 349319600.00 ns, 666.2743 ns/op
WorkloadPilot   17: 1048576 op, 694129100.00 ns, 661.9731 ns/op

OverheadWarmup   1: 1048576 op, 1998500.00 ns, 1.9059 ns/op
OverheadWarmup   2: 1048576 op, 2034500.00 ns, 1.9403 ns/op
OverheadWarmup   3: 1048576 op, 1966000.00 ns, 1.8749 ns/op
OverheadWarmup   4: 1048576 op, 1971100.00 ns, 1.8798 ns/op
OverheadWarmup   5: 1048576 op, 1993900.00 ns, 1.9015 ns/op
OverheadWarmup   6: 1048576 op, 1976000.00 ns, 1.8845 ns/op

OverheadActual   1: 1048576 op, 2040400.00 ns, 1.9459 ns/op
OverheadActual   2: 1048576 op, 1962500.00 ns, 1.8716 ns/op
OverheadActual   3: 1048576 op, 2004600.00 ns, 1.9117 ns/op
OverheadActual   4: 1048576 op, 2038000.00 ns, 1.9436 ns/op
OverheadActual   5: 1048576 op, 1981000.00 ns, 1.8892 ns/op
OverheadActual   6: 1048576 op, 2061900.00 ns, 1.9664 ns/op
OverheadActual   7: 1048576 op, 2025500.00 ns, 1.9317 ns/op
OverheadActual   8: 1048576 op, 2054000.00 ns, 1.9588 ns/op
OverheadActual   9: 1048576 op, 2054200.00 ns, 1.9590 ns/op
OverheadActual  10: 1048576 op, 2017200.00 ns, 1.9238 ns/op
OverheadActual  11: 1048576 op, 2055800.00 ns, 1.9606 ns/op
OverheadActual  12: 1048576 op, 2092500.00 ns, 1.9956 ns/op
OverheadActual  13: 1048576 op, 2060100.00 ns, 1.9647 ns/op
OverheadActual  14: 1048576 op, 2071800.00 ns, 1.9758 ns/op
OverheadActual  15: 1048576 op, 2109200.00 ns, 2.0115 ns/op

OverheadWarmup   1: 1048576 op, 2054600.00 ns, 1.9594 ns/op
OverheadWarmup   2: 1048576 op, 2101200.00 ns, 2.0039 ns/op
OverheadWarmup   3: 1048576 op, 2037200.00 ns, 1.9428 ns/op
OverheadWarmup   4: 1048576 op, 2295100.00 ns, 2.1888 ns/op
OverheadWarmup   5: 1048576 op, 2009800.00 ns, 1.9167 ns/op
OverheadWarmup   6: 1048576 op, 2035100.00 ns, 1.9408 ns/op

// BeforeActualRun
WorkloadActual   1: 1048576 op, 695323300.00 ns, 663.1120 ns/op
WorkloadActual   2: 1048576 op, 698291500.00 ns, 665.9427 ns/op
WorkloadActual   3: 1048576 op, 696368700.00 ns, 664.1089 ns/op
WorkloadActual   4: 1048576 op, 695782800.00 ns, 663.5502 ns/op
WorkloadActual   5: 1048576 op, 694679700.00 ns, 662.4982 ns/op
WorkloadActual   6: 1048576 op, 692416700.00 ns, 660.3400 ns/op
WorkloadActual   7: 1048576 op, 702618400.00 ns, 670.0691 ns/op
WorkloadActual   8: 1048576 op, 692514400.00 ns, 660.4332 ns/op
WorkloadActual   9: 1048576 op, 690405700.00 ns, 658.4222 ns/op
WorkloadActual  10: 1048576 op, 693931900.00 ns, 661.7850 ns/op
WorkloadActual  11: 1048576 op, 693497600.00 ns, 661.3708 ns/op
WorkloadActual  12: 1048576 op, 705199600.00 ns, 672.5307 ns/op
WorkloadActual  13: 1048576 op, 725460100.00 ns, 691.8527 ns/op
WorkloadActual  14: 1048576 op, 722095700.00 ns, 688.6441 ns/op
WorkloadActual  15: 1048576 op, 735640700.00 ns, 701.5616 ns/op

// AfterActualRun
WorkloadResult   1: 1048576 op, 693269300.00 ns, 661.1531 ns/op
WorkloadResult   2: 1048576 op, 696237500.00 ns, 663.9838 ns/op
WorkloadResult   3: 1048576 op, 694314700.00 ns, 662.1501 ns/op
WorkloadResult   4: 1048576 op, 693728800.00 ns, 661.5913 ns/op
WorkloadResult   5: 1048576 op, 692625700.00 ns, 660.5393 ns/op
WorkloadResult   6: 1048576 op, 690362700.00 ns, 658.3812 ns/op
WorkloadResult   7: 1048576 op, 700564400.00 ns, 668.1103 ns/op
WorkloadResult   8: 1048576 op, 690460400.00 ns, 658.4743 ns/op
WorkloadResult   9: 1048576 op, 688351700.00 ns, 656.4633 ns/op
WorkloadResult  10: 1048576 op, 691877900.00 ns, 659.8262 ns/op
WorkloadResult  11: 1048576 op, 691443600.00 ns, 659.4120 ns/op
WorkloadResult  12: 1048576 op, 703145600.00 ns, 670.5719 ns/op
// GC:  6 0 0 75497472 1048576
// Threading:  0 0 1048576

// AfterAll
// Benchmark Process 8340 has exited with code 0.

Mean = 661.721 ns, StdErr = 1.182 ns (0.18%), N = 12, StdDev = 4.095 ns
Min = 656.463 ns, Q1 = 659.178 ns, Median = 660.846 ns, Q3 = 662.609 ns, Max = 670.572 ns
IQR = 3.431 ns, LowerFence = 654.031 ns, UpperFence = 667.755 ns
ConfidenceInterval = [656.476 ns; 666.967 ns] (CI 99.9%), Margin = 5.245 ns (0.79% of Mean)
Skewness = 0.88, Kurtosis = 2.63, MValue = 2

// ** Remained 26 (45.6%) benchmark(s) to run. Estimated finish 2026-05-10 23:11 (0h 10m from now) **
Setup power plan (GUID: 8c5e7fda-e8bf-4a96-9a85-a6e23a8c635c FriendlyName: 高效能)
// **************************
// Benchmark: RangeBenchmark.'SD   Range (foreach+break)': DefaultJob [Ratio=0.01, N=10000]
// *** Execute ***
// Launch: 1 / 1
// Execute: dotnet bplus-tree-benchmark-Job-CNUJVU-1.dll --anonymousPipes 1772 1884 --benchmarkName "RangeBenchmark.SD_Range_ForEachBreak(Ratio: 0.01, N: 10000)" --job Default --benchmarkId 31 in C:\Users\chentingwei\bplus-tree\bplus-tree-benchmark\bin\Release\net10.0\bplus-tree-benchmark-Job-CNUJVU-1\bin\Release\net10.0
// BeforeAnythingElse

// Benchmark Process Environment Information:
// BenchmarkDotNet v0.15.2
// Runtime=.NET 10.0.7 (10.0.726.21808), X64 RyuJIT AVX-512F+CD+BW+DQ+VL+VBMI
// GC=Concurrent Workstation
// HardwareIntrinsics=AVX-512F+CD+BW+DQ+VL+VBMI,AES,BMI1,BMI2,FMA,LZCNT,PCLMUL,POPCNT VectorSize=256
// Job: DefaultJob

OverheadJitting  1: 1 op, 677000.00 ns, 677.0000 us/op
WorkloadJitting  1: 1 op, 1903800.00 ns, 1.9038 ms/op

OverheadJitting  2: 16 op, 337200.00 ns, 21.0750 us/op
WorkloadJitting  2: 16 op, 567000.00 ns, 35.4375 us/op

WorkloadPilot    1: 16 op, 93300.00 ns, 5.8313 us/op
WorkloadPilot    2: 32 op, 286400.00 ns, 8.9500 us/op
WorkloadPilot    3: 64 op, 424000.00 ns, 6.6250 us/op
WorkloadPilot    4: 128 op, 847200.00 ns, 6.6188 us/op
WorkloadPilot    5: 256 op, 1492100.00 ns, 5.8285 us/op
WorkloadPilot    6: 512 op, 2808000.00 ns, 5.4844 us/op
WorkloadPilot    7: 1024 op, 5516100.00 ns, 5.3868 us/op
WorkloadPilot    8: 2048 op, 10857400.00 ns, 5.3015 us/op
WorkloadPilot    9: 4096 op, 21255600.00 ns, 5.1894 us/op
WorkloadPilot   10: 8192 op, 41718900.00 ns, 5.0926 us/op
WorkloadPilot   11: 16384 op, 83346200.00 ns, 5.0870 us/op
WorkloadPilot   12: 32768 op, 22920300.00 ns, 699.4720 ns/op
WorkloadPilot   13: 65536 op, 31003200.00 ns, 473.0713 ns/op
WorkloadPilot   14: 131072 op, 62224500.00 ns, 474.7353 ns/op
WorkloadPilot   15: 262144 op, 118113800.00 ns, 450.5684 ns/op
WorkloadPilot   16: 524288 op, 225711300.00 ns, 430.5101 ns/op
WorkloadPilot   17: 1048576 op, 463560800.00 ns, 442.0860 ns/op
WorkloadPilot   18: 2097152 op, 941790200.00 ns, 449.0806 ns/op

OverheadWarmup   1: 2097152 op, 4168200.00 ns, 1.9876 ns/op
OverheadWarmup   2: 2097152 op, 4165600.00 ns, 1.9863 ns/op
OverheadWarmup   3: 2097152 op, 4653000.00 ns, 2.2187 ns/op
OverheadWarmup   4: 2097152 op, 4264800.00 ns, 2.0336 ns/op
OverheadWarmup   5: 2097152 op, 4211900.00 ns, 2.0084 ns/op
OverheadWarmup   6: 2097152 op, 4224500.00 ns, 2.0144 ns/op
OverheadWarmup   7: 2097152 op, 4210900.00 ns, 2.0079 ns/op

OverheadActual   1: 2097152 op, 4261500.00 ns, 2.0320 ns/op
OverheadActual   2: 2097152 op, 4462700.00 ns, 2.1280 ns/op
OverheadActual   3: 2097152 op, 4176300.00 ns, 1.9914 ns/op
OverheadActual   4: 2097152 op, 4085400.00 ns, 1.9481 ns/op
OverheadActual   5: 2097152 op, 4313600.00 ns, 2.0569 ns/op
OverheadActual   6: 2097152 op, 4240900.00 ns, 2.0222 ns/op
OverheadActual   7: 2097152 op, 4195000.00 ns, 2.0003 ns/op
OverheadActual   8: 2097152 op, 4318000.00 ns, 2.0590 ns/op
OverheadActual   9: 2097152 op, 4240700.00 ns, 2.0221 ns/op
OverheadActual  10: 2097152 op, 4219200.00 ns, 2.0119 ns/op
OverheadActual  11: 2097152 op, 4190000.00 ns, 1.9979 ns/op
OverheadActual  12: 2097152 op, 4178500.00 ns, 1.9925 ns/op
OverheadActual  13: 2097152 op, 4172900.00 ns, 1.9898 ns/op
OverheadActual  14: 2097152 op, 4132600.00 ns, 1.9706 ns/op
OverheadActual  15: 2097152 op, 4087600.00 ns, 1.9491 ns/op

OverheadWarmup   1: 2097152 op, 4190700.00 ns, 1.9983 ns/op
OverheadWarmup   2: 2097152 op, 4178200.00 ns, 1.9923 ns/op
OverheadWarmup   3: 2097152 op, 4119500.00 ns, 1.9643 ns/op
OverheadWarmup   4: 2097152 op, 4110000.00 ns, 1.9598 ns/op
OverheadWarmup   5: 2097152 op, 4099000.00 ns, 1.9546 ns/op
OverheadWarmup   6: 2097152 op, 4082100.00 ns, 1.9465 ns/op
OverheadWarmup   7: 2097152 op, 4101900.00 ns, 1.9559 ns/op
OverheadWarmup   8: 2097152 op, 4103900.00 ns, 1.9569 ns/op
OverheadWarmup   9: 2097152 op, 4106800.00 ns, 1.9583 ns/op
OverheadWarmup  10: 2097152 op, 4206800.00 ns, 2.0060 ns/op
OverheadWarmup  11: 2097152 op, 4203100.00 ns, 2.0042 ns/op
OverheadWarmup  12: 2097152 op, 4140400.00 ns, 1.9743 ns/op
OverheadWarmup  13: 2097152 op, 4122100.00 ns, 1.9656 ns/op
OverheadWarmup  14: 2097152 op, 4070600.00 ns, 1.9410 ns/op
OverheadWarmup  15: 2097152 op, 4087700.00 ns, 1.9492 ns/op
OverheadWarmup  16: 2097152 op, 4149400.00 ns, 1.9786 ns/op
OverheadWarmup  17: 2097152 op, 4070300.00 ns, 1.9409 ns/op

// BeforeActualRun
WorkloadActual   1: 2097152 op, 882873700.00 ns, 420.9870 ns/op
WorkloadActual   2: 2097152 op, 884179600.00 ns, 421.6097 ns/op
WorkloadActual   3: 2097152 op, 877879100.00 ns, 418.6054 ns/op
WorkloadActual   4: 2097152 op, 908165600.00 ns, 433.0471 ns/op
WorkloadActual   5: 2097152 op, 883612400.00 ns, 421.3392 ns/op
WorkloadActual   6: 2097152 op, 885018800.00 ns, 422.0098 ns/op
WorkloadActual   7: 2097152 op, 896511800.00 ns, 427.4901 ns/op
WorkloadActual   8: 2097152 op, 945081700.00 ns, 450.6501 ns/op
WorkloadActual   9: 2097152 op, 923029200.00 ns, 440.1346 ns/op
WorkloadActual  10: 2097152 op, 921792000.00 ns, 439.5447 ns/op
WorkloadActual  11: 2097152 op, 909121600.00 ns, 433.5030 ns/op
WorkloadActual  12: 2097152 op, 946566700.00 ns, 451.3582 ns/op
WorkloadActual  13: 2097152 op, 908844100.00 ns, 433.3706 ns/op
WorkloadActual  14: 2097152 op, 919773300.00 ns, 438.5821 ns/op
WorkloadActual  15: 2097152 op, 877425900.00 ns, 418.3893 ns/op
WorkloadActual  16: 2097152 op, 916121000.00 ns, 436.8405 ns/op
WorkloadActual  17: 2097152 op, 905016600.00 ns, 431.5455 ns/op
WorkloadActual  18: 2097152 op, 886288000.00 ns, 422.6151 ns/op
WorkloadActual  19: 2097152 op, 883492900.00 ns, 421.2822 ns/op
WorkloadActual  20: 2097152 op, 898083500.00 ns, 428.2396 ns/op
WorkloadActual  21: 2097152 op, 856844900.00 ns, 408.5755 ns/op
WorkloadActual  22: 2097152 op, 875372800.00 ns, 417.4103 ns/op
WorkloadActual  23: 2097152 op, 868404200.00 ns, 414.0874 ns/op
WorkloadActual  24: 2097152 op, 881597000.00 ns, 420.3782 ns/op

// AfterActualRun
WorkloadResult   1: 2097152 op, 878678700.00 ns, 418.9867 ns/op
WorkloadResult   2: 2097152 op, 879984600.00 ns, 419.6094 ns/op
WorkloadResult   3: 2097152 op, 873684100.00 ns, 416.6050 ns/op
WorkloadResult   4: 2097152 op, 903970600.00 ns, 431.0468 ns/op
WorkloadResult   5: 2097152 op, 879417400.00 ns, 419.3389 ns/op
WorkloadResult   6: 2097152 op, 880823800.00 ns, 420.0095 ns/op
WorkloadResult   7: 2097152 op, 892316800.00 ns, 425.4898 ns/op
WorkloadResult   8: 2097152 op, 940886700.00 ns, 448.6497 ns/op
WorkloadResult   9: 2097152 op, 918834200.00 ns, 438.1343 ns/op
WorkloadResult  10: 2097152 op, 917597000.00 ns, 437.5443 ns/op
WorkloadResult  11: 2097152 op, 904926600.00 ns, 431.5026 ns/op
WorkloadResult  12: 2097152 op, 942371700.00 ns, 449.3578 ns/op
WorkloadResult  13: 2097152 op, 904649100.00 ns, 431.3703 ns/op
WorkloadResult  14: 2097152 op, 915578300.00 ns, 436.5818 ns/op
WorkloadResult  15: 2097152 op, 873230900.00 ns, 416.3889 ns/op
WorkloadResult  16: 2097152 op, 911926000.00 ns, 434.8402 ns/op
WorkloadResult  17: 2097152 op, 900821600.00 ns, 429.5452 ns/op
WorkloadResult  18: 2097152 op, 882093000.00 ns, 420.6147 ns/op
WorkloadResult  19: 2097152 op, 879297900.00 ns, 419.2819 ns/op
WorkloadResult  20: 2097152 op, 893888500.00 ns, 426.2393 ns/op
WorkloadResult  21: 2097152 op, 852649900.00 ns, 406.5752 ns/op
WorkloadResult  22: 2097152 op, 871177800.00 ns, 415.4099 ns/op
WorkloadResult  23: 2097152 op, 864209200.00 ns, 412.0871 ns/op
WorkloadResult  24: 2097152 op, 877402000.00 ns, 418.3779 ns/op
// GC:  44 0 0 553648128 2097152
// Threading:  0 0 2097152

// AfterAll
// Benchmark Process 26236 has exited with code 0.

Mean = 425.983 ns, StdErr = 2.249 ns (0.53%), N = 24, StdDev = 11.020 ns
Min = 406.575 ns, Q1 = 418.834 ns, Median = 423.052 ns, Q3 = 432.337 ns, Max = 449.358 ns
IQR = 13.503 ns, LowerFence = 398.581 ns, UpperFence = 452.591 ns
ConfidenceInterval = [417.508 ns; 434.458 ns] (CI 99.9%), Margin = 8.475 ns (1.99% of Mean)
Skewness = 0.48, Kurtosis = 2.39, MValue = 2

// ** Remained 25 (43.9%) benchmark(s) to run. Estimated finish 2026-05-10 23:11 (0h 10m from now) **
Setup power plan (GUID: 8c5e7fda-e8bf-4a96-9a85-a6e23a8c635c FriendlyName: 高效能)
// **************************
// Benchmark: RangeBenchmark.'SD   Range (LINQ)': DefaultJob [Ratio=0.01, N=10000]
// *** Execute ***
// Launch: 1 / 1
// Execute: dotnet bplus-tree-benchmark-Job-CNUJVU-1.dll --anonymousPipes 1920 1924 --benchmarkName "RangeBenchmark.SD_Range_Linq(Ratio: 0.01, N: 10000)" --job Default --benchmarkId 32 in C:\Users\chentingwei\bplus-tree\bplus-tree-benchmark\bin\Release\net10.0\bplus-tree-benchmark-Job-CNUJVU-1\bin\Release\net10.0
// BeforeAnythingElse

// Benchmark Process Environment Information:
// BenchmarkDotNet v0.15.2
// Runtime=.NET 10.0.7 (10.0.726.21808), X64 RyuJIT AVX-512F+CD+BW+DQ+VL+VBMI
// GC=Concurrent Workstation
// HardwareIntrinsics=AVX-512F+CD+BW+DQ+VL+VBMI,AES,BMI1,BMI2,FMA,LZCNT,PCLMUL,POPCNT VectorSize=256
// Job: DefaultJob

OverheadJitting  1: 1 op, 533700.00 ns, 533.7000 us/op
WorkloadJitting  1: 1 op, 3490500.00 ns, 3.4905 ms/op

OverheadJitting  2: 16 op, 334100.00 ns, 20.8813 us/op
WorkloadJitting  2: 16 op, 8812500.00 ns, 550.7813 us/op

WorkloadPilot    1: 16 op, 7660600.00 ns, 478.7875 us/op
WorkloadPilot    2: 32 op, 15021000.00 ns, 469.4063 us/op
WorkloadPilot    3: 64 op, 29401400.00 ns, 459.3969 us/op
WorkloadPilot    4: 128 op, 56779300.00 ns, 443.5883 us/op
WorkloadPilot    5: 256 op, 91529200.00 ns, 357.5359 us/op
WorkloadPilot    6: 512 op, 58002900.00 ns, 113.2869 us/op
WorkloadPilot    7: 1024 op, 121935400.00 ns, 119.0775 us/op
WorkloadPilot    8: 2048 op, 240765200.00 ns, 117.5611 us/op
WorkloadPilot    9: 4096 op, 455813500.00 ns, 111.2826 us/op
WorkloadPilot   10: 8192 op, 919484400.00 ns, 112.2417 us/op

OverheadWarmup   1: 8192 op, 16800.00 ns, 2.0508 ns/op
OverheadWarmup   2: 8192 op, 16100.00 ns, 1.9653 ns/op
OverheadWarmup   3: 8192 op, 15800.00 ns, 1.9287 ns/op
OverheadWarmup   4: 8192 op, 17300.00 ns, 2.1118 ns/op
OverheadWarmup   5: 8192 op, 15800.00 ns, 1.9287 ns/op
OverheadWarmup   6: 8192 op, 15800.00 ns, 1.9287 ns/op
OverheadWarmup   7: 8192 op, 15800.00 ns, 1.9287 ns/op

OverheadActual   1: 8192 op, 15900.00 ns, 1.9409 ns/op
OverheadActual   2: 8192 op, 16600.00 ns, 2.0264 ns/op
OverheadActual   3: 8192 op, 16200.00 ns, 1.9775 ns/op
OverheadActual   4: 8192 op, 16300.00 ns, 1.9897 ns/op
OverheadActual   5: 8192 op, 15800.00 ns, 1.9287 ns/op
OverheadActual   6: 8192 op, 15800.00 ns, 1.9287 ns/op
OverheadActual   7: 8192 op, 15800.00 ns, 1.9287 ns/op
OverheadActual   8: 8192 op, 15800.00 ns, 1.9287 ns/op
OverheadActual   9: 8192 op, 15800.00 ns, 1.9287 ns/op
OverheadActual  10: 8192 op, 16100.00 ns, 1.9653 ns/op
OverheadActual  11: 8192 op, 39900.00 ns, 4.8706 ns/op
OverheadActual  12: 8192 op, 15700.00 ns, 1.9165 ns/op
OverheadActual  13: 8192 op, 15800.00 ns, 1.9287 ns/op
OverheadActual  14: 8192 op, 15800.00 ns, 1.9287 ns/op
OverheadActual  15: 8192 op, 15700.00 ns, 1.9165 ns/op

OverheadWarmup   1: 8192 op, 16600.00 ns, 2.0264 ns/op
OverheadWarmup   2: 8192 op, 15800.00 ns, 1.9287 ns/op
OverheadWarmup   3: 8192 op, 16300.00 ns, 1.9897 ns/op
OverheadWarmup   4: 8192 op, 15800.00 ns, 1.9287 ns/op
OverheadWarmup   5: 8192 op, 15800.00 ns, 1.9287 ns/op
OverheadWarmup   6: 8192 op, 15700.00 ns, 1.9165 ns/op

// BeforeActualRun
WorkloadActual   1: 8192 op, 907472300.00 ns, 110.7754 us/op
WorkloadActual   2: 8192 op, 935819200.00 ns, 114.2357 us/op
WorkloadActual   3: 8192 op, 909891000.00 ns, 111.0707 us/op
WorkloadActual   4: 8192 op, 921858800.00 ns, 112.5316 us/op
WorkloadActual   5: 8192 op, 935908400.00 ns, 114.2466 us/op
WorkloadActual   6: 8192 op, 944955000.00 ns, 115.3510 us/op
WorkloadActual   7: 8192 op, 961724000.00 ns, 117.3979 us/op
WorkloadActual   8: 8192 op, 928764900.00 ns, 113.3746 us/op
WorkloadActual   9: 8192 op, 940955600.00 ns, 114.8627 us/op
WorkloadActual  10: 8192 op, 915192900.00 ns, 111.7179 us/op
WorkloadActual  11: 8192 op, 921651000.00 ns, 112.5062 us/op
WorkloadActual  12: 8192 op, 912089100.00 ns, 111.3390 us/op
WorkloadActual  13: 8192 op, 909390100.00 ns, 111.0095 us/op
WorkloadActual  14: 8192 op, 919400000.00 ns, 112.2314 us/op
WorkloadActual  15: 8192 op, 909321900.00 ns, 111.0012 us/op

// AfterActualRun
WorkloadResult   1: 8192 op, 907456500.00 ns, 110.7735 us/op
WorkloadResult   2: 8192 op, 935803400.00 ns, 114.2338 us/op
WorkloadResult   3: 8192 op, 909875200.00 ns, 111.0688 us/op
WorkloadResult   4: 8192 op, 921843000.00 ns, 112.5297 us/op
WorkloadResult   5: 8192 op, 935892600.00 ns, 114.2447 us/op
WorkloadResult   6: 8192 op, 944939200.00 ns, 115.3490 us/op
WorkloadResult   7: 8192 op, 961708200.00 ns, 117.3960 us/op
WorkloadResult   8: 8192 op, 928749100.00 ns, 113.3727 us/op
WorkloadResult   9: 8192 op, 940939800.00 ns, 114.8608 us/op
WorkloadResult  10: 8192 op, 915177100.00 ns, 111.7160 us/op
WorkloadResult  11: 8192 op, 921635200.00 ns, 112.5043 us/op
WorkloadResult  12: 8192 op, 912073300.00 ns, 111.3371 us/op
WorkloadResult  13: 8192 op, 909374300.00 ns, 111.0076 us/op
WorkloadResult  14: 8192 op, 919384200.00 ns, 112.2295 us/op
WorkloadResult  15: 8192 op, 909306100.00 ns, 110.9993 us/op
// GC:  0 0 0 3538944 8192
// Threading:  0 0 8192

// AfterAll
// Benchmark Process 25348 has exited with code 0.

Mean = 112.908 μs, StdErr = 0.505 μs (0.45%), N = 15, StdDev = 1.955 μs
Min = 110.773 μs, Q1 = 111.203 μs, Median = 112.504 μs, Q3 = 114.239 μs, Max = 117.396 μs
IQR = 3.036 μs, LowerFence = 106.648 μs, UpperFence = 118.794 μs
ConfidenceInterval = [110.818 μs; 114.998 μs] (CI 99.9%), Margin = 2.090 μs (1.85% of Mean)
Skewness = 0.73, Kurtosis = 2.41, MValue = 2

// ** Remained 24 (42.1%) benchmark(s) to run. Estimated finish 2026-05-10 23:11 (0h 9m from now) **
Setup power plan (GUID: 8c5e7fda-e8bf-4a96-9a85-a6e23a8c635c FriendlyName: 高效能)
// **************************
// Benchmark: RangeBenchmark.'BPT  Range': DefaultJob [Ratio=0.01, N=100000]
// *** Execute ***
// Launch: 1 / 1
// Execute: dotnet bplus-tree-benchmark-Job-CNUJVU-1.dll --anonymousPipes 1580 1732 --benchmarkName "RangeBenchmark.BPT_Range(Ratio: 0.01, N: 100000)" --job Default --benchmarkId 33 in C:\Users\chentingwei\bplus-tree\bplus-tree-benchmark\bin\Release\net10.0\bplus-tree-benchmark-Job-CNUJVU-1\bin\Release\net10.0
// BeforeAnythingElse

// Benchmark Process Environment Information:
// BenchmarkDotNet v0.15.2
// Runtime=.NET 10.0.7 (10.0.726.21808), X64 RyuJIT AVX-512F+CD+BW+DQ+VL+VBMI
// GC=Concurrent Workstation
// HardwareIntrinsics=AVX-512F+CD+BW+DQ+VL+VBMI,AES,BMI1,BMI2,FMA,LZCNT,PCLMUL,POPCNT VectorSize=256
// Job: DefaultJob

OverheadJitting  1: 1 op, 527200.00 ns, 527.2000 us/op
WorkloadJitting  1: 1 op, 1003400.00 ns, 1.0034 ms/op

OverheadJitting  2: 16 op, 308700.00 ns, 19.2938 us/op
WorkloadJitting  2: 16 op, 1390300.00 ns, 86.8938 us/op

WorkloadPilot    1: 16 op, 566200.00 ns, 35.3875 us/op
WorkloadPilot    2: 32 op, 992300.00 ns, 31.0094 us/op
WorkloadPilot    3: 64 op, 1916900.00 ns, 29.9516 us/op
WorkloadPilot    4: 128 op, 3846900.00 ns, 30.0539 us/op
WorkloadPilot    5: 256 op, 7690500.00 ns, 30.0410 us/op
WorkloadPilot    6: 512 op, 14822300.00 ns, 28.9498 us/op
WorkloadPilot    7: 1024 op, 31031900.00 ns, 30.3046 us/op
WorkloadPilot    8: 2048 op, 34420400.00 ns, 16.8068 us/op
WorkloadPilot    9: 4096 op, 27873900.00 ns, 6.8052 us/op
WorkloadPilot   10: 8192 op, 55008000.00 ns, 6.7148 us/op
WorkloadPilot   11: 16384 op, 108129900.00 ns, 6.5997 us/op
WorkloadPilot   12: 32768 op, 215201900.00 ns, 6.5674 us/op
WorkloadPilot   13: 65536 op, 430670300.00 ns, 6.5715 us/op
WorkloadPilot   14: 131072 op, 861242700.00 ns, 6.5708 us/op

OverheadWarmup   1: 131072 op, 244700.00 ns, 1.8669 ns/op
OverheadWarmup   2: 131072 op, 243600.00 ns, 1.8585 ns/op
OverheadWarmup   3: 131072 op, 274600.00 ns, 2.0950 ns/op
OverheadWarmup   4: 131072 op, 252200.00 ns, 1.9241 ns/op
OverheadWarmup   5: 131072 op, 259200.00 ns, 1.9775 ns/op
OverheadWarmup   6: 131072 op, 249400.00 ns, 1.9028 ns/op

OverheadActual   1: 131072 op, 259500.00 ns, 1.9798 ns/op
OverheadActual   2: 131072 op, 254900.00 ns, 1.9447 ns/op
OverheadActual   3: 131072 op, 249200.00 ns, 1.9012 ns/op
OverheadActual   4: 131072 op, 247600.00 ns, 1.8890 ns/op
OverheadActual   5: 131072 op, 249500.00 ns, 1.9035 ns/op
OverheadActual   6: 131072 op, 249300.00 ns, 1.9020 ns/op
OverheadActual   7: 131072 op, 249400.00 ns, 1.9028 ns/op
OverheadActual   8: 131072 op, 252700.00 ns, 1.9279 ns/op
OverheadActual   9: 131072 op, 249000.00 ns, 1.8997 ns/op
OverheadActual  10: 131072 op, 260900.00 ns, 1.9905 ns/op
OverheadActual  11: 131072 op, 248300.00 ns, 1.8944 ns/op
OverheadActual  12: 131072 op, 243700.00 ns, 1.8593 ns/op
OverheadActual  13: 131072 op, 253100.00 ns, 1.9310 ns/op
OverheadActual  14: 131072 op, 298600.00 ns, 2.2781 ns/op
OverheadActual  15: 131072 op, 248900.00 ns, 1.8990 ns/op

OverheadWarmup   1: 131072 op, 249100.00 ns, 1.9005 ns/op
OverheadWarmup   2: 131072 op, 256500.00 ns, 1.9569 ns/op
OverheadWarmup   3: 131072 op, 249100.00 ns, 1.9005 ns/op
OverheadWarmup   4: 131072 op, 248900.00 ns, 1.8990 ns/op
OverheadWarmup   5: 131072 op, 294400.00 ns, 2.2461 ns/op
OverheadWarmup   6: 131072 op, 253800.00 ns, 1.9363 ns/op

// BeforeActualRun
WorkloadActual   1: 131072 op, 858130400.00 ns, 6.5470 us/op
WorkloadActual   2: 131072 op, 873124300.00 ns, 6.6614 us/op
WorkloadActual   3: 131072 op, 895118200.00 ns, 6.8292 us/op
WorkloadActual   4: 131072 op, 879631500.00 ns, 6.7111 us/op
WorkloadActual   5: 131072 op, 852474300.00 ns, 6.5039 us/op
WorkloadActual   6: 131072 op, 865028900.00 ns, 6.5996 us/op
WorkloadActual   7: 131072 op, 874190300.00 ns, 6.6695 us/op
WorkloadActual   8: 131072 op, 871750300.00 ns, 6.6509 us/op
WorkloadActual   9: 131072 op, 854883900.00 ns, 6.5222 us/op
WorkloadActual  10: 131072 op, 828403200.00 ns, 6.3202 us/op
WorkloadActual  11: 131072 op, 839867000.00 ns, 6.4077 us/op
WorkloadActual  12: 131072 op, 836020900.00 ns, 6.3783 us/op
WorkloadActual  13: 131072 op, 850726700.00 ns, 6.4905 us/op
WorkloadActual  14: 131072 op, 833785900.00 ns, 6.3613 us/op
WorkloadActual  15: 131072 op, 861417000.00 ns, 6.5721 us/op
WorkloadActual  16: 131072 op, 847461300.00 ns, 6.4656 us/op
WorkloadActual  17: 131072 op, 877514700.00 ns, 6.6949 us/op
WorkloadActual  18: 131072 op, 905343800.00 ns, 6.9072 us/op
WorkloadActual  19: 131072 op, 856112600.00 ns, 6.5316 us/op
WorkloadActual  20: 131072 op, 866161800.00 ns, 6.6083 us/op
WorkloadActual  21: 131072 op, 861137700.00 ns, 6.5700 us/op

// AfterActualRun
WorkloadResult   1: 131072 op, 857881000.00 ns, 6.5451 us/op
WorkloadResult   2: 131072 op, 872874900.00 ns, 6.6595 us/op
WorkloadResult   3: 131072 op, 894868800.00 ns, 6.8273 us/op
WorkloadResult   4: 131072 op, 879382100.00 ns, 6.7092 us/op
WorkloadResult   5: 131072 op, 852224900.00 ns, 6.5020 us/op
WorkloadResult   6: 131072 op, 864779500.00 ns, 6.5977 us/op
WorkloadResult   7: 131072 op, 873940900.00 ns, 6.6676 us/op
WorkloadResult   8: 131072 op, 871500900.00 ns, 6.6490 us/op
WorkloadResult   9: 131072 op, 854634500.00 ns, 6.5203 us/op
WorkloadResult  10: 131072 op, 828153800.00 ns, 6.3183 us/op
WorkloadResult  11: 131072 op, 839617600.00 ns, 6.4058 us/op
WorkloadResult  12: 131072 op, 835771500.00 ns, 6.3764 us/op
WorkloadResult  13: 131072 op, 850477300.00 ns, 6.4886 us/op
WorkloadResult  14: 131072 op, 833536500.00 ns, 6.3594 us/op
WorkloadResult  15: 131072 op, 861167600.00 ns, 6.5702 us/op
WorkloadResult  16: 131072 op, 847211900.00 ns, 6.4637 us/op
WorkloadResult  17: 131072 op, 877265300.00 ns, 6.6930 us/op
WorkloadResult  18: 131072 op, 905094400.00 ns, 6.9053 us/op
WorkloadResult  19: 131072 op, 855863200.00 ns, 6.5297 us/op
WorkloadResult  20: 131072 op, 865912400.00 ns, 6.6064 us/op
WorkloadResult  21: 131072 op, 860888300.00 ns, 6.5681 us/op
// GC:  0 0 0 9437184 131072
// Threading:  0 0 131072

// AfterAll
// Benchmark Process 19104 has exited with code 0.

Mean = 6.570 μs, StdErr = 0.032 μs (0.49%), N = 21, StdDev = 0.148 μs
Min = 6.318 μs, Q1 = 6.489 μs, Median = 6.568 μs, Q3 = 6.660 μs, Max = 6.905 μs
IQR = 0.171 μs, LowerFence = 6.232 μs, UpperFence = 6.916 μs
ConfidenceInterval = [6.445 μs; 6.694 μs] (CI 99.9%), Margin = 0.124 μs (1.89% of Mean)
Skewness = 0.33, Kurtosis = 2.59, MValue = 2

// ** Remained 23 (40.4%) benchmark(s) to run. Estimated finish 2026-05-10 23:11 (0h 9m from now) **
Setup power plan (GUID: 8c5e7fda-e8bf-4a96-9a85-a6e23a8c635c FriendlyName: 高效能)
// **************************
// Benchmark: RangeBenchmark.'SD   Range (foreach+break)': DefaultJob [Ratio=0.01, N=100000]
// *** Execute ***
// Launch: 1 / 1
// Execute: dotnet bplus-tree-benchmark-Job-CNUJVU-1.dll --anonymousPipes 1904 1900 --benchmarkName "RangeBenchmark.SD_Range_ForEachBreak(Ratio: 0.01, N: 100000)" --job Default --benchmarkId 34 in C:\Users\chentingwei\bplus-tree\bplus-tree-benchmark\bin\Release\net10.0\bplus-tree-benchmark-Job-CNUJVU-1\bin\Release\net10.0
// BeforeAnythingElse

// Benchmark Process Environment Information:
// BenchmarkDotNet v0.15.2
// Runtime=.NET 10.0.7 (10.0.726.21808), X64 RyuJIT AVX-512F+CD+BW+DQ+VL+VBMI
// GC=Concurrent Workstation
// HardwareIntrinsics=AVX-512F+CD+BW+DQ+VL+VBMI,AES,BMI1,BMI2,FMA,LZCNT,PCLMUL,POPCNT VectorSize=256
// Job: DefaultJob

OverheadJitting  1: 1 op, 583100.00 ns, 583.1000 us/op
WorkloadJitting  1: 1 op, 1819500.00 ns, 1.8195 ms/op

OverheadJitting  2: 16 op, 392400.00 ns, 24.5250 us/op
WorkloadJitting  2: 16 op, 4246900.00 ns, 265.4313 us/op

WorkloadPilot    1: 16 op, 949800.00 ns, 59.3625 us/op
WorkloadPilot    2: 32 op, 1669800.00 ns, 52.1813 us/op
WorkloadPilot    3: 64 op, 3176300.00 ns, 49.6297 us/op
WorkloadPilot    4: 128 op, 6112900.00 ns, 47.7570 us/op
WorkloadPilot    5: 256 op, 12439700.00 ns, 48.5926 us/op
WorkloadPilot    6: 512 op, 23566400.00 ns, 46.0281 us/op
WorkloadPilot    7: 1024 op, 47902400.00 ns, 46.7797 us/op
WorkloadPilot    8: 2048 op, 10894900.00 ns, 5.3198 us/op
WorkloadPilot    9: 4096 op, 18624400.00 ns, 4.5470 us/op
WorkloadPilot   10: 8192 op, 34942500.00 ns, 4.2654 us/op
WorkloadPilot   11: 16384 op, 69542800.00 ns, 4.2446 us/op
WorkloadPilot   12: 32768 op, 137501500.00 ns, 4.1962 us/op
WorkloadPilot   13: 65536 op, 264373400.00 ns, 4.0340 us/op
WorkloadPilot   14: 131072 op, 568668800.00 ns, 4.3386 us/op

OverheadWarmup   1: 131072 op, 257500.00 ns, 1.9646 ns/op
OverheadWarmup   2: 131072 op, 246300.00 ns, 1.8791 ns/op
OverheadWarmup   3: 131072 op, 245900.00 ns, 1.8761 ns/op
OverheadWarmup   4: 131072 op, 259500.00 ns, 1.9798 ns/op
OverheadWarmup   5: 131072 op, 245800.00 ns, 1.8753 ns/op
OverheadWarmup   6: 131072 op, 246400.00 ns, 1.8799 ns/op
OverheadWarmup   7: 131072 op, 249500.00 ns, 1.9035 ns/op
OverheadWarmup   8: 131072 op, 251600.00 ns, 1.9196 ns/op
OverheadWarmup   9: 131072 op, 257700.00 ns, 1.9661 ns/op
OverheadWarmup  10: 131072 op, 252100.00 ns, 1.9234 ns/op

OverheadActual   1: 131072 op, 251000.00 ns, 1.9150 ns/op
OverheadActual   2: 131072 op, 252500.00 ns, 1.9264 ns/op
OverheadActual   3: 131072 op, 251300.00 ns, 1.9173 ns/op
OverheadActual   4: 131072 op, 248100.00 ns, 1.8929 ns/op
OverheadActual   5: 131072 op, 245600.00 ns, 1.8738 ns/op
OverheadActual   6: 131072 op, 266200.00 ns, 2.0309 ns/op
OverheadActual   7: 131072 op, 270300.00 ns, 2.0622 ns/op
OverheadActual   8: 131072 op, 246000.00 ns, 1.8768 ns/op
OverheadActual   9: 131072 op, 249200.00 ns, 1.9012 ns/op
OverheadActual  10: 131072 op, 246100.00 ns, 1.8776 ns/op
OverheadActual  11: 131072 op, 253000.00 ns, 1.9302 ns/op
OverheadActual  12: 131072 op, 245800.00 ns, 1.8753 ns/op
OverheadActual  13: 131072 op, 257900.00 ns, 1.9676 ns/op
OverheadActual  14: 131072 op, 245700.00 ns, 1.8745 ns/op
OverheadActual  15: 131072 op, 246000.00 ns, 1.8768 ns/op

OverheadWarmup   1: 131072 op, 251400.00 ns, 1.9180 ns/op
OverheadWarmup   2: 131072 op, 264800.00 ns, 2.0203 ns/op
OverheadWarmup   3: 131072 op, 252200.00 ns, 1.9241 ns/op
OverheadWarmup   4: 131072 op, 247200.00 ns, 1.8860 ns/op
OverheadWarmup   5: 131072 op, 246200.00 ns, 1.8784 ns/op
OverheadWarmup   6: 131072 op, 250200.00 ns, 1.9089 ns/op
OverheadWarmup   7: 131072 op, 258700.00 ns, 1.9737 ns/op
OverheadWarmup   8: 131072 op, 249200.00 ns, 1.9012 ns/op

// BeforeActualRun
WorkloadActual   1: 131072 op, 544241700.00 ns, 4.1522 us/op
WorkloadActual   2: 131072 op, 556289700.00 ns, 4.2442 us/op
WorkloadActual   3: 131072 op, 540753400.00 ns, 4.1256 us/op
WorkloadActual   4: 131072 op, 565022000.00 ns, 4.3108 us/op
WorkloadActual   5: 131072 op, 559765200.00 ns, 4.2707 us/op
WorkloadActual   6: 131072 op, 555943800.00 ns, 4.2415 us/op
WorkloadActual   7: 131072 op, 545158600.00 ns, 4.1592 us/op
WorkloadActual   8: 131072 op, 557133400.00 ns, 4.2506 us/op
WorkloadActual   9: 131072 op, 592491500.00 ns, 4.5204 us/op
WorkloadActual  10: 131072 op, 561930600.00 ns, 4.2872 us/op
WorkloadActual  11: 131072 op, 555127400.00 ns, 4.2353 us/op
WorkloadActual  12: 131072 op, 532663800.00 ns, 4.0639 us/op
WorkloadActual  13: 131072 op, 543762100.00 ns, 4.1486 us/op
WorkloadActual  14: 131072 op, 552772600.00 ns, 4.2173 us/op
WorkloadActual  15: 131072 op, 551720500.00 ns, 4.2093 us/op

// AfterActualRun
WorkloadResult   1: 131072 op, 543992500.00 ns, 4.1503 us/op
WorkloadResult   2: 131072 op, 556040500.00 ns, 4.2423 us/op
WorkloadResult   3: 131072 op, 540504200.00 ns, 4.1237 us/op
WorkloadResult   4: 131072 op, 564772800.00 ns, 4.3089 us/op
WorkloadResult   5: 131072 op, 559516000.00 ns, 4.2688 us/op
WorkloadResult   6: 131072 op, 555694600.00 ns, 4.2396 us/op
WorkloadResult   7: 131072 op, 544909400.00 ns, 4.1573 us/op
WorkloadResult   8: 131072 op, 556884200.00 ns, 4.2487 us/op
WorkloadResult   9: 131072 op, 561681400.00 ns, 4.2853 us/op
WorkloadResult  10: 131072 op, 554878200.00 ns, 4.2334 us/op
WorkloadResult  11: 131072 op, 532414600.00 ns, 4.0620 us/op
WorkloadResult  12: 131072 op, 543512900.00 ns, 4.1467 us/op
WorkloadResult  13: 131072 op, 552523400.00 ns, 4.2154 us/op
WorkloadResult  14: 131072 op, 551471300.00 ns, 4.2074 us/op
// GC:  3 0 0 40894464 131072
// Threading:  0 0 131072

// AfterAll
// Benchmark Process 17040 has exited with code 0.

Mean = 4.206 μs, StdErr = 0.019 μs (0.44%), N = 14, StdDev = 0.069 μs
Min = 4.062 μs, Q1 = 4.152 μs, Median = 4.224 μs, Q3 = 4.247 μs, Max = 4.309 μs
IQR = 0.095 μs, LowerFence = 4.010 μs, UpperFence = 4.390 μs
ConfidenceInterval = [4.128 μs; 4.285 μs] (CI 99.9%), Margin = 0.078 μs (1.86% of Mean)
Skewness = -0.45, Kurtosis = 2.11, MValue = 2

// ** Remained 22 (38.6%) benchmark(s) to run. Estimated finish 2026-05-10 23:10 (0h 8m from now) **
Setup power plan (GUID: 8c5e7fda-e8bf-4a96-9a85-a6e23a8c635c FriendlyName: 高效能)
// **************************
// Benchmark: RangeBenchmark.'SD   Range (LINQ)': DefaultJob [Ratio=0.01, N=100000]
// *** Execute ***
// Launch: 1 / 1
// Execute: dotnet bplus-tree-benchmark-Job-CNUJVU-1.dll --anonymousPipes 1444 1752 --benchmarkName "RangeBenchmark.SD_Range_Linq(Ratio: 0.01, N: 100000)" --job Default --benchmarkId 35 in C:\Users\chentingwei\bplus-tree\bplus-tree-benchmark\bin\Release\net10.0\bplus-tree-benchmark-Job-CNUJVU-1\bin\Release\net10.0
// BeforeAnythingElse

// Benchmark Process Environment Information:
// BenchmarkDotNet v0.15.2
// Runtime=.NET 10.0.7 (10.0.726.21808), X64 RyuJIT AVX-512F+CD+BW+DQ+VL+VBMI
// GC=Concurrent Workstation
// HardwareIntrinsics=AVX-512F+CD+BW+DQ+VL+VBMI,AES,BMI1,BMI2,FMA,LZCNT,PCLMUL,POPCNT VectorSize=256
// Job: DefaultJob

OverheadJitting  1: 1 op, 804400.00 ns, 804.4000 us/op
WorkloadJitting  1: 1 op, 13638700.00 ns, 13.6387 ms/op

OverheadJitting  2: 16 op, 384200.00 ns, 24.0125 us/op
WorkloadJitting  2: 16 op, 100597000.00 ns, 6.2873 ms/op

WorkloadPilot    1: 16 op, 105795900.00 ns, 6.6122 ms/op
WorkloadPilot    2: 32 op, 174330400.00 ns, 5.4478 ms/op
WorkloadPilot    3: 64 op, 131916800.00 ns, 2.0612 ms/op
WorkloadPilot    4: 128 op, 258068800.00 ns, 2.0162 ms/op
WorkloadPilot    5: 256 op, 549229400.00 ns, 2.1454 ms/op

OverheadWarmup   1: 256 op, 3200.00 ns, 12.5000 ns/op
OverheadWarmup   2: 256 op, 2200.00 ns, 8.5938 ns/op
OverheadWarmup   3: 256 op, 1400.00 ns, 5.4688 ns/op
OverheadWarmup   4: 256 op, 1800.00 ns, 7.0313 ns/op
OverheadWarmup   5: 256 op, 1300.00 ns, 5.0781 ns/op
OverheadWarmup   6: 256 op, 1400.00 ns, 5.4688 ns/op
OverheadWarmup   7: 256 op, 1600.00 ns, 6.2500 ns/op
OverheadWarmup   8: 256 op, 1700.00 ns, 6.6406 ns/op
OverheadWarmup   9: 256 op, 1400.00 ns, 5.4688 ns/op

OverheadActual   1: 256 op, 2600.00 ns, 10.1563 ns/op
OverheadActual   2: 256 op, 2400.00 ns, 9.3750 ns/op
OverheadActual   3: 256 op, 1600.00 ns, 6.2500 ns/op
OverheadActual   4: 256 op, 1500.00 ns, 5.8594 ns/op
OverheadActual   5: 256 op, 1500.00 ns, 5.8594 ns/op
OverheadActual   6: 256 op, 1500.00 ns, 5.8594 ns/op
OverheadActual   7: 256 op, 1400.00 ns, 5.4688 ns/op
OverheadActual   8: 256 op, 1700.00 ns, 6.6406 ns/op
OverheadActual   9: 256 op, 1700.00 ns, 6.6406 ns/op
OverheadActual  10: 256 op, 1000.00 ns, 3.9063 ns/op
OverheadActual  11: 256 op, 1100.00 ns, 4.2969 ns/op
OverheadActual  12: 256 op, 1200.00 ns, 4.6875 ns/op
OverheadActual  13: 256 op, 1800.00 ns, 7.0313 ns/op
OverheadActual  14: 256 op, 1600.00 ns, 6.2500 ns/op
OverheadActual  15: 256 op, 1900.00 ns, 7.4219 ns/op
OverheadActual  16: 256 op, 1400.00 ns, 5.4688 ns/op
OverheadActual  17: 256 op, 1000.00 ns, 3.9063 ns/op
OverheadActual  18: 256 op, 1200.00 ns, 4.6875 ns/op
OverheadActual  19: 256 op, 1700.00 ns, 6.6406 ns/op
OverheadActual  20: 256 op, 1100.00 ns, 4.2969 ns/op

OverheadWarmup   1: 256 op, 1700.00 ns, 6.6406 ns/op
OverheadWarmup   2: 256 op, 1400.00 ns, 5.4688 ns/op
OverheadWarmup   3: 256 op, 1700.00 ns, 6.6406 ns/op
OverheadWarmup   4: 256 op, 11000.00 ns, 42.9688 ns/op
OverheadWarmup   5: 256 op, 1200.00 ns, 4.6875 ns/op
OverheadWarmup   6: 256 op, 1000.00 ns, 3.9063 ns/op
OverheadWarmup   7: 256 op, 1000.00 ns, 3.9063 ns/op
OverheadWarmup   8: 256 op, 1300.00 ns, 5.0781 ns/op

// BeforeActualRun
WorkloadActual   1: 256 op, 481963100.00 ns, 1.8827 ms/op
WorkloadActual   2: 256 op, 682796200.00 ns, 2.6672 ms/op
WorkloadActual   3: 256 op, 601531700.00 ns, 2.3497 ms/op
WorkloadActual   4: 256 op, 574088300.00 ns, 2.2425 ms/op
WorkloadActual   5: 256 op, 625401300.00 ns, 2.4430 ms/op
WorkloadActual   6: 256 op, 526971100.00 ns, 2.0585 ms/op
WorkloadActual   7: 256 op, 536762800.00 ns, 2.0967 ms/op
WorkloadActual   8: 256 op, 593066400.00 ns, 2.3167 ms/op
WorkloadActual   9: 256 op, 585306600.00 ns, 2.2864 ms/op
WorkloadActual  10: 256 op, 515452000.00 ns, 2.0135 ms/op
WorkloadActual  11: 256 op, 575552600.00 ns, 2.2483 ms/op
WorkloadActual  12: 256 op, 628614300.00 ns, 2.4555 ms/op
WorkloadActual  13: 256 op, 572158600.00 ns, 2.2350 ms/op
WorkloadActual  14: 256 op, 537425700.00 ns, 2.0993 ms/op
WorkloadActual  15: 256 op, 632451300.00 ns, 2.4705 ms/op
WorkloadActual  16: 256 op, 606194700.00 ns, 2.3679 ms/op
WorkloadActual  17: 256 op, 542996400.00 ns, 2.1211 ms/op
WorkloadActual  18: 256 op, 612099500.00 ns, 2.3910 ms/op
WorkloadActual  19: 256 op, 592390900.00 ns, 2.3140 ms/op
WorkloadActual  20: 256 op, 520897400.00 ns, 2.0348 ms/op
WorkloadActual  21: 256 op, 492006700.00 ns, 1.9219 ms/op
WorkloadActual  22: 256 op, 585699400.00 ns, 2.2879 ms/op
WorkloadActual  23: 256 op, 543243900.00 ns, 2.1220 ms/op
WorkloadActual  24: 256 op, 516462500.00 ns, 2.0174 ms/op
WorkloadActual  25: 256 op, 516718300.00 ns, 2.0184 ms/op
WorkloadActual  26: 256 op, 531740200.00 ns, 2.0771 ms/op
WorkloadActual  27: 256 op, 572929800.00 ns, 2.2380 ms/op
WorkloadActual  28: 256 op, 650617900.00 ns, 2.5415 ms/op
WorkloadActual  29: 256 op, 550081400.00 ns, 2.1488 ms/op
WorkloadActual  30: 256 op, 559519500.00 ns, 2.1856 ms/op
WorkloadActual  31: 256 op, 580292800.00 ns, 2.2668 ms/op
WorkloadActual  32: 256 op, 596977400.00 ns, 2.3319 ms/op
WorkloadActual  33: 256 op, 688676100.00 ns, 2.6901 ms/op
WorkloadActual  34: 256 op, 533809500.00 ns, 2.0852 ms/op
WorkloadActual  35: 256 op, 689904000.00 ns, 2.6949 ms/op
WorkloadActual  36: 256 op, 469044400.00 ns, 1.8322 ms/op
WorkloadActual  37: 256 op, 546330800.00 ns, 2.1341 ms/op
WorkloadActual  38: 256 op, 720505100.00 ns, 2.8145 ms/op
WorkloadActual  39: 256 op, 846504000.00 ns, 3.3067 ms/op
WorkloadActual  40: 256 op, 595646400.00 ns, 2.3267 ms/op
WorkloadActual  41: 256 op, 613744500.00 ns, 2.3974 ms/op
WorkloadActual  42: 256 op, 525667000.00 ns, 2.0534 ms/op
WorkloadActual  43: 256 op, 508586900.00 ns, 1.9867 ms/op
WorkloadActual  44: 256 op, 516411900.00 ns, 2.0172 ms/op
WorkloadActual  45: 256 op, 522861200.00 ns, 2.0424 ms/op
WorkloadActual  46: 256 op, 526401000.00 ns, 2.0563 ms/op
WorkloadActual  47: 256 op, 528429700.00 ns, 2.0642 ms/op
WorkloadActual  48: 256 op, 596850700.00 ns, 2.3314 ms/op
WorkloadActual  49: 256 op, 441588100.00 ns, 1.7250 ms/op
WorkloadActual  50: 256 op, 430085400.00 ns, 1.6800 ms/op
WorkloadActual  51: 256 op, 489101500.00 ns, 1.9106 ms/op
WorkloadActual  52: 256 op, 545625600.00 ns, 2.1314 ms/op
WorkloadActual  53: 256 op, 525155100.00 ns, 2.0514 ms/op
WorkloadActual  54: 256 op, 455425900.00 ns, 1.7790 ms/op
WorkloadActual  55: 256 op, 445088300.00 ns, 1.7386 ms/op
WorkloadActual  56: 256 op, 448452200.00 ns, 1.7518 ms/op
WorkloadActual  57: 256 op, 439587400.00 ns, 1.7171 ms/op
WorkloadActual  58: 256 op, 445493700.00 ns, 1.7402 ms/op
WorkloadActual  59: 256 op, 440579400.00 ns, 1.7210 ms/op
WorkloadActual  60: 256 op, 457258400.00 ns, 1.7862 ms/op
WorkloadActual  61: 256 op, 460173600.00 ns, 1.7976 ms/op
WorkloadActual  62: 256 op, 455121900.00 ns, 1.7778 ms/op
WorkloadActual  63: 256 op, 438962100.00 ns, 1.7147 ms/op
WorkloadActual  64: 256 op, 453829900.00 ns, 1.7728 ms/op
WorkloadActual  65: 256 op, 521039500.00 ns, 2.0353 ms/op
WorkloadActual  66: 256 op, 446870400.00 ns, 1.7456 ms/op
WorkloadActual  67: 256 op, 440810300.00 ns, 1.7219 ms/op
WorkloadActual  68: 256 op, 438416800.00 ns, 1.7126 ms/op
WorkloadActual  69: 256 op, 440953200.00 ns, 1.7225 ms/op
WorkloadActual  70: 256 op, 440232400.00 ns, 1.7197 ms/op
WorkloadActual  71: 256 op, 438617500.00 ns, 1.7133 ms/op
WorkloadActual  72: 256 op, 434951500.00 ns, 1.6990 ms/op
WorkloadActual  73: 256 op, 438136600.00 ns, 1.7115 ms/op
WorkloadActual  74: 256 op, 445778100.00 ns, 1.7413 ms/op
WorkloadActual  75: 256 op, 443986400.00 ns, 1.7343 ms/op
WorkloadActual  76: 256 op, 444071300.00 ns, 1.7347 ms/op
WorkloadActual  77: 256 op, 467925000.00 ns, 1.8278 ms/op
WorkloadActual  78: 256 op, 455697600.00 ns, 1.7801 ms/op
WorkloadActual  79: 256 op, 439730800.00 ns, 1.7177 ms/op
WorkloadActual  80: 256 op, 439976200.00 ns, 1.7187 ms/op
WorkloadActual  81: 256 op, 431504100.00 ns, 1.6856 ms/op
WorkloadActual  82: 256 op, 434163300.00 ns, 1.6960 ms/op
WorkloadActual  83: 256 op, 431033700.00 ns, 1.6837 ms/op
WorkloadActual  84: 256 op, 434205400.00 ns, 1.6961 ms/op
WorkloadActual  85: 256 op, 433644200.00 ns, 1.6939 ms/op
WorkloadActual  86: 256 op, 429362100.00 ns, 1.6772 ms/op
WorkloadActual  87: 256 op, 435893000.00 ns, 1.7027 ms/op
WorkloadActual  88: 256 op, 441212000.00 ns, 1.7235 ms/op
WorkloadActual  89: 256 op, 471962300.00 ns, 1.8436 ms/op
WorkloadActual  90: 256 op, 438450600.00 ns, 1.7127 ms/op
WorkloadActual  91: 256 op, 472326100.00 ns, 1.8450 ms/op
WorkloadActual  92: 256 op, 441084800.00 ns, 1.7230 ms/op
WorkloadActual  93: 256 op, 452407700.00 ns, 1.7672 ms/op
WorkloadActual  94: 256 op, 443081100.00 ns, 1.7308 ms/op
WorkloadActual  95: 256 op, 483380900.00 ns, 1.8882 ms/op
WorkloadActual  96: 256 op, 516777600.00 ns, 2.0187 ms/op
WorkloadActual  97: 256 op, 492426300.00 ns, 1.9235 ms/op
WorkloadActual  98: 256 op, 698339000.00 ns, 2.7279 ms/op
WorkloadActual  99: 256 op, 478960700.00 ns, 1.8709 ms/op
WorkloadActual  100: 256 op, 447341100.00 ns, 1.7474 ms/op

// AfterActualRun
WorkloadResult   1: 256 op, 481961600.00 ns, 1.8827 ms/op
WorkloadResult   2: 256 op, 682794700.00 ns, 2.6672 ms/op
WorkloadResult   3: 256 op, 601530200.00 ns, 2.3497 ms/op
WorkloadResult   4: 256 op, 574086800.00 ns, 2.2425 ms/op
WorkloadResult   5: 256 op, 625399800.00 ns, 2.4430 ms/op
WorkloadResult   6: 256 op, 526969600.00 ns, 2.0585 ms/op
WorkloadResult   7: 256 op, 536761300.00 ns, 2.0967 ms/op
WorkloadResult   8: 256 op, 593064900.00 ns, 2.3167 ms/op
WorkloadResult   9: 256 op, 585305100.00 ns, 2.2863 ms/op
WorkloadResult  10: 256 op, 515450500.00 ns, 2.0135 ms/op
WorkloadResult  11: 256 op, 575551100.00 ns, 2.2482 ms/op
WorkloadResult  12: 256 op, 628612800.00 ns, 2.4555 ms/op
WorkloadResult  13: 256 op, 572157100.00 ns, 2.2350 ms/op
WorkloadResult  14: 256 op, 537424200.00 ns, 2.0993 ms/op
WorkloadResult  15: 256 op, 632449800.00 ns, 2.4705 ms/op
WorkloadResult  16: 256 op, 606193200.00 ns, 2.3679 ms/op
WorkloadResult  17: 256 op, 542994900.00 ns, 2.1211 ms/op
WorkloadResult  18: 256 op, 612098000.00 ns, 2.3910 ms/op
WorkloadResult  19: 256 op, 592389400.00 ns, 2.3140 ms/op
WorkloadResult  20: 256 op, 520895900.00 ns, 2.0347 ms/op
WorkloadResult  21: 256 op, 492005200.00 ns, 1.9219 ms/op
WorkloadResult  22: 256 op, 585697900.00 ns, 2.2879 ms/op
WorkloadResult  23: 256 op, 543242400.00 ns, 2.1220 ms/op
WorkloadResult  24: 256 op, 516461000.00 ns, 2.0174 ms/op
WorkloadResult  25: 256 op, 516716800.00 ns, 2.0184 ms/op
WorkloadResult  26: 256 op, 531738700.00 ns, 2.0771 ms/op
WorkloadResult  27: 256 op, 572928300.00 ns, 2.2380 ms/op
WorkloadResult  28: 256 op, 650616400.00 ns, 2.5415 ms/op
WorkloadResult  29: 256 op, 550079900.00 ns, 2.1487 ms/op
WorkloadResult  30: 256 op, 559518000.00 ns, 2.1856 ms/op
WorkloadResult  31: 256 op, 580291300.00 ns, 2.2668 ms/op
WorkloadResult  32: 256 op, 596975900.00 ns, 2.3319 ms/op
WorkloadResult  33: 256 op, 688674600.00 ns, 2.6901 ms/op
WorkloadResult  34: 256 op, 533808000.00 ns, 2.0852 ms/op
WorkloadResult  35: 256 op, 689902500.00 ns, 2.6949 ms/op
WorkloadResult  36: 256 op, 469042900.00 ns, 1.8322 ms/op
WorkloadResult  37: 256 op, 546329300.00 ns, 2.1341 ms/op
WorkloadResult  38: 256 op, 720503600.00 ns, 2.8145 ms/op
WorkloadResult  39: 256 op, 595644900.00 ns, 2.3267 ms/op
WorkloadResult  40: 256 op, 613743000.00 ns, 2.3974 ms/op
WorkloadResult  41: 256 op, 525665500.00 ns, 2.0534 ms/op
WorkloadResult  42: 256 op, 508585400.00 ns, 1.9867 ms/op
WorkloadResult  43: 256 op, 516410400.00 ns, 2.0172 ms/op
WorkloadResult  44: 256 op, 522859700.00 ns, 2.0424 ms/op
WorkloadResult  45: 256 op, 526399500.00 ns, 2.0562 ms/op
WorkloadResult  46: 256 op, 528428200.00 ns, 2.0642 ms/op
WorkloadResult  47: 256 op, 596849200.00 ns, 2.3314 ms/op
WorkloadResult  48: 256 op, 441586600.00 ns, 1.7249 ms/op
WorkloadResult  49: 256 op, 430083900.00 ns, 1.6800 ms/op
WorkloadResult  50: 256 op, 489100000.00 ns, 1.9105 ms/op
WorkloadResult  51: 256 op, 545624100.00 ns, 2.1313 ms/op
WorkloadResult  52: 256 op, 525153600.00 ns, 2.0514 ms/op
WorkloadResult  53: 256 op, 455424400.00 ns, 1.7790 ms/op
WorkloadResult  54: 256 op, 445086800.00 ns, 1.7386 ms/op
WorkloadResult  55: 256 op, 448450700.00 ns, 1.7518 ms/op
WorkloadResult  56: 256 op, 439585900.00 ns, 1.7171 ms/op
WorkloadResult  57: 256 op, 445492200.00 ns, 1.7402 ms/op
WorkloadResult  58: 256 op, 440577900.00 ns, 1.7210 ms/op
WorkloadResult  59: 256 op, 457256900.00 ns, 1.7862 ms/op
WorkloadResult  60: 256 op, 460172100.00 ns, 1.7975 ms/op
WorkloadResult  61: 256 op, 455120400.00 ns, 1.7778 ms/op
WorkloadResult  62: 256 op, 438960600.00 ns, 1.7147 ms/op
WorkloadResult  63: 256 op, 453828400.00 ns, 1.7728 ms/op
WorkloadResult  64: 256 op, 521038000.00 ns, 2.0353 ms/op
WorkloadResult  65: 256 op, 446868900.00 ns, 1.7456 ms/op
WorkloadResult  66: 256 op, 440808800.00 ns, 1.7219 ms/op
WorkloadResult  67: 256 op, 438415300.00 ns, 1.7126 ms/op
WorkloadResult  68: 256 op, 440951700.00 ns, 1.7225 ms/op
WorkloadResult  69: 256 op, 440230900.00 ns, 1.7197 ms/op
WorkloadResult  70: 256 op, 438616000.00 ns, 1.7133 ms/op
WorkloadResult  71: 256 op, 434950000.00 ns, 1.6990 ms/op
WorkloadResult  72: 256 op, 438135100.00 ns, 1.7115 ms/op
WorkloadResult  73: 256 op, 445776600.00 ns, 1.7413 ms/op
WorkloadResult  74: 256 op, 443984900.00 ns, 1.7343 ms/op
WorkloadResult  75: 256 op, 444069800.00 ns, 1.7346 ms/op
WorkloadResult  76: 256 op, 467923500.00 ns, 1.8278 ms/op
WorkloadResult  77: 256 op, 455696100.00 ns, 1.7801 ms/op
WorkloadResult  78: 256 op, 439729300.00 ns, 1.7177 ms/op
WorkloadResult  79: 256 op, 439974700.00 ns, 1.7187 ms/op
WorkloadResult  80: 256 op, 431502600.00 ns, 1.6856 ms/op
WorkloadResult  81: 256 op, 434161800.00 ns, 1.6959 ms/op
WorkloadResult  82: 256 op, 431032200.00 ns, 1.6837 ms/op
WorkloadResult  83: 256 op, 434203900.00 ns, 1.6961 ms/op
WorkloadResult  84: 256 op, 433642700.00 ns, 1.6939 ms/op
WorkloadResult  85: 256 op, 429360600.00 ns, 1.6772 ms/op
WorkloadResult  86: 256 op, 435891500.00 ns, 1.7027 ms/op
WorkloadResult  87: 256 op, 441210500.00 ns, 1.7235 ms/op
WorkloadResult  88: 256 op, 471960800.00 ns, 1.8436 ms/op
WorkloadResult  89: 256 op, 438449100.00 ns, 1.7127 ms/op
WorkloadResult  90: 256 op, 472324600.00 ns, 1.8450 ms/op
WorkloadResult  91: 256 op, 441083300.00 ns, 1.7230 ms/op
WorkloadResult  92: 256 op, 452406200.00 ns, 1.7672 ms/op
WorkloadResult  93: 256 op, 443079600.00 ns, 1.7308 ms/op
WorkloadResult  94: 256 op, 483379400.00 ns, 1.8882 ms/op
WorkloadResult  95: 256 op, 516776100.00 ns, 2.0187 ms/op
WorkloadResult  96: 256 op, 492424800.00 ns, 1.9235 ms/op
WorkloadResult  97: 256 op, 698337500.00 ns, 2.7279 ms/op
WorkloadResult  98: 256 op, 478959200.00 ns, 1.8709 ms/op
WorkloadResult  99: 256 op, 447339600.00 ns, 1.7474 ms/op
// GC:  0 0 0 122880 256
// Threading:  0 0 256

// AfterAll
// Benchmark Process 7916 has exited with code 0.

Mean = 2.000 ms, StdErr = 0.029 ms (1.47%), N = 99, StdDev = 0.293 ms
Min = 1.677 ms, Q1 = 1.733 ms, Median = 1.924 ms, Q3 = 2.210 ms, Max = 2.814 ms
IQR = 0.478 ms, LowerFence = 1.016 ms, UpperFence = 2.927 ms
ConfidenceInterval = [1.900 ms; 2.100 ms] (CI 99.9%), Margin = 0.100 ms (5.00% of Mean)
Skewness = 0.81, Kurtosis = 2.75, MValue = 3.72

// ** Remained 21 (36.8%) benchmark(s) to run. Estimated finish 2026-05-10 23:11 (0h 8m from now) **
Setup power plan (GUID: 8c5e7fda-e8bf-4a96-9a85-a6e23a8c635c FriendlyName: 高效能)
// **************************
// Benchmark: RangeBenchmark.'BPT  Range': DefaultJob [Ratio=0.01, N=1000000]
// *** Execute ***
// Launch: 1 / 1
// Execute: dotnet bplus-tree-benchmark-Job-CNUJVU-1.dll --anonymousPipes 856 1776 --benchmarkName "RangeBenchmark.BPT_Range(Ratio: 0.01, N: 1000000)" --job Default --benchmarkId 36 in C:\Users\chentingwei\bplus-tree\bplus-tree-benchmark\bin\Release\net10.0\bplus-tree-benchmark-Job-CNUJVU-1\bin\Release\net10.0
// BeforeAnythingElse

// Benchmark Process Environment Information:
// BenchmarkDotNet v0.15.2
// Runtime=.NET 10.0.7 (10.0.726.21808), X64 RyuJIT AVX-512F+CD+BW+DQ+VL+VBMI
// GC=Concurrent Workstation
// HardwareIntrinsics=AVX-512F+CD+BW+DQ+VL+VBMI,AES,BMI1,BMI2,FMA,LZCNT,PCLMUL,POPCNT VectorSize=256
// Job: DefaultJob

OverheadJitting  1: 1 op, 701800.00 ns, 701.8000 us/op
WorkloadJitting  1: 1 op, 1954200.00 ns, 1.9542 ms/op

OverheadJitting  2: 16 op, 420500.00 ns, 26.2813 us/op
WorkloadJitting  2: 16 op, 2844800.00 ns, 177.8000 us/op

WorkloadPilot    1: 16 op, 2123200.00 ns, 132.7000 us/op
WorkloadPilot    2: 32 op, 4218100.00 ns, 131.8156 us/op
WorkloadPilot    3: 64 op, 8388000.00 ns, 131.0625 us/op
WorkloadPilot    4: 128 op, 11784900.00 ns, 92.0695 us/op
WorkloadPilot    5: 256 op, 17194800.00 ns, 67.1672 us/op
WorkloadPilot    6: 512 op, 33552700.00 ns, 65.5326 us/op
WorkloadPilot    7: 1024 op, 66048700.00 ns, 64.5007 us/op
WorkloadPilot    8: 2048 op, 134505000.00 ns, 65.6763 us/op
WorkloadPilot    9: 4096 op, 267172700.00 ns, 65.2277 us/op
WorkloadPilot   10: 8192 op, 533244400.00 ns, 65.0933 us/op

OverheadWarmup   1: 8192 op, 16400.00 ns, 2.0020 ns/op
OverheadWarmup   2: 8192 op, 16000.00 ns, 1.9531 ns/op
OverheadWarmup   3: 8192 op, 14800.00 ns, 1.8066 ns/op
OverheadWarmup   4: 8192 op, 14800.00 ns, 1.8066 ns/op
OverheadWarmup   5: 8192 op, 14900.00 ns, 1.8188 ns/op
OverheadWarmup   6: 8192 op, 20300.00 ns, 2.4780 ns/op
OverheadWarmup   7: 8192 op, 10900.00 ns, 1.3306 ns/op
OverheadWarmup   8: 8192 op, 11800.00 ns, 1.4404 ns/op

OverheadActual   1: 8192 op, 10800.00 ns, 1.3184 ns/op
OverheadActual   2: 8192 op, 11000.00 ns, 1.3428 ns/op
OverheadActual   3: 8192 op, 11900.00 ns, 1.4526 ns/op
OverheadActual   4: 8192 op, 15400.00 ns, 1.8799 ns/op
OverheadActual   5: 8192 op, 10700.00 ns, 1.3062 ns/op
OverheadActual   6: 8192 op, 12500.00 ns, 1.5259 ns/op
OverheadActual   7: 8192 op, 10600.00 ns, 1.2939 ns/op
OverheadActual   8: 8192 op, 11900.00 ns, 1.4526 ns/op
OverheadActual   9: 8192 op, 11000.00 ns, 1.3428 ns/op
OverheadActual  10: 8192 op, 11200.00 ns, 1.3672 ns/op
OverheadActual  11: 8192 op, 11000.00 ns, 1.3428 ns/op
OverheadActual  12: 8192 op, 10600.00 ns, 1.2939 ns/op
OverheadActual  13: 8192 op, 12300.00 ns, 1.5015 ns/op
OverheadActual  14: 8192 op, 10900.00 ns, 1.3306 ns/op
OverheadActual  15: 8192 op, 10500.00 ns, 1.2817 ns/op
OverheadActual  16: 8192 op, 10900.00 ns, 1.3306 ns/op
OverheadActual  17: 8192 op, 10700.00 ns, 1.3062 ns/op
OverheadActual  18: 8192 op, 11100.00 ns, 1.3550 ns/op
OverheadActual  19: 8192 op, 10800.00 ns, 1.3184 ns/op
OverheadActual  20: 8192 op, 10900.00 ns, 1.3306 ns/op

OverheadWarmup   1: 8192 op, 10700.00 ns, 1.3062 ns/op
OverheadWarmup   2: 8192 op, 10900.00 ns, 1.3306 ns/op
OverheadWarmup   3: 8192 op, 10900.00 ns, 1.3306 ns/op
OverheadWarmup   4: 8192 op, 10900.00 ns, 1.3306 ns/op
OverheadWarmup   5: 8192 op, 10800.00 ns, 1.3184 ns/op
OverheadWarmup   6: 8192 op, 10900.00 ns, 1.3306 ns/op

// BeforeActualRun
WorkloadActual   1: 8192 op, 533710100.00 ns, 65.1502 us/op
WorkloadActual   2: 8192 op, 532444000.00 ns, 64.9956 us/op
WorkloadActual   3: 8192 op, 533447500.00 ns, 65.1181 us/op
WorkloadActual   4: 8192 op, 532818900.00 ns, 65.0414 us/op
WorkloadActual   5: 8192 op, 532972200.00 ns, 65.0601 us/op
WorkloadActual   6: 8192 op, 531874000.00 ns, 64.9260 us/op
WorkloadActual   7: 8192 op, 532484900.00 ns, 65.0006 us/op
WorkloadActual   8: 8192 op, 533088700.00 ns, 65.0743 us/op
WorkloadActual   9: 8192 op, 532667200.00 ns, 65.0229 us/op
WorkloadActual  10: 8192 op, 533048300.00 ns, 65.0694 us/op
WorkloadActual  11: 8192 op, 533567900.00 ns, 65.1328 us/op
WorkloadActual  12: 8192 op, 533494000.00 ns, 65.1238 us/op
WorkloadActual  13: 8192 op, 531550300.00 ns, 64.8865 us/op
WorkloadActual  14: 8192 op, 532343700.00 ns, 64.9834 us/op
WorkloadActual  15: 8192 op, 532959000.00 ns, 65.0585 us/op

// AfterActualRun
WorkloadResult   1: 8192 op, 533699150.00 ns, 65.1488 us/op
WorkloadResult   2: 8192 op, 532433050.00 ns, 64.9943 us/op
WorkloadResult   3: 8192 op, 533436550.00 ns, 65.1168 us/op
WorkloadResult   4: 8192 op, 532807950.00 ns, 65.0400 us/op
WorkloadResult   5: 8192 op, 532961250.00 ns, 65.0587 us/op
WorkloadResult   6: 8192 op, 531863050.00 ns, 64.9247 us/op
WorkloadResult   7: 8192 op, 532473950.00 ns, 64.9993 us/op
WorkloadResult   8: 8192 op, 533077750.00 ns, 65.0730 us/op
WorkloadResult   9: 8192 op, 532656250.00 ns, 65.0215 us/op
WorkloadResult  10: 8192 op, 533037350.00 ns, 65.0680 us/op
WorkloadResult  11: 8192 op, 533556950.00 ns, 65.1315 us/op
WorkloadResult  12: 8192 op, 533483050.00 ns, 65.1224 us/op
WorkloadResult  13: 8192 op, 531539350.00 ns, 64.8852 us/op
WorkloadResult  14: 8192 op, 532332750.00 ns, 64.9820 us/op
WorkloadResult  15: 8192 op, 532948050.00 ns, 65.0571 us/op
// GC:  0 0 0 589824 8192
// Threading:  0 0 8192

// AfterAll
// Benchmark Process 32868 has exited with code 0.

Mean = 65.042 μs, StdErr = 0.020 μs (0.03%), N = 15, StdDev = 0.076 μs
Min = 64.885 μs, Q1 = 64.997 μs, Median = 65.057 μs, Q3 = 65.095 μs, Max = 65.149 μs
IQR = 0.098 μs, LowerFence = 64.850 μs, UpperFence = 65.242 μs
ConfidenceInterval = [64.961 μs; 65.122 μs] (CI 99.9%), Margin = 0.081 μs (0.12% of Mean)
Skewness = -0.44, Kurtosis = 2.2, MValue = 2

// ** Remained 20 (35.1%) benchmark(s) to run. Estimated finish 2026-05-10 23:11 (0h 8m from now) **
Setup power plan (GUID: 8c5e7fda-e8bf-4a96-9a85-a6e23a8c635c FriendlyName: 高效能)
// **************************
// Benchmark: RangeBenchmark.'SD   Range (foreach+break)': DefaultJob [Ratio=0.01, N=1000000]
// *** Execute ***
// Launch: 1 / 1
// Execute: dotnet bplus-tree-benchmark-Job-CNUJVU-1.dll --anonymousPipes 1972 1540 --benchmarkName "RangeBenchmark.SD_Range_ForEachBreak(Ratio: 0.01, N: 1000000)" --job Default --benchmarkId 37 in C:\Users\chentingwei\bplus-tree\bplus-tree-benchmark\bin\Release\net10.0\bplus-tree-benchmark-Job-CNUJVU-1\bin\Release\net10.0
// BeforeAnythingElse

// Benchmark Process Environment Information:
// BenchmarkDotNet v0.15.2
// Runtime=.NET 10.0.7 (10.0.726.21808), X64 RyuJIT AVX-512F+CD+BW+DQ+VL+VBMI
// GC=Concurrent Workstation
// HardwareIntrinsics=AVX-512F+CD+BW+DQ+VL+VBMI,AES,BMI1,BMI2,FMA,LZCNT,PCLMUL,POPCNT VectorSize=256
// Job: DefaultJob

OverheadJitting  1: 1 op, 634200.00 ns, 634.2000 us/op
WorkloadJitting  1: 1 op, 4794700.00 ns, 4.7947 ms/op

OverheadJitting  2: 16 op, 415800.00 ns, 25.9875 us/op
WorkloadJitting  2: 16 op, 3697400.00 ns, 231.0875 us/op

WorkloadPilot    1: 16 op, 3140900.00 ns, 196.3063 us/op
WorkloadPilot    2: 32 op, 5457600.00 ns, 170.5500 us/op
WorkloadPilot    3: 64 op, 12967900.00 ns, 202.6234 us/op
WorkloadPilot    4: 128 op, 15327900.00 ns, 119.7492 us/op
WorkloadPilot    5: 256 op, 28965400.00 ns, 113.1461 us/op
WorkloadPilot    6: 512 op, 57866000.00 ns, 113.0195 us/op
WorkloadPilot    7: 1024 op, 113567900.00 ns, 110.9062 us/op
WorkloadPilot    8: 2048 op, 230877100.00 ns, 112.7330 us/op
WorkloadPilot    9: 4096 op, 449725500.00 ns, 109.7963 us/op
WorkloadPilot   10: 8192 op, 899473200.00 ns, 109.7990 us/op

OverheadWarmup   1: 8192 op, 17500.00 ns, 2.1362 ns/op
OverheadWarmup   2: 8192 op, 14600.00 ns, 1.7822 ns/op
OverheadWarmup   3: 8192 op, 14600.00 ns, 1.7822 ns/op
OverheadWarmup   4: 8192 op, 14700.00 ns, 1.7944 ns/op
OverheadWarmup   5: 8192 op, 14800.00 ns, 1.8066 ns/op
OverheadWarmup   6: 8192 op, 14500.00 ns, 1.7700 ns/op
OverheadWarmup   7: 8192 op, 17500.00 ns, 2.1362 ns/op

OverheadActual   1: 8192 op, 10900.00 ns, 1.3306 ns/op
OverheadActual   2: 8192 op, 10900.00 ns, 1.3306 ns/op
OverheadActual   3: 8192 op, 10900.00 ns, 1.3306 ns/op
OverheadActual   4: 8192 op, 10900.00 ns, 1.3306 ns/op
OverheadActual   5: 8192 op, 26900.00 ns, 3.2837 ns/op
OverheadActual   6: 8192 op, 11000.00 ns, 1.3428 ns/op
OverheadActual   7: 8192 op, 10700.00 ns, 1.3062 ns/op
OverheadActual   8: 8192 op, 13200.00 ns, 1.6113 ns/op
OverheadActual   9: 8192 op, 11100.00 ns, 1.3550 ns/op
OverheadActual  10: 8192 op, 10700.00 ns, 1.3062 ns/op
OverheadActual  11: 8192 op, 12500.00 ns, 1.5259 ns/op
OverheadActual  12: 8192 op, 11600.00 ns, 1.4160 ns/op
OverheadActual  13: 8192 op, 13900.00 ns, 1.6968 ns/op
OverheadActual  14: 8192 op, 15000.00 ns, 1.8311 ns/op
OverheadActual  15: 8192 op, 15600.00 ns, 1.9043 ns/op
OverheadActual  16: 8192 op, 12400.00 ns, 1.5137 ns/op
OverheadActual  17: 8192 op, 17000.00 ns, 2.0752 ns/op
OverheadActual  18: 8192 op, 11700.00 ns, 1.4282 ns/op
OverheadActual  19: 8192 op, 11300.00 ns, 1.3794 ns/op
OverheadActual  20: 8192 op, 11100.00 ns, 1.3550 ns/op

OverheadWarmup   1: 8192 op, 11300.00 ns, 1.3794 ns/op
OverheadWarmup   2: 8192 op, 12700.00 ns, 1.5503 ns/op
OverheadWarmup   3: 8192 op, 10800.00 ns, 1.3184 ns/op
OverheadWarmup   4: 8192 op, 10900.00 ns, 1.3306 ns/op
OverheadWarmup   5: 8192 op, 11400.00 ns, 1.3916 ns/op
OverheadWarmup   6: 8192 op, 12200.00 ns, 1.4893 ns/op
OverheadWarmup   7: 8192 op, 11000.00 ns, 1.3428 ns/op

// BeforeActualRun
WorkloadActual   1: 8192 op, 988275800.00 ns, 120.6391 us/op
WorkloadActual   2: 8192 op, 929348400.00 ns, 113.4458 us/op
WorkloadActual   3: 8192 op, 924242600.00 ns, 112.8226 us/op
WorkloadActual   4: 8192 op, 931113100.00 ns, 113.6613 us/op
WorkloadActual   5: 8192 op, 940929400.00 ns, 114.8595 us/op
WorkloadActual   6: 8192 op, 938638800.00 ns, 114.5799 us/op
WorkloadActual   7: 8192 op, 934959000.00 ns, 114.1307 us/op
WorkloadActual   8: 8192 op, 971432900.00 ns, 118.5831 us/op
WorkloadActual   9: 8192 op, 1037651700.00 ns, 126.6665 us/op
WorkloadActual  10: 8192 op, 992151600.00 ns, 121.1123 us/op
WorkloadActual  11: 8192 op, 956791200.00 ns, 116.7958 us/op
WorkloadActual  12: 8192 op, 973198400.00 ns, 118.7986 us/op
WorkloadActual  13: 8192 op, 949790500.00 ns, 115.9412 us/op
WorkloadActual  14: 8192 op, 999235800.00 ns, 121.9770 us/op
WorkloadActual  15: 8192 op, 960263800.00 ns, 117.2197 us/op
WorkloadActual  16: 8192 op, 933248200.00 ns, 113.9219 us/op
WorkloadActual  17: 8192 op, 985214600.00 ns, 120.2655 us/op
WorkloadActual  18: 8192 op, 941332100.00 ns, 114.9087 us/op
WorkloadActual  19: 8192 op, 992535100.00 ns, 121.1591 us/op
WorkloadActual  20: 8192 op, 937460200.00 ns, 114.4361 us/op
WorkloadActual  21: 8192 op, 943013300.00 ns, 115.1139 us/op
WorkloadActual  22: 8192 op, 943334400.00 ns, 115.1531 us/op
WorkloadActual  23: 8192 op, 942722700.00 ns, 115.0785 us/op
WorkloadActual  24: 8192 op, 905530100.00 ns, 110.5383 us/op
WorkloadActual  25: 8192 op, 932538000.00 ns, 113.8352 us/op
WorkloadActual  26: 8192 op, 915706600.00 ns, 111.7806 us/op
WorkloadActual  27: 8192 op, 923412700.00 ns, 112.7213 us/op

// AfterActualRun
WorkloadResult   1: 8192 op, 988264350.00 ns, 120.6377 us/op
WorkloadResult   2: 8192 op, 929336950.00 ns, 113.4445 us/op
WorkloadResult   3: 8192 op, 924231150.00 ns, 112.8212 us/op
WorkloadResult   4: 8192 op, 931101650.00 ns, 113.6599 us/op
WorkloadResult   5: 8192 op, 940917950.00 ns, 114.8581 us/op
WorkloadResult   6: 8192 op, 938627350.00 ns, 114.5785 us/op
WorkloadResult   7: 8192 op, 934947550.00 ns, 114.1293 us/op
WorkloadResult   8: 8192 op, 971421450.00 ns, 118.5817 us/op
WorkloadResult   9: 8192 op, 992140150.00 ns, 121.1109 us/op
WorkloadResult  10: 8192 op, 956779750.00 ns, 116.7944 us/op
WorkloadResult  11: 8192 op, 973186950.00 ns, 118.7972 us/op
WorkloadResult  12: 8192 op, 949779050.00 ns, 115.9398 us/op
WorkloadResult  13: 8192 op, 999224350.00 ns, 121.9756 us/op
WorkloadResult  14: 8192 op, 960252350.00 ns, 117.2183 us/op
WorkloadResult  15: 8192 op, 933236750.00 ns, 113.9205 us/op
WorkloadResult  16: 8192 op, 985203150.00 ns, 120.2641 us/op
WorkloadResult  17: 8192 op, 941320650.00 ns, 114.9073 us/op
WorkloadResult  18: 8192 op, 992523650.00 ns, 121.1577 us/op
WorkloadResult  19: 8192 op, 937448750.00 ns, 114.4347 us/op
WorkloadResult  20: 8192 op, 943001850.00 ns, 115.1125 us/op
WorkloadResult  21: 8192 op, 943322950.00 ns, 115.1517 us/op
WorkloadResult  22: 8192 op, 942711250.00 ns, 115.0771 us/op
WorkloadResult  23: 8192 op, 905518650.00 ns, 110.5369 us/op
WorkloadResult  24: 8192 op, 932526550.00 ns, 113.8338 us/op
WorkloadResult  25: 8192 op, 915695150.00 ns, 111.7792 us/op
WorkloadResult  26: 8192 op, 923401250.00 ns, 112.7199 us/op
// GC:  0 0 0 2949120 8192
// Threading:  0 0 8192

// AfterAll
// Benchmark Process 26972 has exited with code 0.

Mean = 115.902 μs, StdErr = 0.616 μs (0.53%), N = 26, StdDev = 3.142 μs
Min = 110.537 μs, Q1 = 113.855 μs, Median = 114.992 μs, Q3 = 118.241 μs, Max = 121.976 μs
IQR = 4.385 μs, LowerFence = 107.277 μs, UpperFence = 124.819 μs
ConfidenceInterval = [113.606 μs; 118.197 μs] (CI 99.9%), Margin = 2.296 μs (1.98% of Mean)
Skewness = 0.5, Kurtosis = 2.08, MValue = 2.57

// ** Remained 19 (33.3%) benchmark(s) to run. Estimated finish 2026-05-10 23:12 (0h 7m from now) **
Setup power plan (GUID: 8c5e7fda-e8bf-4a96-9a85-a6e23a8c635c FriendlyName: 高效能)
// **************************
// Benchmark: RangeBenchmark.'SD   Range (LINQ)': DefaultJob [Ratio=0.01, N=1000000]
// *** Execute ***
// Launch: 1 / 1
// Execute: dotnet bplus-tree-benchmark-Job-CNUJVU-1.dll --anonymousPipes 1984 1972 --benchmarkName "RangeBenchmark.SD_Range_Linq(Ratio: 0.01, N: 1000000)" --job Default --benchmarkId 38 in C:\Users\chentingwei\bplus-tree\bplus-tree-benchmark\bin\Release\net10.0\bplus-tree-benchmark-Job-CNUJVU-1\bin\Release\net10.0
// BeforeAnythingElse

// Benchmark Process Environment Information:
// BenchmarkDotNet v0.15.2
// Runtime=.NET 10.0.7 (10.0.726.21808), X64 RyuJIT AVX-512F+CD+BW+DQ+VL+VBMI
// GC=Concurrent Workstation
// HardwareIntrinsics=AVX-512F+CD+BW+DQ+VL+VBMI,AES,BMI1,BMI2,FMA,LZCNT,PCLMUL,POPCNT VectorSize=256
// Job: DefaultJob

OverheadJitting  1: 1 op, 678200.00 ns, 678.2000 us/op
WorkloadJitting  1: 1 op, 168311500.00 ns, 168.3115 ms/op

WorkloadPilot    1: 2 op, 177834200.00 ns, 88.9171 ms/op
WorkloadPilot    2: 3 op, 263961700.00 ns, 87.9872 ms/op
WorkloadPilot    3: 4 op, 400121900.00 ns, 100.0305 ms/op
WorkloadPilot    4: 5 op, 403712200.00 ns, 80.7424 ms/op
WorkloadPilot    5: 6 op, 554679300.00 ns, 92.4466 ms/op

OverheadWarmup   1: 6 op, 1100.00 ns, 183.3333 ns/op
OverheadWarmup   2: 6 op, 1400.00 ns, 233.3333 ns/op
OverheadWarmup   3: 6 op, 1400.00 ns, 233.3333 ns/op
OverheadWarmup   4: 6 op, 1300.00 ns, 216.6667 ns/op
OverheadWarmup   5: 6 op, 4000.00 ns, 666.6667 ns/op
OverheadWarmup   6: 6 op, 1300.00 ns, 216.6667 ns/op

// BeforeActualRun
WorkloadActual   1: 6 op, 555809700.00 ns, 92.6350 ms/op
WorkloadActual   2: 6 op, 503699300.00 ns, 83.9499 ms/op
WorkloadActual   3: 6 op, 491475300.00 ns, 81.9126 ms/op
WorkloadActual   4: 6 op, 528745100.00 ns, 88.1242 ms/op
WorkloadActual   5: 6 op, 504564200.00 ns, 84.0940 ms/op
WorkloadActual   6: 6 op, 678816900.00 ns, 113.1362 ms/op
WorkloadActual   7: 6 op, 585393600.00 ns, 97.5656 ms/op
WorkloadActual   8: 6 op, 585739000.00 ns, 97.6232 ms/op
WorkloadActual   9: 6 op, 479708000.00 ns, 79.9513 ms/op
WorkloadActual  10: 6 op, 560581400.00 ns, 93.4302 ms/op
WorkloadActual  11: 6 op, 514637500.00 ns, 85.7729 ms/op
WorkloadActual  12: 6 op, 507180600.00 ns, 84.5301 ms/op
WorkloadActual  13: 6 op, 598496600.00 ns, 99.7494 ms/op
WorkloadActual  14: 6 op, 533410400.00 ns, 88.9017 ms/op
WorkloadActual  15: 6 op, 475288100.00 ns, 79.2147 ms/op
WorkloadActual  16: 6 op, 658975400.00 ns, 109.8292 ms/op
WorkloadActual  17: 6 op, 599788700.00 ns, 99.9648 ms/op
WorkloadActual  18: 6 op, 539623300.00 ns, 89.9372 ms/op
WorkloadActual  19: 6 op, 697651400.00 ns, 116.2752 ms/op
WorkloadActual  20: 6 op, 705901700.00 ns, 117.6503 ms/op
WorkloadActual  21: 6 op, 710159700.00 ns, 118.3600 ms/op
WorkloadActual  22: 6 op, 706308400.00 ns, 117.7181 ms/op
WorkloadActual  23: 6 op, 724533300.00 ns, 120.7556 ms/op
WorkloadActual  24: 6 op, 798147600.00 ns, 133.0246 ms/op
WorkloadActual  25: 6 op, 686638200.00 ns, 114.4397 ms/op
WorkloadActual  26: 6 op, 644474600.00 ns, 107.4124 ms/op
WorkloadActual  27: 6 op, 709794600.00 ns, 118.2991 ms/op
WorkloadActual  28: 6 op, 718447500.00 ns, 119.7413 ms/op
WorkloadActual  29: 6 op, 651927600.00 ns, 108.6546 ms/op
WorkloadActual  30: 6 op, 493550300.00 ns, 82.2584 ms/op
WorkloadActual  31: 6 op, 599380200.00 ns, 99.8967 ms/op
WorkloadActual  32: 6 op, 471755900.00 ns, 78.6260 ms/op
WorkloadActual  33: 6 op, 466361600.00 ns, 77.7269 ms/op
WorkloadActual  34: 6 op, 438906000.00 ns, 73.1510 ms/op
WorkloadActual  35: 6 op, 430264000.00 ns, 71.7107 ms/op
WorkloadActual  36: 6 op, 455718000.00 ns, 75.9530 ms/op
WorkloadActual  37: 6 op, 430447700.00 ns, 71.7413 ms/op
WorkloadActual  38: 6 op, 423368400.00 ns, 70.5614 ms/op
WorkloadActual  39: 6 op, 433863600.00 ns, 72.3106 ms/op
WorkloadActual  40: 6 op, 433302200.00 ns, 72.2170 ms/op
WorkloadActual  41: 6 op, 428621200.00 ns, 71.4369 ms/op
WorkloadActual  42: 6 op, 505398400.00 ns, 84.2331 ms/op
WorkloadActual  43: 6 op, 425511800.00 ns, 70.9186 ms/op
WorkloadActual  44: 6 op, 450483500.00 ns, 75.0806 ms/op
WorkloadActual  45: 6 op, 432625300.00 ns, 72.1042 ms/op
WorkloadActual  46: 6 op, 420914200.00 ns, 70.1524 ms/op
WorkloadActual  47: 6 op, 507831100.00 ns, 84.6385 ms/op
WorkloadActual  48: 6 op, 587408100.00 ns, 97.9014 ms/op
WorkloadActual  49: 6 op, 502826400.00 ns, 83.8044 ms/op
WorkloadActual  50: 6 op, 754295500.00 ns, 125.7159 ms/op
WorkloadActual  51: 6 op, 576972700.00 ns, 96.1621 ms/op
WorkloadActual  52: 6 op, 627078000.00 ns, 104.5130 ms/op
WorkloadActual  53: 6 op, 490794100.00 ns, 81.7990 ms/op
WorkloadActual  54: 6 op, 467865100.00 ns, 77.9775 ms/op
WorkloadActual  55: 6 op, 489114800.00 ns, 81.5191 ms/op
WorkloadActual  56: 6 op, 493306400.00 ns, 82.2177 ms/op
WorkloadActual  57: 6 op, 532613300.00 ns, 88.7689 ms/op
WorkloadActual  58: 6 op, 634171800.00 ns, 105.6953 ms/op
WorkloadActual  59: 6 op, 588127100.00 ns, 98.0212 ms/op
WorkloadActual  60: 6 op, 501550100.00 ns, 83.5917 ms/op
WorkloadActual  61: 6 op, 442345000.00 ns, 73.7242 ms/op
WorkloadActual  62: 6 op, 441692200.00 ns, 73.6154 ms/op
WorkloadActual  63: 6 op, 544874700.00 ns, 90.8125 ms/op
WorkloadActual  64: 6 op, 432327500.00 ns, 72.0546 ms/op
WorkloadActual  65: 6 op, 575059600.00 ns, 95.8433 ms/op
WorkloadActual  66: 6 op, 612262800.00 ns, 102.0438 ms/op
WorkloadActual  67: 6 op, 469849800.00 ns, 78.3083 ms/op
WorkloadActual  68: 6 op, 456007000.00 ns, 76.0012 ms/op
WorkloadActual  69: 6 op, 488387300.00 ns, 81.3979 ms/op
WorkloadActual  70: 6 op, 483650700.00 ns, 80.6085 ms/op
WorkloadActual  71: 6 op, 495444700.00 ns, 82.5741 ms/op
WorkloadActual  72: 6 op, 454531900.00 ns, 75.7553 ms/op
WorkloadActual  73: 6 op, 526205100.00 ns, 87.7009 ms/op
WorkloadActual  74: 6 op, 439726200.00 ns, 73.2877 ms/op
WorkloadActual  75: 6 op, 502222300.00 ns, 83.7037 ms/op
WorkloadActual  76: 6 op, 472593900.00 ns, 78.7657 ms/op
WorkloadActual  77: 6 op, 480381000.00 ns, 80.0635 ms/op
WorkloadActual  78: 6 op, 441708900.00 ns, 73.6182 ms/op
WorkloadActual  79: 6 op, 431175300.00 ns, 71.8626 ms/op
WorkloadActual  80: 6 op, 436352800.00 ns, 72.7255 ms/op
WorkloadActual  81: 6 op, 434422200.00 ns, 72.4037 ms/op
WorkloadActual  82: 6 op, 458237500.00 ns, 76.3729 ms/op
WorkloadActual  83: 6 op, 463896900.00 ns, 77.3162 ms/op
WorkloadActual  84: 6 op, 432719600.00 ns, 72.1199 ms/op
WorkloadActual  85: 6 op, 438204400.00 ns, 73.0341 ms/op
WorkloadActual  86: 6 op, 430383700.00 ns, 71.7306 ms/op
WorkloadActual  87: 6 op, 440075400.00 ns, 73.3459 ms/op
WorkloadActual  88: 6 op, 455150500.00 ns, 75.8584 ms/op
WorkloadActual  89: 6 op, 443484900.00 ns, 73.9142 ms/op
WorkloadActual  90: 6 op, 445218900.00 ns, 74.2032 ms/op
WorkloadActual  91: 6 op, 482787800.00 ns, 80.4646 ms/op
WorkloadActual  92: 6 op, 454920400.00 ns, 75.8201 ms/op
WorkloadActual  93: 6 op, 459483000.00 ns, 76.5805 ms/op
WorkloadActual  94: 6 op, 473834300.00 ns, 78.9724 ms/op
WorkloadActual  95: 6 op, 501529500.00 ns, 83.5883 ms/op
WorkloadActual  96: 6 op, 484567800.00 ns, 80.7613 ms/op
WorkloadActual  97: 6 op, 467675800.00 ns, 77.9460 ms/op
WorkloadActual  98: 6 op, 470862400.00 ns, 78.4771 ms/op
WorkloadActual  99: 6 op, 534639700.00 ns, 89.1066 ms/op
WorkloadActual  100: 6 op, 670367100.00 ns, 111.7279 ms/op

// AfterActualRun
WorkloadResult   1: 6 op, 555809700.00 ns, 92.6350 ms/op
WorkloadResult   2: 6 op, 503699300.00 ns, 83.9499 ms/op
WorkloadResult   3: 6 op, 491475300.00 ns, 81.9126 ms/op
WorkloadResult   4: 6 op, 528745100.00 ns, 88.1242 ms/op
WorkloadResult   5: 6 op, 504564200.00 ns, 84.0940 ms/op
WorkloadResult   6: 6 op, 678816900.00 ns, 113.1362 ms/op
WorkloadResult   7: 6 op, 585393600.00 ns, 97.5656 ms/op
WorkloadResult   8: 6 op, 585739000.00 ns, 97.6232 ms/op
WorkloadResult   9: 6 op, 479708000.00 ns, 79.9513 ms/op
WorkloadResult  10: 6 op, 560581400.00 ns, 93.4302 ms/op
WorkloadResult  11: 6 op, 514637500.00 ns, 85.7729 ms/op
WorkloadResult  12: 6 op, 507180600.00 ns, 84.5301 ms/op
WorkloadResult  13: 6 op, 598496600.00 ns, 99.7494 ms/op
WorkloadResult  14: 6 op, 533410400.00 ns, 88.9017 ms/op
WorkloadResult  15: 6 op, 475288100.00 ns, 79.2147 ms/op
WorkloadResult  16: 6 op, 658975400.00 ns, 109.8292 ms/op
WorkloadResult  17: 6 op, 599788700.00 ns, 99.9648 ms/op
WorkloadResult  18: 6 op, 539623300.00 ns, 89.9372 ms/op
WorkloadResult  19: 6 op, 697651400.00 ns, 116.2752 ms/op
WorkloadResult  20: 6 op, 705901700.00 ns, 117.6503 ms/op
WorkloadResult  21: 6 op, 710159700.00 ns, 118.3600 ms/op
WorkloadResult  22: 6 op, 706308400.00 ns, 117.7181 ms/op
WorkloadResult  23: 6 op, 724533300.00 ns, 120.7556 ms/op
WorkloadResult  24: 6 op, 686638200.00 ns, 114.4397 ms/op
WorkloadResult  25: 6 op, 644474600.00 ns, 107.4124 ms/op
WorkloadResult  26: 6 op, 709794600.00 ns, 118.2991 ms/op
WorkloadResult  27: 6 op, 718447500.00 ns, 119.7413 ms/op
WorkloadResult  28: 6 op, 651927600.00 ns, 108.6546 ms/op
WorkloadResult  29: 6 op, 493550300.00 ns, 82.2584 ms/op
WorkloadResult  30: 6 op, 599380200.00 ns, 99.8967 ms/op
WorkloadResult  31: 6 op, 471755900.00 ns, 78.6260 ms/op
WorkloadResult  32: 6 op, 466361600.00 ns, 77.7269 ms/op
WorkloadResult  33: 6 op, 438906000.00 ns, 73.1510 ms/op
WorkloadResult  34: 6 op, 430264000.00 ns, 71.7107 ms/op
WorkloadResult  35: 6 op, 455718000.00 ns, 75.9530 ms/op
WorkloadResult  36: 6 op, 430447700.00 ns, 71.7413 ms/op
WorkloadResult  37: 6 op, 423368400.00 ns, 70.5614 ms/op
WorkloadResult  38: 6 op, 433863600.00 ns, 72.3106 ms/op
WorkloadResult  39: 6 op, 433302200.00 ns, 72.2170 ms/op
WorkloadResult  40: 6 op, 428621200.00 ns, 71.4369 ms/op
WorkloadResult  41: 6 op, 505398400.00 ns, 84.2331 ms/op
WorkloadResult  42: 6 op, 425511800.00 ns, 70.9186 ms/op
WorkloadResult  43: 6 op, 450483500.00 ns, 75.0806 ms/op
WorkloadResult  44: 6 op, 432625300.00 ns, 72.1042 ms/op
WorkloadResult  45: 6 op, 420914200.00 ns, 70.1524 ms/op
WorkloadResult  46: 6 op, 507831100.00 ns, 84.6385 ms/op
WorkloadResult  47: 6 op, 587408100.00 ns, 97.9014 ms/op
WorkloadResult  48: 6 op, 502826400.00 ns, 83.8044 ms/op
WorkloadResult  49: 6 op, 754295500.00 ns, 125.7159 ms/op
WorkloadResult  50: 6 op, 576972700.00 ns, 96.1621 ms/op
WorkloadResult  51: 6 op, 627078000.00 ns, 104.5130 ms/op
WorkloadResult  52: 6 op, 490794100.00 ns, 81.7990 ms/op
WorkloadResult  53: 6 op, 467865100.00 ns, 77.9775 ms/op
WorkloadResult  54: 6 op, 489114800.00 ns, 81.5191 ms/op
WorkloadResult  55: 6 op, 493306400.00 ns, 82.2177 ms/op
WorkloadResult  56: 6 op, 532613300.00 ns, 88.7689 ms/op
WorkloadResult  57: 6 op, 634171800.00 ns, 105.6953 ms/op
WorkloadResult  58: 6 op, 588127100.00 ns, 98.0212 ms/op
WorkloadResult  59: 6 op, 501550100.00 ns, 83.5917 ms/op
WorkloadResult  60: 6 op, 442345000.00 ns, 73.7242 ms/op
WorkloadResult  61: 6 op, 441692200.00 ns, 73.6154 ms/op
WorkloadResult  62: 6 op, 544874700.00 ns, 90.8125 ms/op
WorkloadResult  63: 6 op, 432327500.00 ns, 72.0546 ms/op
WorkloadResult  64: 6 op, 575059600.00 ns, 95.8433 ms/op
WorkloadResult  65: 6 op, 612262800.00 ns, 102.0438 ms/op
WorkloadResult  66: 6 op, 469849800.00 ns, 78.3083 ms/op
WorkloadResult  67: 6 op, 456007000.00 ns, 76.0012 ms/op
WorkloadResult  68: 6 op, 488387300.00 ns, 81.3979 ms/op
WorkloadResult  69: 6 op, 483650700.00 ns, 80.6085 ms/op
WorkloadResult  70: 6 op, 495444700.00 ns, 82.5741 ms/op
WorkloadResult  71: 6 op, 454531900.00 ns, 75.7553 ms/op
WorkloadResult  72: 6 op, 526205100.00 ns, 87.7009 ms/op
WorkloadResult  73: 6 op, 439726200.00 ns, 73.2877 ms/op
WorkloadResult  74: 6 op, 502222300.00 ns, 83.7037 ms/op
WorkloadResult  75: 6 op, 472593900.00 ns, 78.7657 ms/op
WorkloadResult  76: 6 op, 480381000.00 ns, 80.0635 ms/op
WorkloadResult  77: 6 op, 441708900.00 ns, 73.6182 ms/op
WorkloadResult  78: 6 op, 431175300.00 ns, 71.8626 ms/op
WorkloadResult  79: 6 op, 436352800.00 ns, 72.7255 ms/op
WorkloadResult  80: 6 op, 434422200.00 ns, 72.4037 ms/op
WorkloadResult  81: 6 op, 458237500.00 ns, 76.3729 ms/op
WorkloadResult  82: 6 op, 463896900.00 ns, 77.3162 ms/op
WorkloadResult  83: 6 op, 432719600.00 ns, 72.1199 ms/op
WorkloadResult  84: 6 op, 438204400.00 ns, 73.0341 ms/op
WorkloadResult  85: 6 op, 430383700.00 ns, 71.7306 ms/op
WorkloadResult  86: 6 op, 440075400.00 ns, 73.3459 ms/op
WorkloadResult  87: 6 op, 455150500.00 ns, 75.8584 ms/op
WorkloadResult  88: 6 op, 443484900.00 ns, 73.9142 ms/op
WorkloadResult  89: 6 op, 445218900.00 ns, 74.2032 ms/op
WorkloadResult  90: 6 op, 482787800.00 ns, 80.4646 ms/op
WorkloadResult  91: 6 op, 454920400.00 ns, 75.8201 ms/op
WorkloadResult  92: 6 op, 459483000.00 ns, 76.5805 ms/op
WorkloadResult  93: 6 op, 473834300.00 ns, 78.9724 ms/op
WorkloadResult  94: 6 op, 501529500.00 ns, 83.5883 ms/op
WorkloadResult  95: 6 op, 484567800.00 ns, 80.7613 ms/op
WorkloadResult  96: 6 op, 467675800.00 ns, 77.9460 ms/op
WorkloadResult  97: 6 op, 470862400.00 ns, 78.4771 ms/op
WorkloadResult  98: 6 op, 534639700.00 ns, 89.1066 ms/op
WorkloadResult  99: 6 op, 670367100.00 ns, 111.7279 ms/op
// GC:  0 0 0 3168 6
// Threading:  0 0 6

// AfterAll
// Benchmark Process 23360 has exited with code 0.

Mean = 86.568 ms, StdErr = 1.482 ms (1.71%), N = 99, StdDev = 14.748 ms
Min = 70.152 ms, Q1 = 75.418 ms, Median = 81.799 ms, Q3 = 96.003 ms, Max = 125.716 ms
IQR = 20.585 ms, LowerFence = 44.541 ms, UpperFence = 126.880 ms
ConfidenceInterval = [81.539 ms; 91.597 ms] (CI 99.9%), Margin = 5.029 ms (5.81% of Mean)
Skewness = 1.01, Kurtosis = 2.88, MValue = 2.7

// ** Remained 18 (31.6%) benchmark(s) to run. Estimated finish 2026-05-10 23:13 (0h 7m from now) **
Setup power plan (GUID: 8c5e7fda-e8bf-4a96-9a85-a6e23a8c635c FriendlyName: 高效能)
// **************************
// Benchmark: RangeBenchmark.'BPT  Range': DefaultJob [Ratio=0.1, N=10000]
// *** Execute ***
// Launch: 1 / 1
// Execute: dotnet bplus-tree-benchmark-Job-CNUJVU-1.dll --anonymousPipes 1800 1968 --benchmarkName "RangeBenchmark.BPT_Range(Ratio: 0.1, N: 10000)" --job Default --benchmarkId 39 in C:\Users\chentingwei\bplus-tree\bplus-tree-benchmark\bin\Release\net10.0\bplus-tree-benchmark-Job-CNUJVU-1\bin\Release\net10.0
// BeforeAnythingElse

// Benchmark Process Environment Information:
// BenchmarkDotNet v0.15.2
// Runtime=.NET 10.0.7 (10.0.726.21808), X64 RyuJIT AVX-512F+CD+BW+DQ+VL+VBMI
// GC=Concurrent Workstation
// HardwareIntrinsics=AVX-512F+CD+BW+DQ+VL+VBMI,AES,BMI1,BMI2,FMA,LZCNT,PCLMUL,POPCNT VectorSize=256
// Job: DefaultJob

OverheadJitting  1: 1 op, 603300.00 ns, 603.3000 us/op
WorkloadJitting  1: 1 op, 1028500.00 ns, 1.0285 ms/op

OverheadJitting  2: 16 op, 367000.00 ns, 22.9375 us/op
WorkloadJitting  2: 16 op, 1445600.00 ns, 90.3500 us/op

WorkloadPilot    1: 16 op, 586200.00 ns, 36.6375 us/op
WorkloadPilot    2: 32 op, 1032000.00 ns, 32.2500 us/op
WorkloadPilot    3: 64 op, 2059000.00 ns, 32.1719 us/op
WorkloadPilot    4: 128 op, 4005700.00 ns, 31.2945 us/op
WorkloadPilot    5: 256 op, 7844600.00 ns, 30.6430 us/op
WorkloadPilot    6: 512 op, 15367700.00 ns, 30.0150 us/op
WorkloadPilot    7: 1024 op, 30231700.00 ns, 29.5231 us/op
WorkloadPilot    8: 2048 op, 60120500.00 ns, 29.3557 us/op
WorkloadPilot    9: 4096 op, 77832800.00 ns, 19.0021 us/op
WorkloadPilot   10: 8192 op, 54032200.00 ns, 6.5957 us/op
WorkloadPilot   11: 16384 op, 108516100.00 ns, 6.6233 us/op
WorkloadPilot   12: 32768 op, 216447200.00 ns, 6.6054 us/op
WorkloadPilot   13: 65536 op, 432077600.00 ns, 6.5930 us/op
WorkloadPilot   14: 131072 op, 842066400.00 ns, 6.4245 us/op

OverheadWarmup   1: 131072 op, 246300.00 ns, 1.8791 ns/op
OverheadWarmup   2: 131072 op, 245300.00 ns, 1.8715 ns/op
OverheadWarmup   3: 131072 op, 245300.00 ns, 1.8715 ns/op
OverheadWarmup   4: 131072 op, 245200.00 ns, 1.8707 ns/op
OverheadWarmup   5: 131072 op, 245300.00 ns, 1.8715 ns/op
OverheadWarmup   6: 131072 op, 267100.00 ns, 2.0378 ns/op
OverheadWarmup   7: 131072 op, 263000.00 ns, 2.0065 ns/op

OverheadActual   1: 131072 op, 287900.00 ns, 2.1965 ns/op
OverheadActual   2: 131072 op, 256800.00 ns, 1.9592 ns/op
OverheadActual   3: 131072 op, 271100.00 ns, 2.0683 ns/op
OverheadActual   4: 131072 op, 256600.00 ns, 1.9577 ns/op
OverheadActual   5: 131072 op, 269000.00 ns, 2.0523 ns/op
OverheadActual   6: 131072 op, 256700.00 ns, 1.9585 ns/op
OverheadActual   7: 131072 op, 256600.00 ns, 1.9577 ns/op
OverheadActual   8: 131072 op, 256100.00 ns, 1.9539 ns/op
OverheadActual   9: 131072 op, 274900.00 ns, 2.0973 ns/op
OverheadActual  10: 131072 op, 245200.00 ns, 1.8707 ns/op
OverheadActual  11: 131072 op, 245300.00 ns, 1.8715 ns/op
OverheadActual  12: 131072 op, 245100.00 ns, 1.8700 ns/op
OverheadActual  13: 131072 op, 245200.00 ns, 1.8707 ns/op
OverheadActual  14: 131072 op, 245100.00 ns, 1.8700 ns/op
OverheadActual  15: 131072 op, 245200.00 ns, 1.8707 ns/op
OverheadActual  16: 131072 op, 245200.00 ns, 1.8707 ns/op
OverheadActual  17: 131072 op, 245200.00 ns, 1.8707 ns/op

OverheadWarmup   1: 131072 op, 245400.00 ns, 1.8723 ns/op
OverheadWarmup   2: 131072 op, 245300.00 ns, 1.8715 ns/op
OverheadWarmup   3: 131072 op, 245200.00 ns, 1.8707 ns/op
OverheadWarmup   4: 131072 op, 247100.00 ns, 1.8852 ns/op
OverheadWarmup   5: 131072 op, 250900.00 ns, 1.9142 ns/op
OverheadWarmup   6: 131072 op, 251000.00 ns, 1.9150 ns/op
OverheadWarmup   7: 131072 op, 256600.00 ns, 1.9577 ns/op
OverheadWarmup   8: 131072 op, 250900.00 ns, 1.9142 ns/op
OverheadWarmup   9: 131072 op, 265400.00 ns, 2.0248 ns/op
OverheadWarmup  10: 131072 op, 250800.00 ns, 1.9135 ns/op

// BeforeActualRun
WorkloadActual   1: 131072 op, 843739700.00 ns, 6.4372 us/op
WorkloadActual   2: 131072 op, 839645800.00 ns, 6.4060 us/op
WorkloadActual   3: 131072 op, 844330700.00 ns, 6.4417 us/op
WorkloadActual   4: 131072 op, 845800000.00 ns, 6.4529 us/op
WorkloadActual   5: 131072 op, 844869000.00 ns, 6.4458 us/op
WorkloadActual   6: 131072 op, 838465300.00 ns, 6.3970 us/op
WorkloadActual   7: 131072 op, 846317300.00 ns, 6.4569 us/op
WorkloadActual   8: 131072 op, 835606300.00 ns, 6.3752 us/op
WorkloadActual   9: 131072 op, 833350700.00 ns, 6.3580 us/op
WorkloadActual  10: 131072 op, 836367200.00 ns, 6.3810 us/op
WorkloadActual  11: 131072 op, 836570800.00 ns, 6.3825 us/op
WorkloadActual  12: 131072 op, 844463200.00 ns, 6.4427 us/op
WorkloadActual  13: 131072 op, 838614600.00 ns, 6.3981 us/op
WorkloadActual  14: 131072 op, 834378600.00 ns, 6.3658 us/op
WorkloadActual  15: 131072 op, 832570400.00 ns, 6.3520 us/op

// AfterActualRun
WorkloadResult   1: 131072 op, 843483600.00 ns, 6.4353 us/op
WorkloadResult   2: 131072 op, 839389700.00 ns, 6.4040 us/op
WorkloadResult   3: 131072 op, 844074600.00 ns, 6.4398 us/op
WorkloadResult   4: 131072 op, 845543900.00 ns, 6.4510 us/op
WorkloadResult   5: 131072 op, 844612900.00 ns, 6.4439 us/op
WorkloadResult   6: 131072 op, 838209200.00 ns, 6.3950 us/op
WorkloadResult   7: 131072 op, 846061200.00 ns, 6.4549 us/op
WorkloadResult   8: 131072 op, 835350200.00 ns, 6.3732 us/op
WorkloadResult   9: 131072 op, 833094600.00 ns, 6.3560 us/op
WorkloadResult  10: 131072 op, 836111100.00 ns, 6.3790 us/op
WorkloadResult  11: 131072 op, 836314700.00 ns, 6.3806 us/op
WorkloadResult  12: 131072 op, 844207100.00 ns, 6.4408 us/op
WorkloadResult  13: 131072 op, 838358500.00 ns, 6.3962 us/op
WorkloadResult  14: 131072 op, 834122500.00 ns, 6.3638 us/op
WorkloadResult  15: 131072 op, 832314300.00 ns, 6.3501 us/op
// GC:  0 0 0 9437184 131072
// Threading:  0 0 131072

// AfterAll
// Benchmark Process 29272 has exited with code 0.

Mean = 6.404 μs, StdErr = 0.010 μs (0.15%), N = 15, StdDev = 0.037 μs
Min = 6.350 μs, Q1 = 6.376 μs, Median = 6.396 μs, Q3 = 6.440 μs, Max = 6.455 μs
IQR = 0.064 μs, LowerFence = 6.280 μs, UpperFence = 6.537 μs
ConfidenceInterval = [6.365 μs; 6.444 μs] (CI 99.9%), Margin = 0.039 μs (0.62% of Mean)
Skewness = 0.03, Kurtosis = 1.31, MValue = 2

// ** Remained 17 (29.8%) benchmark(s) to run. Estimated finish 2026-05-10 23:13 (0h 7m from now) **
Setup power plan (GUID: 8c5e7fda-e8bf-4a96-9a85-a6e23a8c635c FriendlyName: 高效能)
// **************************
// Benchmark: RangeBenchmark.'SD   Range (foreach+break)': DefaultJob [Ratio=0.1, N=10000]
// *** Execute ***
// Launch: 1 / 1
// Execute: dotnet bplus-tree-benchmark-Job-CNUJVU-1.dll --anonymousPipes 1808 1776 --benchmarkName "RangeBenchmark.SD_Range_ForEachBreak(Ratio: 0.1, N: 10000)" --job Default --benchmarkId 40 in C:\Users\chentingwei\bplus-tree\bplus-tree-benchmark\bin\Release\net10.0\bplus-tree-benchmark-Job-CNUJVU-1\bin\Release\net10.0
// BeforeAnythingElse

// Benchmark Process Environment Information:
// BenchmarkDotNet v0.15.2
// Runtime=.NET 10.0.7 (10.0.726.21808), X64 RyuJIT AVX-512F+CD+BW+DQ+VL+VBMI
// GC=Concurrent Workstation
// HardwareIntrinsics=AVX-512F+CD+BW+DQ+VL+VBMI,AES,BMI1,BMI2,FMA,LZCNT,PCLMUL,POPCNT VectorSize=256
// Job: DefaultJob

OverheadJitting  1: 1 op, 569500.00 ns, 569.5000 us/op
WorkloadJitting  1: 1 op, 1865400.00 ns, 1.8654 ms/op

OverheadJitting  2: 16 op, 331400.00 ns, 20.7125 us/op
WorkloadJitting  2: 16 op, 3225200.00 ns, 201.5750 us/op

WorkloadPilot    1: 16 op, 942500.00 ns, 58.9063 us/op
WorkloadPilot    2: 32 op, 1659200.00 ns, 51.8500 us/op
WorkloadPilot    3: 64 op, 3183200.00 ns, 49.7375 us/op
WorkloadPilot    4: 128 op, 6315300.00 ns, 49.3383 us/op
WorkloadPilot    5: 256 op, 12763900.00 ns, 49.8590 us/op
WorkloadPilot    6: 512 op, 24205200.00 ns, 47.2758 us/op
WorkloadPilot    7: 1024 op, 48632500.00 ns, 47.4927 us/op
WorkloadPilot    8: 2048 op, 95356400.00 ns, 46.5607 us/op
WorkloadPilot    9: 4096 op, 16948800.00 ns, 4.1379 us/op
WorkloadPilot   10: 8192 op, 32915600.00 ns, 4.0180 us/op
WorkloadPilot   11: 16384 op, 68111700.00 ns, 4.1572 us/op
WorkloadPilot   12: 32768 op, 139770200.00 ns, 4.2654 us/op
WorkloadPilot   13: 65536 op, 253398000.00 ns, 3.8665 us/op
WorkloadPilot   14: 131072 op, 525170700.00 ns, 4.0067 us/op

OverheadWarmup   1: 131072 op, 250200.00 ns, 1.9089 ns/op
OverheadWarmup   2: 131072 op, 260000.00 ns, 1.9836 ns/op
OverheadWarmup   3: 131072 op, 249500.00 ns, 1.9035 ns/op
OverheadWarmup   4: 131072 op, 254500.00 ns, 1.9417 ns/op
OverheadWarmup   5: 131072 op, 254900.00 ns, 1.9447 ns/op
OverheadWarmup   6: 131072 op, 248700.00 ns, 1.8974 ns/op

OverheadActual   1: 131072 op, 257700.00 ns, 1.9661 ns/op
OverheadActual   2: 131072 op, 254600.00 ns, 1.9424 ns/op
OverheadActual   3: 131072 op, 268600.00 ns, 2.0493 ns/op
OverheadActual   4: 131072 op, 251100.00 ns, 1.9157 ns/op
OverheadActual   5: 131072 op, 248900.00 ns, 1.8990 ns/op
OverheadActual   6: 131072 op, 254500.00 ns, 1.9417 ns/op
OverheadActual   7: 131072 op, 254500.00 ns, 1.9417 ns/op
OverheadActual   8: 131072 op, 285800.00 ns, 2.1805 ns/op
OverheadActual   9: 131072 op, 254500.00 ns, 1.9417 ns/op
OverheadActual  10: 131072 op, 254500.00 ns, 1.9417 ns/op
OverheadActual  11: 131072 op, 272900.00 ns, 2.0821 ns/op
OverheadActual  12: 131072 op, 254500.00 ns, 1.9417 ns/op
OverheadActual  13: 131072 op, 260300.00 ns, 1.9859 ns/op
OverheadActual  14: 131072 op, 260300.00 ns, 1.9859 ns/op
OverheadActual  15: 131072 op, 248800.00 ns, 1.8982 ns/op

OverheadWarmup   1: 131072 op, 254500.00 ns, 1.9417 ns/op
OverheadWarmup   2: 131072 op, 254500.00 ns, 1.9417 ns/op
OverheadWarmup   3: 131072 op, 254500.00 ns, 1.9417 ns/op
OverheadWarmup   4: 131072 op, 259600.00 ns, 1.9806 ns/op
OverheadWarmup   5: 131072 op, 254500.00 ns, 1.9417 ns/op
OverheadWarmup   6: 131072 op, 254400.00 ns, 1.9409 ns/op

// BeforeActualRun
WorkloadActual   1: 131072 op, 529736900.00 ns, 4.0416 us/op
WorkloadActual   2: 131072 op, 515403200.00 ns, 3.9322 us/op
WorkloadActual   3: 131072 op, 519693300.00 ns, 3.9649 us/op
WorkloadActual   4: 131072 op, 533679400.00 ns, 4.0717 us/op
WorkloadActual   5: 131072 op, 540192200.00 ns, 4.1213 us/op
WorkloadActual   6: 131072 op, 528024200.00 ns, 4.0285 us/op
WorkloadActual   7: 131072 op, 557426500.00 ns, 4.2528 us/op
WorkloadActual   8: 131072 op, 553919300.00 ns, 4.2261 us/op
WorkloadActual   9: 131072 op, 624833700.00 ns, 4.7671 us/op
WorkloadActual  10: 131072 op, 598524500.00 ns, 4.5664 us/op
WorkloadActual  11: 131072 op, 581589300.00 ns, 4.4372 us/op
WorkloadActual  12: 131072 op, 571206800.00 ns, 4.3580 us/op
WorkloadActual  13: 131072 op, 552113000.00 ns, 4.2123 us/op
WorkloadActual  14: 131072 op, 550604600.00 ns, 4.2008 us/op
WorkloadActual  15: 131072 op, 557710300.00 ns, 4.2550 us/op
WorkloadActual  16: 131072 op, 537972300.00 ns, 4.1044 us/op
WorkloadActual  17: 131072 op, 512786300.00 ns, 3.9122 us/op
WorkloadActual  18: 131072 op, 546756400.00 ns, 4.1714 us/op
WorkloadActual  19: 131072 op, 528598800.00 ns, 4.0329 us/op
WorkloadActual  20: 131072 op, 534773900.00 ns, 4.0800 us/op
WorkloadActual  21: 131072 op, 539340400.00 ns, 4.1148 us/op
WorkloadActual  22: 131072 op, 558731400.00 ns, 4.2628 us/op
WorkloadActual  23: 131072 op, 545762700.00 ns, 4.1638 us/op
WorkloadActual  24: 131072 op, 563542700.00 ns, 4.2995 us/op
WorkloadActual  25: 131072 op, 541002200.00 ns, 4.1275 us/op
WorkloadActual  26: 131072 op, 522361200.00 ns, 3.9853 us/op
WorkloadActual  27: 131072 op, 550583500.00 ns, 4.2006 us/op
WorkloadActual  28: 131072 op, 532397800.00 ns, 4.0619 us/op
WorkloadActual  29: 131072 op, 544619100.00 ns, 4.1551 us/op
WorkloadActual  30: 131072 op, 532296700.00 ns, 4.0611 us/op
WorkloadActual  31: 131072 op, 537722800.00 ns, 4.1025 us/op
WorkloadActual  32: 131072 op, 550351100.00 ns, 4.1988 us/op

// AfterActualRun
WorkloadResult   1: 131072 op, 529482400.00 ns, 4.0396 us/op
WorkloadResult   2: 131072 op, 515148700.00 ns, 3.9303 us/op
WorkloadResult   3: 131072 op, 519438800.00 ns, 3.9630 us/op
WorkloadResult   4: 131072 op, 533424900.00 ns, 4.0697 us/op
WorkloadResult   5: 131072 op, 539937700.00 ns, 4.1194 us/op
WorkloadResult   6: 131072 op, 527769700.00 ns, 4.0266 us/op
WorkloadResult   7: 131072 op, 557172000.00 ns, 4.2509 us/op
WorkloadResult   8: 131072 op, 553664800.00 ns, 4.2241 us/op
WorkloadResult   9: 131072 op, 581334800.00 ns, 4.4352 us/op
WorkloadResult  10: 131072 op, 570952300.00 ns, 4.3560 us/op
WorkloadResult  11: 131072 op, 551858500.00 ns, 4.2103 us/op
WorkloadResult  12: 131072 op, 550350100.00 ns, 4.1988 us/op
WorkloadResult  13: 131072 op, 557455800.00 ns, 4.2531 us/op
WorkloadResult  14: 131072 op, 537717800.00 ns, 4.1025 us/op
WorkloadResult  15: 131072 op, 512531800.00 ns, 3.9103 us/op
WorkloadResult  16: 131072 op, 546501900.00 ns, 4.1695 us/op
WorkloadResult  17: 131072 op, 528344300.00 ns, 4.0309 us/op
WorkloadResult  18: 131072 op, 534519400.00 ns, 4.0781 us/op
WorkloadResult  19: 131072 op, 539085900.00 ns, 4.1129 us/op
WorkloadResult  20: 131072 op, 558476900.00 ns, 4.2608 us/op
WorkloadResult  21: 131072 op, 545508200.00 ns, 4.1619 us/op
WorkloadResult  22: 131072 op, 563288200.00 ns, 4.2975 us/op
WorkloadResult  23: 131072 op, 540747700.00 ns, 4.1256 us/op
WorkloadResult  24: 131072 op, 522106700.00 ns, 3.9834 us/op
WorkloadResult  25: 131072 op, 550329000.00 ns, 4.1987 us/op
WorkloadResult  26: 131072 op, 532143300.00 ns, 4.0599 us/op
WorkloadResult  27: 131072 op, 544364600.00 ns, 4.1532 us/op
WorkloadResult  28: 131072 op, 532042200.00 ns, 4.0592 us/op
WorkloadResult  29: 131072 op, 537468300.00 ns, 4.1006 us/op
WorkloadResult  30: 131072 op, 550096600.00 ns, 4.1969 us/op
// GC:  2 0 0 34603008 131072
// Threading:  0 0 131072

// AfterAll
// Benchmark Process 28836 has exited with code 0.

Mean = 4.136 μs, StdErr = 0.022 μs (0.54%), N = 30, StdDev = 0.122 μs
Min = 3.910 μs, Q1 = 4.059 μs, Median = 4.122 μs, Q3 = 4.207 μs, Max = 4.435 μs
IQR = 0.148 μs, LowerFence = 3.837 μs, UpperFence = 4.430 μs
ConfidenceInterval = [4.054 μs; 4.218 μs] (CI 99.9%), Margin = 0.082 μs (1.98% of Mean)
Skewness = 0.27, Kurtosis = 2.68, MValue = 2

// ** Remained 16 (28.1%) benchmark(s) to run. Estimated finish 2026-05-10 23:13 (0h 6m from now) **
Setup power plan (GUID: 8c5e7fda-e8bf-4a96-9a85-a6e23a8c635c FriendlyName: 高效能)
// **************************
// Benchmark: RangeBenchmark.'SD   Range (LINQ)': DefaultJob [Ratio=0.1, N=10000]
// *** Execute ***
// Launch: 1 / 1
// Execute: dotnet bplus-tree-benchmark-Job-CNUJVU-1.dll --anonymousPipes 1992 1900 --benchmarkName "RangeBenchmark.SD_Range_Linq(Ratio: 0.1, N: 10000)" --job Default --benchmarkId 41 in C:\Users\chentingwei\bplus-tree\bplus-tree-benchmark\bin\Release\net10.0\bplus-tree-benchmark-Job-CNUJVU-1\bin\Release\net10.0
// BeforeAnythingElse

// Benchmark Process Environment Information:
// BenchmarkDotNet v0.15.2
// Runtime=.NET 10.0.7 (10.0.726.21808), X64 RyuJIT AVX-512F+CD+BW+DQ+VL+VBMI
// GC=Concurrent Workstation
// HardwareIntrinsics=AVX-512F+CD+BW+DQ+VL+VBMI,AES,BMI1,BMI2,FMA,LZCNT,PCLMUL,POPCNT VectorSize=256
// Job: DefaultJob

OverheadJitting  1: 1 op, 551400.00 ns, 551.4000 us/op
WorkloadJitting  1: 1 op, 3990800.00 ns, 3.9908 ms/op

OverheadJitting  2: 16 op, 386800.00 ns, 24.1750 us/op
WorkloadJitting  2: 16 op, 10905800.00 ns, 681.6125 us/op

WorkloadPilot    1: 16 op, 8192700.00 ns, 512.0438 us/op
WorkloadPilot    2: 32 op, 16325100.00 ns, 510.1594 us/op
WorkloadPilot    3: 64 op, 33070100.00 ns, 516.7203 us/op
WorkloadPilot    4: 128 op, 62787200.00 ns, 490.5250 us/op
WorkloadPilot    5: 256 op, 84520500.00 ns, 330.1582 us/op
WorkloadPilot    6: 512 op, 55876400.00 ns, 109.1336 us/op
WorkloadPilot    7: 1024 op, 112260000.00 ns, 109.6289 us/op
WorkloadPilot    8: 2048 op, 224399300.00 ns, 109.5700 us/op
WorkloadPilot    9: 4096 op, 454137200.00 ns, 110.8733 us/op
WorkloadPilot   10: 8192 op, 916725500.00 ns, 111.9050 us/op

OverheadWarmup   1: 8192 op, 16800.00 ns, 2.0508 ns/op
OverheadWarmup   2: 8192 op, 16000.00 ns, 1.9531 ns/op
OverheadWarmup   3: 8192 op, 16300.00 ns, 1.9897 ns/op
OverheadWarmup   4: 8192 op, 15800.00 ns, 1.9287 ns/op
OverheadWarmup   5: 8192 op, 18200.00 ns, 2.2217 ns/op
OverheadWarmup   6: 8192 op, 17000.00 ns, 2.0752 ns/op

OverheadActual   1: 8192 op, 17000.00 ns, 2.0752 ns/op
OverheadActual   2: 8192 op, 17100.00 ns, 2.0874 ns/op
OverheadActual   3: 8192 op, 17400.00 ns, 2.1240 ns/op
OverheadActual   4: 8192 op, 17000.00 ns, 2.0752 ns/op
OverheadActual   5: 8192 op, 16600.00 ns, 2.0264 ns/op
OverheadActual   6: 8192 op, 16600.00 ns, 2.0264 ns/op
OverheadActual   7: 8192 op, 16600.00 ns, 2.0264 ns/op
OverheadActual   8: 8192 op, 16500.00 ns, 2.0142 ns/op
OverheadActual   9: 8192 op, 16400.00 ns, 2.0020 ns/op
OverheadActual  10: 8192 op, 16400.00 ns, 2.0020 ns/op
OverheadActual  11: 8192 op, 17100.00 ns, 2.0874 ns/op
OverheadActual  12: 8192 op, 16500.00 ns, 2.0142 ns/op
OverheadActual  13: 8192 op, 17000.00 ns, 2.0752 ns/op
OverheadActual  14: 8192 op, 16900.00 ns, 2.0630 ns/op
OverheadActual  15: 8192 op, 16900.00 ns, 2.0630 ns/op

OverheadWarmup   1: 8192 op, 17000.00 ns, 2.0752 ns/op
OverheadWarmup   2: 8192 op, 16900.00 ns, 2.0630 ns/op
OverheadWarmup   3: 8192 op, 17000.00 ns, 2.0752 ns/op
OverheadWarmup   4: 8192 op, 17400.00 ns, 2.1240 ns/op
OverheadWarmup   5: 8192 op, 16900.00 ns, 2.0630 ns/op
OverheadWarmup   6: 8192 op, 16600.00 ns, 2.0264 ns/op
OverheadWarmup   7: 8192 op, 17000.00 ns, 2.0752 ns/op
OverheadWarmup   8: 8192 op, 17000.00 ns, 2.0752 ns/op

// BeforeActualRun
WorkloadActual   1: 8192 op, 900139600.00 ns, 109.8803 us/op
WorkloadActual   2: 8192 op, 896861800.00 ns, 109.4802 us/op
WorkloadActual   3: 8192 op, 950080700.00 ns, 115.9766 us/op
WorkloadActual   4: 8192 op, 908237200.00 ns, 110.8688 us/op
WorkloadActual   5: 8192 op, 922377700.00 ns, 112.5949 us/op
WorkloadActual   6: 8192 op, 898533200.00 ns, 109.6842 us/op
WorkloadActual   7: 8192 op, 904629600.00 ns, 110.4284 us/op
WorkloadActual   8: 8192 op, 895728200.00 ns, 109.3418 us/op
WorkloadActual   9: 8192 op, 892280700.00 ns, 108.9210 us/op
WorkloadActual  10: 8192 op, 900890600.00 ns, 109.9720 us/op
WorkloadActual  11: 8192 op, 927236500.00 ns, 113.1880 us/op
WorkloadActual  12: 8192 op, 916706400.00 ns, 111.9026 us/op
WorkloadActual  13: 8192 op, 931810700.00 ns, 113.7464 us/op
WorkloadActual  14: 8192 op, 929150800.00 ns, 113.4217 us/op
WorkloadActual  15: 8192 op, 919073200.00 ns, 112.1916 us/op

// AfterActualRun
WorkloadResult   1: 8192 op, 900122700.00 ns, 109.8783 us/op
WorkloadResult   2: 8192 op, 896844900.00 ns, 109.4781 us/op
WorkloadResult   3: 8192 op, 950063800.00 ns, 115.9746 us/op
WorkloadResult   4: 8192 op, 908220300.00 ns, 110.8667 us/op
WorkloadResult   5: 8192 op, 922360800.00 ns, 112.5929 us/op
WorkloadResult   6: 8192 op, 898516300.00 ns, 109.6822 us/op
WorkloadResult   7: 8192 op, 904612700.00 ns, 110.4264 us/op
WorkloadResult   8: 8192 op, 895711300.00 ns, 109.3398 us/op
WorkloadResult   9: 8192 op, 892263800.00 ns, 108.9189 us/op
WorkloadResult  10: 8192 op, 900873700.00 ns, 109.9699 us/op
WorkloadResult  11: 8192 op, 927219600.00 ns, 113.1860 us/op
WorkloadResult  12: 8192 op, 916689500.00 ns, 111.9006 us/op
WorkloadResult  13: 8192 op, 931793800.00 ns, 113.7444 us/op
WorkloadResult  14: 8192 op, 929133900.00 ns, 113.4197 us/op
WorkloadResult  15: 8192 op, 919056300.00 ns, 112.1895 us/op
// GC:  0 0 0 3538944 8192
// Threading:  0 0 8192

// AfterAll
// Benchmark Process 27028 has exited with code 0.

Mean = 111.438 μs, StdErr = 0.528 μs (0.47%), N = 15, StdDev = 2.046 μs
Min = 108.919 μs, Q1 = 109.780 μs, Median = 110.867 μs, Q3 = 112.889 μs, Max = 115.975 μs
IQR = 3.109 μs, LowerFence = 105.116 μs, UpperFence = 117.553 μs
ConfidenceInterval = [109.251 μs; 113.625 μs] (CI 99.9%), Margin = 2.187 μs (1.96% of Mean)
Skewness = 0.58, Kurtosis = 2.19, MValue = 2

// ** Remained 15 (26.3%) benchmark(s) to run. Estimated finish 2026-05-10 23:12 (0h 6m from now) **
Setup power plan (GUID: 8c5e7fda-e8bf-4a96-9a85-a6e23a8c635c FriendlyName: 高效能)
// **************************
// Benchmark: RangeBenchmark.'BPT  Range': DefaultJob [Ratio=0.1, N=100000]
// *** Execute ***
// Launch: 1 / 1
// Execute: dotnet bplus-tree-benchmark-Job-CNUJVU-1.dll --anonymousPipes 1712 1788 --benchmarkName "RangeBenchmark.BPT_Range(Ratio: 0.1, N: 100000)" --job Default --benchmarkId 42 in C:\Users\chentingwei\bplus-tree\bplus-tree-benchmark\bin\Release\net10.0\bplus-tree-benchmark-Job-CNUJVU-1\bin\Release\net10.0
// BeforeAnythingElse

// Benchmark Process Environment Information:
// BenchmarkDotNet v0.15.2
// Runtime=.NET 10.0.7 (10.0.726.21808), X64 RyuJIT AVX-512F+CD+BW+DQ+VL+VBMI
// GC=Concurrent Workstation
// HardwareIntrinsics=AVX-512F+CD+BW+DQ+VL+VBMI,AES,BMI1,BMI2,FMA,LZCNT,PCLMUL,POPCNT VectorSize=256
// Job: DefaultJob

OverheadJitting  1: 1 op, 872500.00 ns, 872.5000 us/op
WorkloadJitting  1: 1 op, 1943600.00 ns, 1.9436 ms/op

OverheadJitting  2: 16 op, 358200.00 ns, 22.3875 us/op
WorkloadJitting  2: 16 op, 2852100.00 ns, 178.2563 us/op

WorkloadPilot    1: 16 op, 2309900.00 ns, 144.3688 us/op
WorkloadPilot    2: 32 op, 4455600.00 ns, 139.2375 us/op
WorkloadPilot    3: 64 op, 8783000.00 ns, 137.2344 us/op
WorkloadPilot    4: 128 op, 17333200.00 ns, 135.4156 us/op
WorkloadPilot    5: 256 op, 34508300.00 ns, 134.7980 us/op
WorkloadPilot    6: 512 op, 68136100.00 ns, 133.0783 us/op
WorkloadPilot    7: 1024 op, 81044300.00 ns, 79.1448 us/op
WorkloadPilot    8: 2048 op, 137865500.00 ns, 67.3171 us/op
WorkloadPilot    9: 4096 op, 279581200.00 ns, 68.2571 us/op
WorkloadPilot   10: 8192 op, 577511300.00 ns, 70.4970 us/op

OverheadWarmup   1: 8192 op, 39500.00 ns, 4.8218 ns/op
OverheadWarmup   2: 8192 op, 17100.00 ns, 2.0874 ns/op
OverheadWarmup   3: 8192 op, 17700.00 ns, 2.1606 ns/op
OverheadWarmup   4: 8192 op, 17600.00 ns, 2.1484 ns/op
OverheadWarmup   5: 8192 op, 17100.00 ns, 2.0874 ns/op
OverheadWarmup   6: 8192 op, 16500.00 ns, 2.0142 ns/op
OverheadWarmup   7: 8192 op, 16900.00 ns, 2.0630 ns/op
OverheadWarmup   8: 8192 op, 18300.00 ns, 2.2339 ns/op
OverheadWarmup   9: 8192 op, 17600.00 ns, 2.1484 ns/op

OverheadActual   1: 8192 op, 18400.00 ns, 2.2461 ns/op
OverheadActual   2: 8192 op, 16600.00 ns, 2.0264 ns/op
OverheadActual   3: 8192 op, 16400.00 ns, 2.0020 ns/op
OverheadActual   4: 8192 op, 16900.00 ns, 2.0630 ns/op
OverheadActual   5: 8192 op, 17400.00 ns, 2.1240 ns/op
OverheadActual   6: 8192 op, 17700.00 ns, 2.1606 ns/op
OverheadActual   7: 8192 op, 17200.00 ns, 2.0996 ns/op
OverheadActual   8: 8192 op, 18400.00 ns, 2.2461 ns/op
OverheadActual   9: 8192 op, 16600.00 ns, 2.0264 ns/op
OverheadActual  10: 8192 op, 16300.00 ns, 1.9897 ns/op
OverheadActual  11: 8192 op, 17600.00 ns, 2.1484 ns/op
OverheadActual  12: 8192 op, 16500.00 ns, 2.0142 ns/op
OverheadActual  13: 8192 op, 16700.00 ns, 2.0386 ns/op
OverheadActual  14: 8192 op, 16200.00 ns, 1.9775 ns/op
OverheadActual  15: 8192 op, 16300.00 ns, 1.9897 ns/op

OverheadWarmup   1: 8192 op, 17700.00 ns, 2.1606 ns/op
OverheadWarmup   2: 8192 op, 17000.00 ns, 2.0752 ns/op
OverheadWarmup   3: 8192 op, 16900.00 ns, 2.0630 ns/op
OverheadWarmup   4: 8192 op, 17000.00 ns, 2.0752 ns/op
OverheadWarmup   5: 8192 op, 16900.00 ns, 2.0630 ns/op
OverheadWarmup   6: 8192 op, 17500.00 ns, 2.1362 ns/op
OverheadWarmup   7: 8192 op, 17300.00 ns, 2.1118 ns/op

// BeforeActualRun
WorkloadActual   1: 8192 op, 559279900.00 ns, 68.2715 us/op
WorkloadActual   2: 8192 op, 549412700.00 ns, 67.0670 us/op
WorkloadActual   3: 8192 op, 550926500.00 ns, 67.2518 us/op
WorkloadActual   4: 8192 op, 552285300.00 ns, 67.4176 us/op
WorkloadActual   5: 8192 op, 551454800.00 ns, 67.3163 us/op
WorkloadActual   6: 8192 op, 557242300.00 ns, 68.0227 us/op
WorkloadActual   7: 8192 op, 552929600.00 ns, 67.4963 us/op
WorkloadActual   8: 8192 op, 550436100.00 ns, 67.1919 us/op
WorkloadActual   9: 8192 op, 585217600.00 ns, 71.4377 us/op
WorkloadActual  10: 8192 op, 557218800.00 ns, 68.0199 us/op
WorkloadActual  11: 8192 op, 555802800.00 ns, 67.8470 us/op
WorkloadActual  12: 8192 op, 560032800.00 ns, 68.3634 us/op
WorkloadActual  13: 8192 op, 543099600.00 ns, 66.2963 us/op
WorkloadActual  14: 8192 op, 541361500.00 ns, 66.0842 us/op
WorkloadActual  15: 8192 op, 537939500.00 ns, 65.6664 us/op

// AfterActualRun
WorkloadResult   1: 8192 op, 559263200.00 ns, 68.2694 us/op
WorkloadResult   2: 8192 op, 549396000.00 ns, 67.0649 us/op
WorkloadResult   3: 8192 op, 550909800.00 ns, 67.2497 us/op
WorkloadResult   4: 8192 op, 552268600.00 ns, 67.4156 us/op
WorkloadResult   5: 8192 op, 551438100.00 ns, 67.3142 us/op
WorkloadResult   6: 8192 op, 557225600.00 ns, 68.0207 us/op
WorkloadResult   7: 8192 op, 552912900.00 ns, 67.4943 us/op
WorkloadResult   8: 8192 op, 550419400.00 ns, 67.1899 us/op
WorkloadResult   9: 8192 op, 557202100.00 ns, 68.0178 us/op
WorkloadResult  10: 8192 op, 555786100.00 ns, 67.8450 us/op
WorkloadResult  11: 8192 op, 560016100.00 ns, 68.3613 us/op
WorkloadResult  12: 8192 op, 543082900.00 ns, 66.2943 us/op
WorkloadResult  13: 8192 op, 541344800.00 ns, 66.0821 us/op
WorkloadResult  14: 8192 op, 537922800.00 ns, 65.6644 us/op
// GC:  0 0 0 589824 8192
// Threading:  0 0 8192

// AfterAll
// Benchmark Process 30208 has exited with code 0.

Mean = 67.306 μs, StdErr = 0.218 μs (0.32%), N = 14, StdDev = 0.818 μs
Min = 65.664 μs, Q1 = 67.096 μs, Median = 67.365 μs, Q3 = 67.975 μs, Max = 68.361 μs
IQR = 0.878 μs, LowerFence = 65.779 μs, UpperFence = 69.292 μs
ConfidenceInterval = [66.384 μs; 68.228 μs] (CI 99.9%), Margin = 0.922 μs (1.37% of Mean)
Skewness = -0.57, Kurtosis = 2.12, MValue = 2

// ** Remained 14 (24.6%) benchmark(s) to run. Estimated finish 2026-05-10 23:12 (0h 5m from now) **
Setup power plan (GUID: 8c5e7fda-e8bf-4a96-9a85-a6e23a8c635c FriendlyName: 高效能)
// **************************
// Benchmark: RangeBenchmark.'SD   Range (foreach+break)': DefaultJob [Ratio=0.1, N=100000]
// *** Execute ***
// Launch: 1 / 1
// Execute: dotnet bplus-tree-benchmark-Job-CNUJVU-1.dll --anonymousPipes 1808 1968 --benchmarkName "RangeBenchmark.SD_Range_ForEachBreak(Ratio: 0.1, N: 100000)" --job Default --benchmarkId 43 in C:\Users\chentingwei\bplus-tree\bplus-tree-benchmark\bin\Release\net10.0\bplus-tree-benchmark-Job-CNUJVU-1\bin\Release\net10.0
// BeforeAnythingElse

// Benchmark Process Environment Information:
// BenchmarkDotNet v0.15.2
// Runtime=.NET 10.0.7 (10.0.726.21808), X64 RyuJIT AVX-512F+CD+BW+DQ+VL+VBMI
// GC=Concurrent Workstation
// HardwareIntrinsics=AVX-512F+CD+BW+DQ+VL+VBMI,AES,BMI1,BMI2,FMA,LZCNT,PCLMUL,POPCNT VectorSize=256
// Job: DefaultJob

OverheadJitting  1: 1 op, 639000.00 ns, 639.0000 us/op
WorkloadJitting  1: 1 op, 4249100.00 ns, 4.2491 ms/op

OverheadJitting  2: 16 op, 357900.00 ns, 22.3688 us/op
WorkloadJitting  2: 16 op, 3063900.00 ns, 191.4938 us/op

WorkloadPilot    1: 16 op, 2238400.00 ns, 139.9000 us/op
WorkloadPilot    2: 32 op, 4097600.00 ns, 128.0500 us/op
WorkloadPilot    3: 64 op, 8137100.00 ns, 127.1422 us/op
WorkloadPilot    4: 128 op, 15993100.00 ns, 124.9461 us/op
WorkloadPilot    5: 256 op, 29016500.00 ns, 113.3457 us/op
WorkloadPilot    6: 512 op, 54359900.00 ns, 106.1717 us/op
WorkloadPilot    7: 1024 op, 74200600.00 ns, 72.4615 us/op
WorkloadPilot    8: 2048 op, 141021300.00 ns, 68.8581 us/op
WorkloadPilot    9: 4096 op, 272692000.00 ns, 66.5752 us/op
WorkloadPilot   10: 8192 op, 551762000.00 ns, 67.3538 us/op

OverheadWarmup   1: 8192 op, 15800.00 ns, 1.9287 ns/op
OverheadWarmup   2: 8192 op, 14400.00 ns, 1.7578 ns/op
OverheadWarmup   3: 8192 op, 14300.00 ns, 1.7456 ns/op
OverheadWarmup   4: 8192 op, 14400.00 ns, 1.7578 ns/op
OverheadWarmup   5: 8192 op, 14100.00 ns, 1.7212 ns/op
OverheadWarmup   6: 8192 op, 14200.00 ns, 1.7334 ns/op
OverheadWarmup   7: 8192 op, 14800.00 ns, 1.8066 ns/op
OverheadWarmup   8: 8192 op, 14300.00 ns, 1.7456 ns/op

OverheadActual   1: 8192 op, 15600.00 ns, 1.9043 ns/op
OverheadActual   2: 8192 op, 14500.00 ns, 1.7700 ns/op
OverheadActual   3: 8192 op, 16500.00 ns, 2.0142 ns/op
OverheadActual   4: 8192 op, 14500.00 ns, 1.7700 ns/op
OverheadActual   5: 8192 op, 15000.00 ns, 1.8311 ns/op
OverheadActual   6: 8192 op, 14900.00 ns, 1.8188 ns/op
OverheadActual   7: 8192 op, 14800.00 ns, 1.8066 ns/op
OverheadActual   8: 8192 op, 14500.00 ns, 1.7700 ns/op
OverheadActual   9: 8192 op, 16100.00 ns, 1.9653 ns/op
OverheadActual  10: 8192 op, 14500.00 ns, 1.7700 ns/op
OverheadActual  11: 8192 op, 14200.00 ns, 1.7334 ns/op
OverheadActual  12: 8192 op, 14500.00 ns, 1.7700 ns/op
OverheadActual  13: 8192 op, 14300.00 ns, 1.7456 ns/op
OverheadActual  14: 8192 op, 14900.00 ns, 1.8188 ns/op
OverheadActual  15: 8192 op, 15500.00 ns, 1.8921 ns/op

OverheadWarmup   1: 8192 op, 14900.00 ns, 1.8188 ns/op
OverheadWarmup   2: 8192 op, 15200.00 ns, 1.8555 ns/op
OverheadWarmup   3: 8192 op, 14100.00 ns, 1.7212 ns/op
OverheadWarmup   4: 8192 op, 14200.00 ns, 1.7334 ns/op
OverheadWarmup   5: 8192 op, 14500.00 ns, 1.7700 ns/op
OverheadWarmup   6: 8192 op, 63200.00 ns, 7.7148 ns/op
OverheadWarmup   7: 8192 op, 14600.00 ns, 1.7822 ns/op

// BeforeActualRun
WorkloadActual   1: 8192 op, 554215400.00 ns, 67.6532 us/op
WorkloadActual   2: 8192 op, 553469900.00 ns, 67.5622 us/op
WorkloadActual   3: 8192 op, 555881200.00 ns, 67.8566 us/op
WorkloadActual   4: 8192 op, 550562100.00 ns, 67.2073 us/op
WorkloadActual   5: 8192 op, 564732500.00 ns, 68.9371 us/op
WorkloadActual   6: 8192 op, 554216100.00 ns, 67.6533 us/op
WorkloadActual   7: 8192 op, 562149000.00 ns, 68.6217 us/op
WorkloadActual   8: 8192 op, 557991200.00 ns, 68.1142 us/op
WorkloadActual   9: 8192 op, 572415500.00 ns, 69.8749 us/op
WorkloadActual  10: 8192 op, 566624600.00 ns, 69.1680 us/op
WorkloadActual  11: 8192 op, 551583100.00 ns, 67.3319 us/op
WorkloadActual  12: 8192 op, 567308800.00 ns, 69.2516 us/op
WorkloadActual  13: 8192 op, 541023500.00 ns, 66.0429 us/op
WorkloadActual  14: 8192 op, 536184300.00 ns, 65.4522 us/op
WorkloadActual  15: 8192 op, 577439400.00 ns, 70.4882 us/op
WorkloadActual  16: 8192 op, 576256200.00 ns, 70.3438 us/op
WorkloadActual  17: 8192 op, 529235600.00 ns, 64.6040 us/op
WorkloadActual  18: 8192 op, 534216000.00 ns, 65.2119 us/op
WorkloadActual  19: 8192 op, 530670800.00 ns, 64.7792 us/op
WorkloadActual  20: 8192 op, 588370600.00 ns, 71.8226 us/op
WorkloadActual  21: 8192 op, 572747900.00 ns, 69.9155 us/op
WorkloadActual  22: 8192 op, 552988800.00 ns, 67.5035 us/op
WorkloadActual  23: 8192 op, 545353700.00 ns, 66.5715 us/op
WorkloadActual  24: 8192 op, 540296700.00 ns, 65.9542 us/op
WorkloadActual  25: 8192 op, 535523400.00 ns, 65.3715 us/op
WorkloadActual  26: 8192 op, 559427400.00 ns, 68.2895 us/op
WorkloadActual  27: 8192 op, 546261300.00 ns, 66.6823 us/op

// AfterActualRun
WorkloadResult   1: 8192 op, 554200600.00 ns, 67.6514 us/op
WorkloadResult   2: 8192 op, 553455100.00 ns, 67.5604 us/op
WorkloadResult   3: 8192 op, 555866400.00 ns, 67.8548 us/op
WorkloadResult   4: 8192 op, 550547300.00 ns, 67.2055 us/op
WorkloadResult   5: 8192 op, 564717700.00 ns, 68.9353 us/op
WorkloadResult   6: 8192 op, 554201300.00 ns, 67.6515 us/op
WorkloadResult   7: 8192 op, 562134200.00 ns, 68.6199 us/op
WorkloadResult   8: 8192 op, 557976400.00 ns, 68.1124 us/op
WorkloadResult   9: 8192 op, 572400700.00 ns, 69.8731 us/op
WorkloadResult  10: 8192 op, 566609800.00 ns, 69.1662 us/op
WorkloadResult  11: 8192 op, 551568300.00 ns, 67.3301 us/op
WorkloadResult  12: 8192 op, 567294000.00 ns, 69.2498 us/op
WorkloadResult  13: 8192 op, 541008700.00 ns, 66.0411 us/op
WorkloadResult  14: 8192 op, 536169500.00 ns, 65.4504 us/op
WorkloadResult  15: 8192 op, 577424600.00 ns, 70.4864 us/op
WorkloadResult  16: 8192 op, 576241400.00 ns, 70.3420 us/op
WorkloadResult  17: 8192 op, 529220800.00 ns, 64.6021 us/op
WorkloadResult  18: 8192 op, 534201200.00 ns, 65.2101 us/op
WorkloadResult  19: 8192 op, 530656000.00 ns, 64.7773 us/op
WorkloadResult  20: 8192 op, 588355800.00 ns, 71.8208 us/op
WorkloadResult  21: 8192 op, 572733100.00 ns, 69.9137 us/op
WorkloadResult  22: 8192 op, 552974000.00 ns, 67.5017 us/op
WorkloadResult  23: 8192 op, 545338900.00 ns, 66.5697 us/op
WorkloadResult  24: 8192 op, 540281900.00 ns, 65.9524 us/op
WorkloadResult  25: 8192 op, 535508600.00 ns, 65.3697 us/op
WorkloadResult  26: 8192 op, 559412600.00 ns, 68.2877 us/op
WorkloadResult  27: 8192 op, 546246500.00 ns, 66.6805 us/op
// GC:  0 0 0 2555904 8192
// Threading:  0 0 8192

// AfterAll
// Benchmark Process 25936 has exited with code 0.

Mean = 67.712 μs, StdErr = 0.362 μs (0.54%), N = 27, StdDev = 1.883 μs
Min = 64.602 μs, Q1 = 66.305 μs, Median = 67.651 μs, Q3 = 69.051 μs, Max = 71.821 μs
IQR = 2.745 μs, LowerFence = 62.187 μs, UpperFence = 73.169 μs
ConfidenceInterval = [66.368 μs; 69.055 μs] (CI 99.9%), Margin = 1.343 μs (1.98% of Mean)
Skewness = 0.17, Kurtosis = 2.16, MValue = 2

// ** Remained 13 (22.8%) benchmark(s) to run. Estimated finish 2026-05-10 23:12 (0h 5m from now) **
Setup power plan (GUID: 8c5e7fda-e8bf-4a96-9a85-a6e23a8c635c FriendlyName: 高效能)
// **************************
// Benchmark: RangeBenchmark.'SD   Range (LINQ)': DefaultJob [Ratio=0.1, N=100000]
// *** Execute ***
// Launch: 1 / 1
// Execute: dotnet bplus-tree-benchmark-Job-CNUJVU-1.dll --anonymousPipes 1820 1936 --benchmarkName "RangeBenchmark.SD_Range_Linq(Ratio: 0.1, N: 100000)" --job Default --benchmarkId 44 in C:\Users\chentingwei\bplus-tree\bplus-tree-benchmark\bin\Release\net10.0\bplus-tree-benchmark-Job-CNUJVU-1\bin\Release\net10.0
// BeforeAnythingElse

// Benchmark Process Environment Information:
// BenchmarkDotNet v0.15.2
// Runtime=.NET 10.0.7 (10.0.726.21808), X64 RyuJIT AVX-512F+CD+BW+DQ+VL+VBMI
// GC=Concurrent Workstation
// HardwareIntrinsics=AVX-512F+CD+BW+DQ+VL+VBMI,AES,BMI1,BMI2,FMA,LZCNT,PCLMUL,POPCNT VectorSize=256
// Job: DefaultJob

OverheadJitting  1: 1 op, 752700.00 ns, 752.7000 us/op
WorkloadJitting  1: 1 op, 12399500.00 ns, 12.3995 ms/op

OverheadJitting  2: 16 op, 377900.00 ns, 23.6188 us/op
WorkloadJitting  2: 16 op, 80653100.00 ns, 5.0408 ms/op

WorkloadPilot    1: 16 op, 72989900.00 ns, 4.5619 ms/op
WorkloadPilot    2: 32 op, 192564100.00 ns, 6.0176 ms/op
WorkloadPilot    3: 64 op, 174157500.00 ns, 2.7212 ms/op
WorkloadPilot    4: 128 op, 238376500.00 ns, 1.8623 ms/op
WorkloadPilot    5: 256 op, 494560700.00 ns, 1.9319 ms/op
WorkloadPilot    6: 512 op, 974092300.00 ns, 1.9025 ms/op

OverheadWarmup   1: 512 op, 2800.00 ns, 5.4688 ns/op
OverheadWarmup   2: 512 op, 1700.00 ns, 3.3203 ns/op
OverheadWarmup   3: 512 op, 1500.00 ns, 2.9297 ns/op
OverheadWarmup   4: 512 op, 1500.00 ns, 2.9297 ns/op
OverheadWarmup   5: 512 op, 1400.00 ns, 2.7344 ns/op
OverheadWarmup   6: 512 op, 1400.00 ns, 2.7344 ns/op
OverheadWarmup   7: 512 op, 1500.00 ns, 2.9297 ns/op

OverheadActual   1: 512 op, 1400.00 ns, 2.7344 ns/op
OverheadActual   2: 512 op, 1500.00 ns, 2.9297 ns/op
OverheadActual   3: 512 op, 1400.00 ns, 2.7344 ns/op
OverheadActual   4: 512 op, 1400.00 ns, 2.7344 ns/op
OverheadActual   5: 512 op, 1300.00 ns, 2.5391 ns/op
OverheadActual   6: 512 op, 1400.00 ns, 2.7344 ns/op
OverheadActual   7: 512 op, 1400.00 ns, 2.7344 ns/op
OverheadActual   8: 512 op, 1400.00 ns, 2.7344 ns/op
OverheadActual   9: 512 op, 1400.00 ns, 2.7344 ns/op
OverheadActual  10: 512 op, 1400.00 ns, 2.7344 ns/op
OverheadActual  11: 512 op, 1700.00 ns, 3.3203 ns/op
OverheadActual  12: 512 op, 1600.00 ns, 3.1250 ns/op
OverheadActual  13: 512 op, 1400.00 ns, 2.7344 ns/op
OverheadActual  14: 512 op, 1400.00 ns, 2.7344 ns/op
OverheadActual  15: 512 op, 1900.00 ns, 3.7109 ns/op

OverheadWarmup   1: 512 op, 1700.00 ns, 3.3203 ns/op
OverheadWarmup   2: 512 op, 1600.00 ns, 3.1250 ns/op
OverheadWarmup   3: 512 op, 1900.00 ns, 3.7109 ns/op
OverheadWarmup   4: 512 op, 1400.00 ns, 2.7344 ns/op
OverheadWarmup   5: 512 op, 1500.00 ns, 2.9297 ns/op
OverheadWarmup   6: 512 op, 1600.00 ns, 3.1250 ns/op
OverheadWarmup   7: 512 op, 1500.00 ns, 2.9297 ns/op

// BeforeActualRun
WorkloadActual   1: 512 op, 964984600.00 ns, 1.8847 ms/op
WorkloadActual   2: 512 op, 882831000.00 ns, 1.7243 ms/op
WorkloadActual   3: 512 op, 1110416000.00 ns, 2.1688 ms/op
WorkloadActual   4: 512 op, 1080236400.00 ns, 2.1098 ms/op
WorkloadActual   5: 512 op, 1016248200.00 ns, 1.9849 ms/op
WorkloadActual   6: 512 op, 1095087200.00 ns, 2.1388 ms/op
WorkloadActual   7: 512 op, 1111430400.00 ns, 2.1708 ms/op
WorkloadActual   8: 512 op, 962991300.00 ns, 1.8808 ms/op
WorkloadActual   9: 512 op, 892254200.00 ns, 1.7427 ms/op
WorkloadActual  10: 512 op, 922219000.00 ns, 1.8012 ms/op
WorkloadActual  11: 512 op, 903082200.00 ns, 1.7638 ms/op
WorkloadActual  12: 512 op, 886520700.00 ns, 1.7315 ms/op
WorkloadActual  13: 512 op, 904956100.00 ns, 1.7675 ms/op
WorkloadActual  14: 512 op, 871026400.00 ns, 1.7012 ms/op
WorkloadActual  15: 512 op, 895728500.00 ns, 1.7495 ms/op
WorkloadActual  16: 512 op, 890430700.00 ns, 1.7391 ms/op
WorkloadActual  17: 512 op, 893888600.00 ns, 1.7459 ms/op
WorkloadActual  18: 512 op, 950211200.00 ns, 1.8559 ms/op
WorkloadActual  19: 512 op, 898482900.00 ns, 1.7548 ms/op
WorkloadActual  20: 512 op, 893962500.00 ns, 1.7460 ms/op
WorkloadActual  21: 512 op, 1133418700.00 ns, 2.2137 ms/op
WorkloadActual  22: 512 op, 954580600.00 ns, 1.8644 ms/op
WorkloadActual  23: 512 op, 998497100.00 ns, 1.9502 ms/op
WorkloadActual  24: 512 op, 1014176000.00 ns, 1.9808 ms/op
WorkloadActual  25: 512 op, 1018221100.00 ns, 1.9887 ms/op
WorkloadActual  26: 512 op, 1037895000.00 ns, 2.0271 ms/op
WorkloadActual  27: 512 op, 1012862700.00 ns, 1.9782 ms/op
WorkloadActual  28: 512 op, 1053768200.00 ns, 2.0581 ms/op
WorkloadActual  29: 512 op, 972750500.00 ns, 1.8999 ms/op
WorkloadActual  30: 512 op, 945411400.00 ns, 1.8465 ms/op
WorkloadActual  31: 512 op, 942947900.00 ns, 1.8417 ms/op
WorkloadActual  32: 512 op, 981956100.00 ns, 1.9179 ms/op
WorkloadActual  33: 512 op, 953598700.00 ns, 1.8625 ms/op
WorkloadActual  34: 512 op, 996996700.00 ns, 1.9473 ms/op
WorkloadActual  35: 512 op, 1021471500.00 ns, 1.9951 ms/op
WorkloadActual  36: 512 op, 1074310100.00 ns, 2.0983 ms/op
WorkloadActual  37: 512 op, 1105479200.00 ns, 2.1591 ms/op
WorkloadActual  38: 512 op, 1185149000.00 ns, 2.3147 ms/op
WorkloadActual  39: 512 op, 1058859200.00 ns, 2.0681 ms/op
WorkloadActual  40: 512 op, 1123913100.00 ns, 2.1951 ms/op
WorkloadActual  41: 512 op, 1117768500.00 ns, 2.1831 ms/op
WorkloadActual  42: 512 op, 941147500.00 ns, 1.8382 ms/op
WorkloadActual  43: 512 op, 992238800.00 ns, 1.9380 ms/op
WorkloadActual  44: 512 op, 1160938300.00 ns, 2.2675 ms/op
WorkloadActual  45: 512 op, 1089297700.00 ns, 2.1275 ms/op
WorkloadActual  46: 512 op, 891316000.00 ns, 1.7409 ms/op
WorkloadActual  47: 512 op, 895780200.00 ns, 1.7496 ms/op
WorkloadActual  48: 512 op, 890416300.00 ns, 1.7391 ms/op
WorkloadActual  49: 512 op, 1011684800.00 ns, 1.9759 ms/op
WorkloadActual  50: 512 op, 906438800.00 ns, 1.7704 ms/op
WorkloadActual  51: 512 op, 874455300.00 ns, 1.7079 ms/op
WorkloadActual  52: 512 op, 873722100.00 ns, 1.7065 ms/op
WorkloadActual  53: 512 op, 878107500.00 ns, 1.7151 ms/op
WorkloadActual  54: 512 op, 872120800.00 ns, 1.7034 ms/op
WorkloadActual  55: 512 op, 1036226100.00 ns, 2.0239 ms/op
WorkloadActual  56: 512 op, 1479960800.00 ns, 2.8905 ms/op
WorkloadActual  57: 512 op, 1402222800.00 ns, 2.7387 ms/op
WorkloadActual  58: 512 op, 1109592100.00 ns, 2.1672 ms/op
WorkloadActual  59: 512 op, 960011000.00 ns, 1.8750 ms/op
WorkloadActual  60: 512 op, 986918700.00 ns, 1.9276 ms/op
WorkloadActual  61: 512 op, 953022000.00 ns, 1.8614 ms/op
WorkloadActual  62: 512 op, 945811400.00 ns, 1.8473 ms/op
WorkloadActual  63: 512 op, 939182500.00 ns, 1.8343 ms/op
WorkloadActual  64: 512 op, 933641800.00 ns, 1.8235 ms/op
WorkloadActual  65: 512 op, 914994500.00 ns, 1.7871 ms/op
WorkloadActual  66: 512 op, 978036900.00 ns, 1.9102 ms/op
WorkloadActual  67: 512 op, 1025234600.00 ns, 2.0024 ms/op
WorkloadActual  68: 512 op, 1017718500.00 ns, 1.9877 ms/op
WorkloadActual  69: 512 op, 1003659900.00 ns, 1.9603 ms/op
WorkloadActual  70: 512 op, 975984900.00 ns, 1.9062 ms/op
WorkloadActual  71: 512 op, 996275300.00 ns, 1.9459 ms/op
WorkloadActual  72: 512 op, 939892900.00 ns, 1.8357 ms/op
WorkloadActual  73: 512 op, 1186202000.00 ns, 2.3168 ms/op
WorkloadActual  74: 512 op, 1071543400.00 ns, 2.0929 ms/op
WorkloadActual  75: 512 op, 885430500.00 ns, 1.7294 ms/op
WorkloadActual  76: 512 op, 1003681200.00 ns, 1.9603 ms/op
WorkloadActual  77: 512 op, 1001182200.00 ns, 1.9554 ms/op
WorkloadActual  78: 512 op, 1025338500.00 ns, 2.0026 ms/op
WorkloadActual  79: 512 op, 973682200.00 ns, 1.9017 ms/op
WorkloadActual  80: 512 op, 1118066100.00 ns, 2.1837 ms/op
WorkloadActual  81: 512 op, 1073994400.00 ns, 2.0976 ms/op
WorkloadActual  82: 512 op, 1024167800.00 ns, 2.0003 ms/op
WorkloadActual  83: 512 op, 985821500.00 ns, 1.9254 ms/op
WorkloadActual  84: 512 op, 885654500.00 ns, 1.7298 ms/op
WorkloadActual  85: 512 op, 891198300.00 ns, 1.7406 ms/op
WorkloadActual  86: 512 op, 890784700.00 ns, 1.7398 ms/op
WorkloadActual  87: 512 op, 878958800.00 ns, 1.7167 ms/op
WorkloadActual  88: 512 op, 966749400.00 ns, 1.8882 ms/op
WorkloadActual  89: 512 op, 881784200.00 ns, 1.7222 ms/op
WorkloadActual  90: 512 op, 1027085400.00 ns, 2.0060 ms/op
WorkloadActual  91: 512 op, 1069224200.00 ns, 2.0883 ms/op
WorkloadActual  92: 512 op, 1005387500.00 ns, 1.9636 ms/op
WorkloadActual  93: 512 op, 1394150300.00 ns, 2.7229 ms/op
WorkloadActual  94: 512 op, 1217739600.00 ns, 2.3784 ms/op
WorkloadActual  95: 512 op, 982759600.00 ns, 1.9195 ms/op
WorkloadActual  96: 512 op, 934971000.00 ns, 1.8261 ms/op
WorkloadActual  97: 512 op, 946137200.00 ns, 1.8479 ms/op
WorkloadActual  98: 512 op, 917020400.00 ns, 1.7911 ms/op
WorkloadActual  99: 512 op, 896291700.00 ns, 1.7506 ms/op
WorkloadActual  100: 512 op, 886664000.00 ns, 1.7318 ms/op

// AfterActualRun
WorkloadResult   1: 512 op, 964983200.00 ns, 1.8847 ms/op
WorkloadResult   2: 512 op, 882829600.00 ns, 1.7243 ms/op
WorkloadResult   3: 512 op, 1110414600.00 ns, 2.1688 ms/op
WorkloadResult   4: 512 op, 1080235000.00 ns, 2.1098 ms/op
WorkloadResult   5: 512 op, 1016246800.00 ns, 1.9849 ms/op
WorkloadResult   6: 512 op, 1095085800.00 ns, 2.1388 ms/op
WorkloadResult   7: 512 op, 1111429000.00 ns, 2.1708 ms/op
WorkloadResult   8: 512 op, 962989900.00 ns, 1.8808 ms/op
WorkloadResult   9: 512 op, 892252800.00 ns, 1.7427 ms/op
WorkloadResult  10: 512 op, 922217600.00 ns, 1.8012 ms/op
WorkloadResult  11: 512 op, 903080800.00 ns, 1.7638 ms/op
WorkloadResult  12: 512 op, 886519300.00 ns, 1.7315 ms/op
WorkloadResult  13: 512 op, 904954700.00 ns, 1.7675 ms/op
WorkloadResult  14: 512 op, 871025000.00 ns, 1.7012 ms/op
WorkloadResult  15: 512 op, 895727100.00 ns, 1.7495 ms/op
WorkloadResult  16: 512 op, 890429300.00 ns, 1.7391 ms/op
WorkloadResult  17: 512 op, 893887200.00 ns, 1.7459 ms/op
WorkloadResult  18: 512 op, 950209800.00 ns, 1.8559 ms/op
WorkloadResult  19: 512 op, 898481500.00 ns, 1.7548 ms/op
WorkloadResult  20: 512 op, 893961100.00 ns, 1.7460 ms/op
WorkloadResult  21: 512 op, 1133417300.00 ns, 2.2137 ms/op
WorkloadResult  22: 512 op, 954579200.00 ns, 1.8644 ms/op
WorkloadResult  23: 512 op, 998495700.00 ns, 1.9502 ms/op
WorkloadResult  24: 512 op, 1014174600.00 ns, 1.9808 ms/op
WorkloadResult  25: 512 op, 1018219700.00 ns, 1.9887 ms/op
WorkloadResult  26: 512 op, 1037893600.00 ns, 2.0271 ms/op
WorkloadResult  27: 512 op, 1012861300.00 ns, 1.9782 ms/op
WorkloadResult  28: 512 op, 1053766800.00 ns, 2.0581 ms/op
WorkloadResult  29: 512 op, 972749100.00 ns, 1.8999 ms/op
WorkloadResult  30: 512 op, 945410000.00 ns, 1.8465 ms/op
WorkloadResult  31: 512 op, 942946500.00 ns, 1.8417 ms/op
WorkloadResult  32: 512 op, 981954700.00 ns, 1.9179 ms/op
WorkloadResult  33: 512 op, 953597300.00 ns, 1.8625 ms/op
WorkloadResult  34: 512 op, 996995300.00 ns, 1.9473 ms/op
WorkloadResult  35: 512 op, 1021470100.00 ns, 1.9951 ms/op
WorkloadResult  36: 512 op, 1074308700.00 ns, 2.0983 ms/op
WorkloadResult  37: 512 op, 1105477800.00 ns, 2.1591 ms/op
WorkloadResult  38: 512 op, 1185147600.00 ns, 2.3147 ms/op
WorkloadResult  39: 512 op, 1058857800.00 ns, 2.0681 ms/op
WorkloadResult  40: 512 op, 1123911700.00 ns, 2.1951 ms/op
WorkloadResult  41: 512 op, 1117767100.00 ns, 2.1831 ms/op
WorkloadResult  42: 512 op, 941146100.00 ns, 1.8382 ms/op
WorkloadResult  43: 512 op, 992237400.00 ns, 1.9380 ms/op
WorkloadResult  44: 512 op, 1160936900.00 ns, 2.2675 ms/op
WorkloadResult  45: 512 op, 1089296300.00 ns, 2.1275 ms/op
WorkloadResult  46: 512 op, 891314600.00 ns, 1.7408 ms/op
WorkloadResult  47: 512 op, 895778800.00 ns, 1.7496 ms/op
WorkloadResult  48: 512 op, 890414900.00 ns, 1.7391 ms/op
WorkloadResult  49: 512 op, 1011683400.00 ns, 1.9759 ms/op
WorkloadResult  50: 512 op, 906437400.00 ns, 1.7704 ms/op
WorkloadResult  51: 512 op, 874453900.00 ns, 1.7079 ms/op
WorkloadResult  52: 512 op, 873720700.00 ns, 1.7065 ms/op
WorkloadResult  53: 512 op, 878106100.00 ns, 1.7151 ms/op
WorkloadResult  54: 512 op, 872119400.00 ns, 1.7034 ms/op
WorkloadResult  55: 512 op, 1036224700.00 ns, 2.0239 ms/op
WorkloadResult  56: 512 op, 1109590700.00 ns, 2.1672 ms/op
WorkloadResult  57: 512 op, 960009600.00 ns, 1.8750 ms/op
WorkloadResult  58: 512 op, 986917300.00 ns, 1.9276 ms/op
WorkloadResult  59: 512 op, 953020600.00 ns, 1.8614 ms/op
WorkloadResult  60: 512 op, 945810000.00 ns, 1.8473 ms/op
WorkloadResult  61: 512 op, 939181100.00 ns, 1.8343 ms/op
WorkloadResult  62: 512 op, 933640400.00 ns, 1.8235 ms/op
WorkloadResult  63: 512 op, 914993100.00 ns, 1.7871 ms/op
WorkloadResult  64: 512 op, 978035500.00 ns, 1.9102 ms/op
WorkloadResult  65: 512 op, 1025233200.00 ns, 2.0024 ms/op
WorkloadResult  66: 512 op, 1017717100.00 ns, 1.9877 ms/op
WorkloadResult  67: 512 op, 1003658500.00 ns, 1.9603 ms/op
WorkloadResult  68: 512 op, 975983500.00 ns, 1.9062 ms/op
WorkloadResult  69: 512 op, 996273900.00 ns, 1.9458 ms/op
WorkloadResult  70: 512 op, 939891500.00 ns, 1.8357 ms/op
WorkloadResult  71: 512 op, 1186200600.00 ns, 2.3168 ms/op
WorkloadResult  72: 512 op, 1071542000.00 ns, 2.0929 ms/op
WorkloadResult  73: 512 op, 885429100.00 ns, 1.7294 ms/op
WorkloadResult  74: 512 op, 1003679800.00 ns, 1.9603 ms/op
WorkloadResult  75: 512 op, 1001180800.00 ns, 1.9554 ms/op
WorkloadResult  76: 512 op, 1025337100.00 ns, 2.0026 ms/op
WorkloadResult  77: 512 op, 973680800.00 ns, 1.9017 ms/op
WorkloadResult  78: 512 op, 1118064700.00 ns, 2.1837 ms/op
WorkloadResult  79: 512 op, 1073993000.00 ns, 2.0976 ms/op
WorkloadResult  80: 512 op, 1024166400.00 ns, 2.0003 ms/op
WorkloadResult  81: 512 op, 985820100.00 ns, 1.9254 ms/op
WorkloadResult  82: 512 op, 885653100.00 ns, 1.7298 ms/op
WorkloadResult  83: 512 op, 891196900.00 ns, 1.7406 ms/op
WorkloadResult  84: 512 op, 890783300.00 ns, 1.7398 ms/op
WorkloadResult  85: 512 op, 878957400.00 ns, 1.7167 ms/op
WorkloadResult  86: 512 op, 966748000.00 ns, 1.8882 ms/op
WorkloadResult  87: 512 op, 881782800.00 ns, 1.7222 ms/op
WorkloadResult  88: 512 op, 1027084000.00 ns, 2.0060 ms/op
WorkloadResult  89: 512 op, 1069222800.00 ns, 2.0883 ms/op
WorkloadResult  90: 512 op, 1005386100.00 ns, 1.9636 ms/op
WorkloadResult  91: 512 op, 1217738200.00 ns, 2.3784 ms/op
WorkloadResult  92: 512 op, 982758200.00 ns, 1.9194 ms/op
WorkloadResult  93: 512 op, 934969600.00 ns, 1.8261 ms/op
WorkloadResult  94: 512 op, 946135800.00 ns, 1.8479 ms/op
WorkloadResult  95: 512 op, 917019000.00 ns, 1.7911 ms/op
WorkloadResult  96: 512 op, 896290300.00 ns, 1.7506 ms/op
WorkloadResult  97: 512 op, 886662600.00 ns, 1.7318 ms/op
// GC:  0 0 0 245760 512
// Threading:  0 0 512

// AfterAll
// Benchmark Process 31988 has exited with code 0.

Mean = 1.920 ms, StdErr = 0.017 ms (0.87%), N = 97, StdDev = 0.165 ms
Min = 1.701 ms, Q1 = 1.764 ms, Median = 1.902 ms, Q3 = 2.003 ms, Max = 2.378 ms
IQR = 0.239 ms, LowerFence = 1.406 ms, UpperFence = 2.361 ms
ConfidenceInterval = [1.863 ms; 1.977 ms] (CI 99.9%), Margin = 0.057 ms (2.97% of Mean)
Skewness = 0.64, Kurtosis = 2.63, MValue = 2.67

// ** Remained 12 (21.1%) benchmark(s) to run. Estimated finish 2026-05-10 23:14 (0h 5m from now) **
Setup power plan (GUID: 8c5e7fda-e8bf-4a96-9a85-a6e23a8c635c FriendlyName: 高效能)
// **************************
// Benchmark: RangeBenchmark.'BPT  Range': DefaultJob [Ratio=0.1, N=1000000]
// *** Execute ***
// Launch: 1 / 1
// Execute: dotnet bplus-tree-benchmark-Job-CNUJVU-1.dll --anonymousPipes 1820 1936 --benchmarkName "RangeBenchmark.BPT_Range(Ratio: 0.1, N: 1000000)" --job Default --benchmarkId 45 in C:\Users\chentingwei\bplus-tree\bplus-tree-benchmark\bin\Release\net10.0\bplus-tree-benchmark-Job-CNUJVU-1\bin\Release\net10.0
// BeforeAnythingElse

// Benchmark Process Environment Information:
// BenchmarkDotNet v0.15.2
// Runtime=.NET 10.0.7 (10.0.726.21808), X64 RyuJIT AVX-512F+CD+BW+DQ+VL+VBMI
// GC=Concurrent Workstation
// HardwareIntrinsics=AVX-512F+CD+BW+DQ+VL+VBMI,AES,BMI1,BMI2,FMA,LZCNT,PCLMUL,POPCNT VectorSize=256
// Job: DefaultJob

OverheadJitting  1: 1 op, 607100.00 ns, 607.1000 us/op
WorkloadJitting  1: 1 op, 3620700.00 ns, 3.6207 ms/op

OverheadJitting  2: 16 op, 474600.00 ns, 29.6625 us/op
WorkloadJitting  2: 16 op, 17362800.00 ns, 1.0852 ms/op

WorkloadPilot    1: 16 op, 12523100.00 ns, 782.6938 us/op
WorkloadPilot    2: 32 op, 25870600.00 ns, 808.4563 us/op
WorkloadPilot    3: 64 op, 51155600.00 ns, 799.3063 us/op
WorkloadPilot    4: 128 op, 95045000.00 ns, 742.5391 us/op
WorkloadPilot    5: 256 op, 187481700.00 ns, 732.3504 us/op
WorkloadPilot    6: 512 op, 348159800.00 ns, 679.9996 us/op
WorkloadPilot    7: 1024 op, 696435500.00 ns, 680.1128 us/op

OverheadWarmup   1: 1024 op, 5900.00 ns, 5.7617 ns/op
OverheadWarmup   2: 1024 op, 5900.00 ns, 5.7617 ns/op
OverheadWarmup   3: 1024 op, 3300.00 ns, 3.2227 ns/op
OverheadWarmup   4: 1024 op, 3200.00 ns, 3.1250 ns/op
OverheadWarmup   5: 1024 op, 3400.00 ns, 3.3203 ns/op
OverheadWarmup   6: 1024 op, 3600.00 ns, 3.5156 ns/op
OverheadWarmup   7: 1024 op, 3600.00 ns, 3.5156 ns/op

OverheadActual   1: 1024 op, 5000.00 ns, 4.8828 ns/op
OverheadActual   2: 1024 op, 5400.00 ns, 5.2734 ns/op
OverheadActual   3: 1024 op, 3700.00 ns, 3.6133 ns/op
OverheadActual   4: 1024 op, 3400.00 ns, 3.3203 ns/op
OverheadActual   5: 1024 op, 3800.00 ns, 3.7109 ns/op
OverheadActual   6: 1024 op, 3200.00 ns, 3.1250 ns/op
OverheadActual   7: 1024 op, 2200.00 ns, 2.1484 ns/op
OverheadActual   8: 1024 op, 2800.00 ns, 2.7344 ns/op
OverheadActual   9: 1024 op, 2200.00 ns, 2.1484 ns/op
OverheadActual  10: 1024 op, 2700.00 ns, 2.6367 ns/op
OverheadActual  11: 1024 op, 2700.00 ns, 2.6367 ns/op
OverheadActual  12: 1024 op, 3200.00 ns, 3.1250 ns/op
OverheadActual  13: 1024 op, 3800.00 ns, 3.7109 ns/op
OverheadActual  14: 1024 op, 2400.00 ns, 2.3438 ns/op
OverheadActual  15: 1024 op, 2700.00 ns, 2.6367 ns/op
OverheadActual  16: 1024 op, 2500.00 ns, 2.4414 ns/op
OverheadActual  17: 1024 op, 3100.00 ns, 3.0273 ns/op
OverheadActual  18: 1024 op, 4200.00 ns, 4.1016 ns/op
OverheadActual  19: 1024 op, 2800.00 ns, 2.7344 ns/op
OverheadActual  20: 1024 op, 2900.00 ns, 2.8320 ns/op

OverheadWarmup   1: 1024 op, 2400.00 ns, 2.3438 ns/op
OverheadWarmup   2: 1024 op, 2500.00 ns, 2.4414 ns/op
OverheadWarmup   3: 1024 op, 2500.00 ns, 2.4414 ns/op
OverheadWarmup   4: 1024 op, 2400.00 ns, 2.3438 ns/op
OverheadWarmup   5: 1024 op, 3100.00 ns, 3.0273 ns/op
OverheadWarmup   6: 1024 op, 2200.00 ns, 2.1484 ns/op

// BeforeActualRun
WorkloadActual   1: 1024 op, 729377000.00 ns, 712.2822 us/op
WorkloadActual   2: 1024 op, 759881300.00 ns, 742.0716 us/op
WorkloadActual   3: 1024 op, 732828300.00 ns, 715.6526 us/op
WorkloadActual   4: 1024 op, 715757800.00 ns, 698.9822 us/op
WorkloadActual   5: 1024 op, 716349700.00 ns, 699.5603 us/op
WorkloadActual   6: 1024 op, 705699400.00 ns, 689.1596 us/op
WorkloadActual   7: 1024 op, 721281300.00 ns, 704.3763 us/op
WorkloadActual   8: 1024 op, 752614300.00 ns, 734.9749 us/op
WorkloadActual   9: 1024 op, 728993200.00 ns, 711.9074 us/op
WorkloadActual  10: 1024 op, 734200500.00 ns, 716.9927 us/op
WorkloadActual  11: 1024 op, 725608200.00 ns, 708.6018 us/op
WorkloadActual  12: 1024 op, 747922200.00 ns, 730.3928 us/op
WorkloadActual  13: 1024 op, 714820100.00 ns, 698.0665 us/op
WorkloadActual  14: 1024 op, 700870600.00 ns, 684.4439 us/op
WorkloadActual  15: 1024 op, 694771200.00 ns, 678.4875 us/op
WorkloadActual  16: 1024 op, 698790100.00 ns, 682.4122 us/op
WorkloadActual  17: 1024 op, 689635700.00 ns, 673.4724 us/op
WorkloadActual  18: 1024 op, 685756500.00 ns, 669.6841 us/op
WorkloadActual  19: 1024 op, 700056200.00 ns, 683.6486 us/op
WorkloadActual  20: 1024 op, 731961300.00 ns, 714.8060 us/op
WorkloadActual  21: 1024 op, 727803600.00 ns, 710.7457 us/op
WorkloadActual  22: 1024 op, 721772700.00 ns, 704.8562 us/op
WorkloadActual  23: 1024 op, 726546600.00 ns, 709.5182 us/op
WorkloadActual  24: 1024 op, 750349300.00 ns, 732.7630 us/op
WorkloadActual  25: 1024 op, 743054400.00 ns, 725.6391 us/op
WorkloadActual  26: 1024 op, 739942700.00 ns, 722.6003 us/op
WorkloadActual  27: 1024 op, 729945600.00 ns, 712.8375 us/op

// AfterActualRun
WorkloadResult   1: 1024 op, 729374000.00 ns, 712.2793 us/op
WorkloadResult   2: 1024 op, 759878300.00 ns, 742.0687 us/op
WorkloadResult   3: 1024 op, 732825300.00 ns, 715.6497 us/op
WorkloadResult   4: 1024 op, 715754800.00 ns, 698.9793 us/op
WorkloadResult   5: 1024 op, 716346700.00 ns, 699.5573 us/op
WorkloadResult   6: 1024 op, 705696400.00 ns, 689.1566 us/op
WorkloadResult   7: 1024 op, 721278300.00 ns, 704.3733 us/op
WorkloadResult   8: 1024 op, 752611300.00 ns, 734.9720 us/op
WorkloadResult   9: 1024 op, 728990200.00 ns, 711.9045 us/op
WorkloadResult  10: 1024 op, 734197500.00 ns, 716.9897 us/op
WorkloadResult  11: 1024 op, 725605200.00 ns, 708.5988 us/op
WorkloadResult  12: 1024 op, 747919200.00 ns, 730.3898 us/op
WorkloadResult  13: 1024 op, 714817100.00 ns, 698.0636 us/op
WorkloadResult  14: 1024 op, 700867600.00 ns, 684.4410 us/op
WorkloadResult  15: 1024 op, 694768200.00 ns, 678.4846 us/op
WorkloadResult  16: 1024 op, 698787100.00 ns, 682.4093 us/op
WorkloadResult  17: 1024 op, 689632700.00 ns, 673.4694 us/op
WorkloadResult  18: 1024 op, 685753500.00 ns, 669.6812 us/op
WorkloadResult  19: 1024 op, 700053200.00 ns, 683.6457 us/op
WorkloadResult  20: 1024 op, 731958300.00 ns, 714.8030 us/op
WorkloadResult  21: 1024 op, 727800600.00 ns, 710.7428 us/op
WorkloadResult  22: 1024 op, 721769700.00 ns, 704.8532 us/op
WorkloadResult  23: 1024 op, 726543600.00 ns, 709.5152 us/op
WorkloadResult  24: 1024 op, 750346300.00 ns, 732.7601 us/op
WorkloadResult  25: 1024 op, 743051400.00 ns, 725.6361 us/op
WorkloadResult  26: 1024 op, 739939700.00 ns, 722.5974 us/op
WorkloadResult  27: 1024 op, 729942600.00 ns, 712.8346 us/op
// GC:  0 0 0 73728 1024
// Threading:  0 0 1024

// AfterAll
// Benchmark Process 20592 has exited with code 0.

Mean = 706.254 μs, StdErr = 3.710 μs (0.53%), N = 27, StdDev = 19.277 μs
Min = 669.681 μs, Q1 = 693.610 μs, Median = 709.515 μs, Q3 = 716.320 μs, Max = 742.069 μs
IQR = 22.710 μs, LowerFence = 659.546 μs, UpperFence = 750.384 μs
ConfidenceInterval = [692.503 μs; 720.005 μs] (CI 99.9%), Margin = 13.751 μs (1.95% of Mean)
Skewness = -0.15, Kurtosis = 2.1, MValue = 2

// ** Remained 11 (19.3%) benchmark(s) to run. Estimated finish 2026-05-10 23:14 (0h 4m from now) **
Setup power plan (GUID: 8c5e7fda-e8bf-4a96-9a85-a6e23a8c635c FriendlyName: 高效能)
// **************************
// Benchmark: RangeBenchmark.'SD   Range (foreach+break)': DefaultJob [Ratio=0.1, N=1000000]
// *** Execute ***
// Launch: 1 / 1
// Execute: dotnet bplus-tree-benchmark-Job-CNUJVU-1.dll --anonymousPipes 1992 1424 --benchmarkName "RangeBenchmark.SD_Range_ForEachBreak(Ratio: 0.1, N: 1000000)" --job Default --benchmarkId 46 in C:\Users\chentingwei\bplus-tree\bplus-tree-benchmark\bin\Release\net10.0\bplus-tree-benchmark-Job-CNUJVU-1\bin\Release\net10.0
// BeforeAnythingElse

// Benchmark Process Environment Information:
// BenchmarkDotNet v0.15.2
// Runtime=.NET 10.0.7 (10.0.726.21808), X64 RyuJIT AVX-512F+CD+BW+DQ+VL+VBMI
// GC=Concurrent Workstation
// HardwareIntrinsics=AVX-512F+CD+BW+DQ+VL+VBMI,AES,BMI1,BMI2,FMA,LZCNT,PCLMUL,POPCNT VectorSize=256
// Job: DefaultJob

OverheadJitting  1: 1 op, 625800.00 ns, 625.8000 us/op
WorkloadJitting  1: 1 op, 9050800.00 ns, 9.0508 ms/op

OverheadJitting  2: 16 op, 426200.00 ns, 26.6375 us/op
WorkloadJitting  2: 16 op, 41950700.00 ns, 2.6219 ms/op

WorkloadPilot    1: 16 op, 30420300.00 ns, 1.9013 ms/op
WorkloadPilot    2: 32 op, 83367000.00 ns, 2.6052 ms/op
WorkloadPilot    3: 64 op, 117184000.00 ns, 1.8310 ms/op
WorkloadPilot    4: 128 op, 233243600.00 ns, 1.8222 ms/op
WorkloadPilot    5: 256 op, 451746700.00 ns, 1.7646 ms/op
WorkloadPilot    6: 512 op, 912630400.00 ns, 1.7825 ms/op

OverheadWarmup   1: 512 op, 4200.00 ns, 8.2031 ns/op
OverheadWarmup   2: 512 op, 2300.00 ns, 4.4922 ns/op
OverheadWarmup   3: 512 op, 4600.00 ns, 8.9844 ns/op
OverheadWarmup   4: 512 op, 2500.00 ns, 4.8828 ns/op
OverheadWarmup   5: 512 op, 2800.00 ns, 5.4688 ns/op
OverheadWarmup   6: 512 op, 2300.00 ns, 4.4922 ns/op

OverheadActual   1: 512 op, 1900.00 ns, 3.7109 ns/op
OverheadActual   2: 512 op, 2100.00 ns, 4.1016 ns/op
OverheadActual   3: 512 op, 1800.00 ns, 3.5156 ns/op
OverheadActual   4: 512 op, 1600.00 ns, 3.1250 ns/op
OverheadActual   5: 512 op, 1800.00 ns, 3.5156 ns/op
OverheadActual   6: 512 op, 1700.00 ns, 3.3203 ns/op
OverheadActual   7: 512 op, 1700.00 ns, 3.3203 ns/op
OverheadActual   8: 512 op, 1700.00 ns, 3.3203 ns/op
OverheadActual   9: 512 op, 4000.00 ns, 7.8125 ns/op
OverheadActual  10: 512 op, 1700.00 ns, 3.3203 ns/op
OverheadActual  11: 512 op, 1700.00 ns, 3.3203 ns/op
OverheadActual  12: 512 op, 1600.00 ns, 3.1250 ns/op
OverheadActual  13: 512 op, 1700.00 ns, 3.3203 ns/op
OverheadActual  14: 512 op, 1600.00 ns, 3.1250 ns/op
OverheadActual  15: 512 op, 1700.00 ns, 3.3203 ns/op
OverheadActual  16: 512 op, 1700.00 ns, 3.3203 ns/op
OverheadActual  17: 512 op, 1600.00 ns, 3.1250 ns/op
OverheadActual  18: 512 op, 1700.00 ns, 3.3203 ns/op

OverheadWarmup   1: 512 op, 1700.00 ns, 3.3203 ns/op
OverheadWarmup   2: 512 op, 1800.00 ns, 3.5156 ns/op
OverheadWarmup   3: 512 op, 1700.00 ns, 3.3203 ns/op
OverheadWarmup   4: 512 op, 1700.00 ns, 3.3203 ns/op
OverheadWarmup   5: 512 op, 1700.00 ns, 3.3203 ns/op
OverheadWarmup   6: 512 op, 1700.00 ns, 3.3203 ns/op

// BeforeActualRun
WorkloadActual   1: 512 op, 862256400.00 ns, 1.6841 ms/op
WorkloadActual   2: 512 op, 847018600.00 ns, 1.6543 ms/op
WorkloadActual   3: 512 op, 830555000.00 ns, 1.6222 ms/op
WorkloadActual   4: 512 op, 902666400.00 ns, 1.7630 ms/op
WorkloadActual   5: 512 op, 831150400.00 ns, 1.6233 ms/op
WorkloadActual   6: 512 op, 836363400.00 ns, 1.6335 ms/op
WorkloadActual   7: 512 op, 994162800.00 ns, 1.9417 ms/op
WorkloadActual   8: 512 op, 1639670500.00 ns, 3.2025 ms/op
WorkloadActual   9: 512 op, 1456413800.00 ns, 2.8446 ms/op
WorkloadActual  10: 512 op, 1174311500.00 ns, 2.2936 ms/op
WorkloadActual  11: 512 op, 1363872300.00 ns, 2.6638 ms/op
WorkloadActual  12: 512 op, 1841067800.00 ns, 3.5958 ms/op
WorkloadActual  13: 512 op, 1677676000.00 ns, 3.2767 ms/op
WorkloadActual  14: 512 op, 2019027400.00 ns, 3.9434 ms/op
WorkloadActual  15: 512 op, 1059074500.00 ns, 2.0685 ms/op
WorkloadActual  16: 512 op, 1255408800.00 ns, 2.4520 ms/op
WorkloadActual  17: 512 op, 811398600.00 ns, 1.5848 ms/op
WorkloadActual  18: 512 op, 1381530700.00 ns, 2.6983 ms/op
WorkloadActual  19: 512 op, 1933923000.00 ns, 3.7772 ms/op
WorkloadActual  20: 512 op, 1579940400.00 ns, 3.0858 ms/op
WorkloadActual  21: 512 op, 1395540800.00 ns, 2.7257 ms/op
WorkloadActual  22: 512 op, 1515762400.00 ns, 2.9605 ms/op
WorkloadActual  23: 512 op, 1294312500.00 ns, 2.5280 ms/op
WorkloadActual  24: 512 op, 1282563300.00 ns, 2.5050 ms/op
WorkloadActual  25: 512 op, 1349842900.00 ns, 2.6364 ms/op
WorkloadActual  26: 512 op, 1791517700.00 ns, 3.4991 ms/op
WorkloadActual  27: 512 op, 2063736100.00 ns, 4.0307 ms/op
WorkloadActual  28: 512 op, 1323842800.00 ns, 2.5856 ms/op
WorkloadActual  29: 512 op, 2053895100.00 ns, 4.0115 ms/op
WorkloadActual  30: 512 op, 1975178600.00 ns, 3.8578 ms/op
WorkloadActual  31: 512 op, 1586558300.00 ns, 3.0987 ms/op
WorkloadActual  32: 512 op, 1539097800.00 ns, 3.0061 ms/op
WorkloadActual  33: 512 op, 1470168900.00 ns, 2.8714 ms/op
WorkloadActual  34: 512 op, 1360887300.00 ns, 2.6580 ms/op
WorkloadActual  35: 512 op, 1382649800.00 ns, 2.7005 ms/op
WorkloadActual  36: 512 op, 1359246600.00 ns, 2.6548 ms/op
WorkloadActual  37: 512 op, 1887309500.00 ns, 3.6862 ms/op
WorkloadActual  38: 512 op, 1376780500.00 ns, 2.6890 ms/op
WorkloadActual  39: 512 op, 1459473300.00 ns, 2.8505 ms/op
WorkloadActual  40: 512 op, 1079231000.00 ns, 2.1079 ms/op
WorkloadActual  41: 512 op, 1886291300.00 ns, 3.6842 ms/op
WorkloadActual  42: 512 op, 1033107500.00 ns, 2.0178 ms/op
WorkloadActual  43: 512 op, 1001249200.00 ns, 1.9556 ms/op
WorkloadActual  44: 512 op, 1017933600.00 ns, 1.9882 ms/op
WorkloadActual  45: 512 op, 990217100.00 ns, 1.9340 ms/op
WorkloadActual  46: 512 op, 993325500.00 ns, 1.9401 ms/op
WorkloadActual  47: 512 op, 995082500.00 ns, 1.9435 ms/op
WorkloadActual  48: 512 op, 1001371500.00 ns, 1.9558 ms/op
WorkloadActual  49: 512 op, 986651700.00 ns, 1.9271 ms/op
WorkloadActual  50: 512 op, 1025309500.00 ns, 2.0026 ms/op
WorkloadActual  51: 512 op, 1177848700.00 ns, 2.3005 ms/op
WorkloadActual  52: 512 op, 1211438900.00 ns, 2.3661 ms/op
WorkloadActual  53: 512 op, 989414700.00 ns, 1.9325 ms/op
WorkloadActual  54: 512 op, 1140723000.00 ns, 2.2280 ms/op
WorkloadActual  55: 512 op, 1098626000.00 ns, 2.1458 ms/op
WorkloadActual  56: 512 op, 2029869800.00 ns, 3.9646 ms/op
WorkloadActual  57: 512 op, 970505700.00 ns, 1.8955 ms/op
WorkloadActual  58: 512 op, 1792197700.00 ns, 3.5004 ms/op
WorkloadActual  59: 512 op, 1245564700.00 ns, 2.4327 ms/op
WorkloadActual  60: 512 op, 1269522500.00 ns, 2.4795 ms/op
WorkloadActual  61: 512 op, 1863924100.00 ns, 3.6405 ms/op
WorkloadActual  62: 512 op, 1052474200.00 ns, 2.0556 ms/op
WorkloadActual  63: 512 op, 1098133300.00 ns, 2.1448 ms/op
WorkloadActual  64: 512 op, 1129891900.00 ns, 2.2068 ms/op
WorkloadActual  65: 512 op, 1003479100.00 ns, 1.9599 ms/op
WorkloadActual  66: 512 op, 1180310600.00 ns, 2.3053 ms/op
WorkloadActual  67: 512 op, 1176235100.00 ns, 2.2973 ms/op
WorkloadActual  68: 512 op, 1178550900.00 ns, 2.3019 ms/op
WorkloadActual  69: 512 op, 1175952100.00 ns, 2.2968 ms/op
WorkloadActual  70: 512 op, 1656616000.00 ns, 3.2356 ms/op
WorkloadActual  71: 512 op, 1245723300.00 ns, 2.4331 ms/op
WorkloadActual  72: 512 op, 1156239800.00 ns, 2.2583 ms/op
WorkloadActual  73: 512 op, 1111209300.00 ns, 2.1703 ms/op
WorkloadActual  74: 512 op, 1381697800.00 ns, 2.6986 ms/op
WorkloadActual  75: 512 op, 1487578000.00 ns, 2.9054 ms/op
WorkloadActual  76: 512 op, 879971800.00 ns, 1.7187 ms/op
WorkloadActual  77: 512 op, 2037155900.00 ns, 3.9788 ms/op
WorkloadActual  78: 512 op, 1224244500.00 ns, 2.3911 ms/op
WorkloadActual  79: 512 op, 1150971600.00 ns, 2.2480 ms/op
WorkloadActual  80: 512 op, 1446063900.00 ns, 2.8243 ms/op
WorkloadActual  81: 512 op, 942356600.00 ns, 1.8405 ms/op
WorkloadActual  82: 512 op, 790648900.00 ns, 1.5442 ms/op
WorkloadActual  83: 512 op, 776805400.00 ns, 1.5172 ms/op
WorkloadActual  84: 512 op, 1360585800.00 ns, 2.6574 ms/op
WorkloadActual  85: 512 op, 1178270200.00 ns, 2.3013 ms/op
WorkloadActual  86: 512 op, 1466787800.00 ns, 2.8648 ms/op
WorkloadActual  87: 512 op, 1379628400.00 ns, 2.6946 ms/op
WorkloadActual  88: 512 op, 1589469400.00 ns, 3.1044 ms/op
WorkloadActual  89: 512 op, 1022307000.00 ns, 1.9967 ms/op
WorkloadActual  90: 512 op, 1858572400.00 ns, 3.6300 ms/op
WorkloadActual  91: 512 op, 1273784500.00 ns, 2.4879 ms/op
WorkloadActual  92: 512 op, 828762500.00 ns, 1.6187 ms/op
WorkloadActual  93: 512 op, 939745600.00 ns, 1.8354 ms/op
WorkloadActual  94: 512 op, 1140250800.00 ns, 2.2271 ms/op
WorkloadActual  95: 512 op, 1346808100.00 ns, 2.6305 ms/op
WorkloadActual  96: 512 op, 796543000.00 ns, 1.5557 ms/op
WorkloadActual  97: 512 op, 778876500.00 ns, 1.5212 ms/op
WorkloadActual  98: 512 op, 804235800.00 ns, 1.5708 ms/op
WorkloadActual  99: 512 op, 1094096800.00 ns, 2.1369 ms/op
WorkloadActual  100: 512 op, 1034886600.00 ns, 2.0213 ms/op

// AfterActualRun
WorkloadResult   1: 512 op, 862254700.00 ns, 1.6841 ms/op
WorkloadResult   2: 512 op, 847016900.00 ns, 1.6543 ms/op
WorkloadResult   3: 512 op, 830553300.00 ns, 1.6222 ms/op
WorkloadResult   4: 512 op, 902664700.00 ns, 1.7630 ms/op
WorkloadResult   5: 512 op, 831148700.00 ns, 1.6233 ms/op
WorkloadResult   6: 512 op, 836361700.00 ns, 1.6335 ms/op
WorkloadResult   7: 512 op, 994161100.00 ns, 1.9417 ms/op
WorkloadResult   8: 512 op, 1639668800.00 ns, 3.2025 ms/op
WorkloadResult   9: 512 op, 1456412100.00 ns, 2.8446 ms/op
WorkloadResult  10: 512 op, 1174309800.00 ns, 2.2936 ms/op
WorkloadResult  11: 512 op, 1363870600.00 ns, 2.6638 ms/op
WorkloadResult  12: 512 op, 1841066100.00 ns, 3.5958 ms/op
WorkloadResult  13: 512 op, 1677674300.00 ns, 3.2767 ms/op
WorkloadResult  14: 512 op, 2019025700.00 ns, 3.9434 ms/op
WorkloadResult  15: 512 op, 1059072800.00 ns, 2.0685 ms/op
WorkloadResult  16: 512 op, 1255407100.00 ns, 2.4520 ms/op
WorkloadResult  17: 512 op, 811396900.00 ns, 1.5848 ms/op
WorkloadResult  18: 512 op, 1381529000.00 ns, 2.6983 ms/op
WorkloadResult  19: 512 op, 1933921300.00 ns, 3.7772 ms/op
WorkloadResult  20: 512 op, 1579938700.00 ns, 3.0858 ms/op
WorkloadResult  21: 512 op, 1395539100.00 ns, 2.7257 ms/op
WorkloadResult  22: 512 op, 1515760700.00 ns, 2.9605 ms/op
WorkloadResult  23: 512 op, 1294310800.00 ns, 2.5280 ms/op
WorkloadResult  24: 512 op, 1282561600.00 ns, 2.5050 ms/op
WorkloadResult  25: 512 op, 1349841200.00 ns, 2.6364 ms/op
WorkloadResult  26: 512 op, 1791516000.00 ns, 3.4991 ms/op
WorkloadResult  27: 512 op, 2063734400.00 ns, 4.0307 ms/op
WorkloadResult  28: 512 op, 1323841100.00 ns, 2.5856 ms/op
WorkloadResult  29: 512 op, 2053893400.00 ns, 4.0115 ms/op
WorkloadResult  30: 512 op, 1975176900.00 ns, 3.8578 ms/op
WorkloadResult  31: 512 op, 1586556600.00 ns, 3.0987 ms/op
WorkloadResult  32: 512 op, 1539096100.00 ns, 3.0060 ms/op
WorkloadResult  33: 512 op, 1470167200.00 ns, 2.8714 ms/op
WorkloadResult  34: 512 op, 1360885600.00 ns, 2.6580 ms/op
WorkloadResult  35: 512 op, 1382648100.00 ns, 2.7005 ms/op
WorkloadResult  36: 512 op, 1359244900.00 ns, 2.6548 ms/op
WorkloadResult  37: 512 op, 1887307800.00 ns, 3.6861 ms/op
WorkloadResult  38: 512 op, 1376778800.00 ns, 2.6890 ms/op
WorkloadResult  39: 512 op, 1459471600.00 ns, 2.8505 ms/op
WorkloadResult  40: 512 op, 1079229300.00 ns, 2.1079 ms/op
WorkloadResult  41: 512 op, 1886289600.00 ns, 3.6842 ms/op
WorkloadResult  42: 512 op, 1033105800.00 ns, 2.0178 ms/op
WorkloadResult  43: 512 op, 1001247500.00 ns, 1.9556 ms/op
WorkloadResult  44: 512 op, 1017931900.00 ns, 1.9881 ms/op
WorkloadResult  45: 512 op, 990215400.00 ns, 1.9340 ms/op
WorkloadResult  46: 512 op, 993323800.00 ns, 1.9401 ms/op
WorkloadResult  47: 512 op, 995080800.00 ns, 1.9435 ms/op
WorkloadResult  48: 512 op, 1001369800.00 ns, 1.9558 ms/op
WorkloadResult  49: 512 op, 986650000.00 ns, 1.9271 ms/op
WorkloadResult  50: 512 op, 1025307800.00 ns, 2.0026 ms/op
WorkloadResult  51: 512 op, 1177847000.00 ns, 2.3005 ms/op
WorkloadResult  52: 512 op, 1211437200.00 ns, 2.3661 ms/op
WorkloadResult  53: 512 op, 989413000.00 ns, 1.9324 ms/op
WorkloadResult  54: 512 op, 1140721300.00 ns, 2.2280 ms/op
WorkloadResult  55: 512 op, 1098624300.00 ns, 2.1458 ms/op
WorkloadResult  56: 512 op, 2029868100.00 ns, 3.9646 ms/op
WorkloadResult  57: 512 op, 970504000.00 ns, 1.8955 ms/op
WorkloadResult  58: 512 op, 1792196000.00 ns, 3.5004 ms/op
WorkloadResult  59: 512 op, 1245563000.00 ns, 2.4327 ms/op
WorkloadResult  60: 512 op, 1269520800.00 ns, 2.4795 ms/op
WorkloadResult  61: 512 op, 1863922400.00 ns, 3.6405 ms/op
WorkloadResult  62: 512 op, 1052472500.00 ns, 2.0556 ms/op
WorkloadResult  63: 512 op, 1098131600.00 ns, 2.1448 ms/op
WorkloadResult  64: 512 op, 1129890200.00 ns, 2.2068 ms/op
WorkloadResult  65: 512 op, 1003477400.00 ns, 1.9599 ms/op
WorkloadResult  66: 512 op, 1180308900.00 ns, 2.3053 ms/op
WorkloadResult  67: 512 op, 1176233400.00 ns, 2.2973 ms/op
WorkloadResult  68: 512 op, 1178549200.00 ns, 2.3019 ms/op
WorkloadResult  69: 512 op, 1175950400.00 ns, 2.2968 ms/op
WorkloadResult  70: 512 op, 1656614300.00 ns, 3.2356 ms/op
WorkloadResult  71: 512 op, 1245721600.00 ns, 2.4331 ms/op
WorkloadResult  72: 512 op, 1156238100.00 ns, 2.2583 ms/op
WorkloadResult  73: 512 op, 1111207600.00 ns, 2.1703 ms/op
WorkloadResult  74: 512 op, 1381696100.00 ns, 2.6986 ms/op
WorkloadResult  75: 512 op, 1487576300.00 ns, 2.9054 ms/op
WorkloadResult  76: 512 op, 879970100.00 ns, 1.7187 ms/op
WorkloadResult  77: 512 op, 2037154200.00 ns, 3.9788 ms/op
WorkloadResult  78: 512 op, 1224242800.00 ns, 2.3911 ms/op
WorkloadResult  79: 512 op, 1150969900.00 ns, 2.2480 ms/op
WorkloadResult  80: 512 op, 1446062200.00 ns, 2.8243 ms/op
WorkloadResult  81: 512 op, 942354900.00 ns, 1.8405 ms/op
WorkloadResult  82: 512 op, 790647200.00 ns, 1.5442 ms/op
WorkloadResult  83: 512 op, 776803700.00 ns, 1.5172 ms/op
WorkloadResult  84: 512 op, 1360584100.00 ns, 2.6574 ms/op
WorkloadResult  85: 512 op, 1178268500.00 ns, 2.3013 ms/op
WorkloadResult  86: 512 op, 1466786100.00 ns, 2.8648 ms/op
WorkloadResult  87: 512 op, 1379626700.00 ns, 2.6946 ms/op
WorkloadResult  88: 512 op, 1589467700.00 ns, 3.1044 ms/op
WorkloadResult  89: 512 op, 1022305300.00 ns, 1.9967 ms/op
WorkloadResult  90: 512 op, 1858570700.00 ns, 3.6300 ms/op
WorkloadResult  91: 512 op, 1273782800.00 ns, 2.4879 ms/op
WorkloadResult  92: 512 op, 828760800.00 ns, 1.6187 ms/op
WorkloadResult  93: 512 op, 939743900.00 ns, 1.8354 ms/op
WorkloadResult  94: 512 op, 1140249100.00 ns, 2.2270 ms/op
WorkloadResult  95: 512 op, 1346806400.00 ns, 2.6305 ms/op
WorkloadResult  96: 512 op, 796541300.00 ns, 1.5557 ms/op
WorkloadResult  97: 512 op, 778874800.00 ns, 1.5212 ms/op
WorkloadResult  98: 512 op, 804234100.00 ns, 1.5708 ms/op
WorkloadResult  99: 512 op, 1094095100.00 ns, 2.1369 ms/op
WorkloadResult  100: 512 op, 1034884900.00 ns, 2.0213 ms/op
// GC:  0 0 0 184320 512
// Threading:  0 0 512

// AfterAll
// Benchmark Process 27788 has exited with code 0.

Mean = 2.495 ms, StdErr = 0.068 ms (2.72%), N = 100, StdDev = 0.677 ms
Min = 1.517 ms, Q1 = 1.959 ms, Median = 2.336 ms, Q3 = 2.854 ms, Max = 4.031 ms
IQR = 0.895 ms, LowerFence = 0.616 ms, UpperFence = 4.197 ms
ConfidenceInterval = [2.265 ms; 2.725 ms] (CI 99.9%), Margin = 0.230 ms (9.21% of Mean)
Skewness = 0.65, Kurtosis = 2.56, MValue = 2.3

// ** Remained 10 (17.5%) benchmark(s) to run. Estimated finish 2026-05-10 23:17 (0h 4m from now) **
Setup power plan (GUID: 8c5e7fda-e8bf-4a96-9a85-a6e23a8c635c FriendlyName: 高效能)
// **************************
// Benchmark: RangeBenchmark.'SD   Range (LINQ)': DefaultJob [Ratio=0.1, N=1000000]
// *** Execute ***
// Launch: 1 / 1
// Execute: dotnet bplus-tree-benchmark-Job-CNUJVU-1.dll --anonymousPipes 1540 1536 --benchmarkName "RangeBenchmark.SD_Range_Linq(Ratio: 0.1, N: 1000000)" --job Default --benchmarkId 47 in C:\Users\chentingwei\bplus-tree\bplus-tree-benchmark\bin\Release\net10.0\bplus-tree-benchmark-Job-CNUJVU-1\bin\Release\net10.0
// BeforeAnythingElse

// Benchmark Process Environment Information:
// BenchmarkDotNet v0.15.2
// Runtime=.NET 10.0.7 (10.0.726.21808), X64 RyuJIT AVX-512F+CD+BW+DQ+VL+VBMI
// GC=Concurrent Workstation
// HardwareIntrinsics=AVX-512F+CD+BW+DQ+VL+VBMI,AES,BMI1,BMI2,FMA,LZCNT,PCLMUL,POPCNT VectorSize=256
// Job: DefaultJob

OverheadJitting  1: 1 op, 1499000.00 ns, 1.4990 ms/op
WorkloadJitting  1: 1 op, 187542800.00 ns, 187.5428 ms/op

WorkloadPilot    1: 2 op, 262995400.00 ns, 131.4977 ms/op
WorkloadPilot    2: 3 op, 349359600.00 ns, 116.4532 ms/op
WorkloadPilot    3: 4 op, 464683300.00 ns, 116.1708 ms/op
WorkloadPilot    4: 5 op, 541141800.00 ns, 108.2284 ms/op

OverheadWarmup   1: 5 op, 2000.00 ns, 400.0000 ns/op
OverheadWarmup   2: 5 op, 1700.00 ns, 340.0000 ns/op
OverheadWarmup   3: 5 op, 1500.00 ns, 300.0000 ns/op
OverheadWarmup   4: 5 op, 1500.00 ns, 300.0000 ns/op
OverheadWarmup   5: 5 op, 3300.00 ns, 660.0000 ns/op
OverheadWarmup   6: 5 op, 5400.00 ns, 1.0800 us/op
OverheadWarmup   7: 5 op, 1400.00 ns, 280.0000 ns/op
OverheadWarmup   8: 5 op, 1900.00 ns, 380.0000 ns/op

// BeforeActualRun
WorkloadActual   1: 5 op, 543115600.00 ns, 108.6231 ms/op
WorkloadActual   2: 5 op, 548175800.00 ns, 109.6352 ms/op
WorkloadActual   3: 5 op, 528523900.00 ns, 105.7048 ms/op
WorkloadActual   4: 5 op, 392210900.00 ns, 78.4422 ms/op
WorkloadActual   5: 5 op, 361118200.00 ns, 72.2236 ms/op
WorkloadActual   6: 5 op, 381905300.00 ns, 76.3811 ms/op
WorkloadActual   7: 5 op, 377594600.00 ns, 75.5189 ms/op
WorkloadActual   8: 5 op, 362885600.00 ns, 72.5771 ms/op
WorkloadActual   9: 5 op, 354467100.00 ns, 70.8934 ms/op
WorkloadActual  10: 5 op, 384067600.00 ns, 76.8135 ms/op
WorkloadActual  11: 5 op, 371095000.00 ns, 74.2190 ms/op
WorkloadActual  12: 5 op, 364428700.00 ns, 72.8857 ms/op
WorkloadActual  13: 5 op, 364765500.00 ns, 72.9531 ms/op
WorkloadActual  14: 5 op, 363090800.00 ns, 72.6182 ms/op
WorkloadActual  15: 5 op, 395237700.00 ns, 79.0475 ms/op
WorkloadActual  16: 5 op, 404672000.00 ns, 80.9344 ms/op
WorkloadActual  17: 5 op, 387341400.00 ns, 77.4683 ms/op
WorkloadActual  18: 5 op, 422948300.00 ns, 84.5897 ms/op
WorkloadActual  19: 5 op, 417112600.00 ns, 83.4225 ms/op
WorkloadActual  20: 5 op, 378340000.00 ns, 75.6680 ms/op
WorkloadActual  21: 5 op, 365188400.00 ns, 73.0377 ms/op
WorkloadActual  22: 5 op, 357528700.00 ns, 71.5057 ms/op
WorkloadActual  23: 5 op, 351386900.00 ns, 70.2774 ms/op
WorkloadActual  24: 5 op, 374305500.00 ns, 74.8611 ms/op
WorkloadActual  25: 5 op, 373916400.00 ns, 74.7833 ms/op
WorkloadActual  26: 5 op, 393255500.00 ns, 78.6511 ms/op
WorkloadActual  27: 5 op, 369536100.00 ns, 73.9072 ms/op
WorkloadActual  28: 5 op, 379157500.00 ns, 75.8315 ms/op
WorkloadActual  29: 5 op, 364813200.00 ns, 72.9626 ms/op
WorkloadActual  30: 5 op, 391280700.00 ns, 78.2561 ms/op
WorkloadActual  31: 5 op, 388624400.00 ns, 77.7249 ms/op
WorkloadActual  32: 5 op, 356005800.00 ns, 71.2012 ms/op
WorkloadActual  33: 5 op, 362290900.00 ns, 72.4582 ms/op
WorkloadActual  34: 5 op, 359202400.00 ns, 71.8405 ms/op
WorkloadActual  35: 5 op, 360465100.00 ns, 72.0930 ms/op
WorkloadActual  36: 5 op, 398921500.00 ns, 79.7843 ms/op
WorkloadActual  37: 5 op, 392239300.00 ns, 78.4479 ms/op
WorkloadActual  38: 5 op, 403976100.00 ns, 80.7952 ms/op
WorkloadActual  39: 5 op, 375115100.00 ns, 75.0230 ms/op
WorkloadActual  40: 5 op, 403226100.00 ns, 80.6452 ms/op
WorkloadActual  41: 5 op, 391359800.00 ns, 78.2720 ms/op
WorkloadActual  42: 5 op, 376485600.00 ns, 75.2971 ms/op
WorkloadActual  43: 5 op, 359180100.00 ns, 71.8360 ms/op
WorkloadActual  44: 5 op, 361024300.00 ns, 72.2049 ms/op
WorkloadActual  45: 5 op, 368704600.00 ns, 73.7409 ms/op
WorkloadActual  46: 5 op, 363630200.00 ns, 72.7260 ms/op
WorkloadActual  47: 5 op, 371266100.00 ns, 74.2532 ms/op
WorkloadActual  48: 5 op, 354350500.00 ns, 70.8701 ms/op
WorkloadActual  49: 5 op, 362854600.00 ns, 72.5709 ms/op
WorkloadActual  50: 5 op, 370029400.00 ns, 74.0059 ms/op
WorkloadActual  51: 5 op, 357988200.00 ns, 71.5976 ms/op
WorkloadActual  52: 5 op, 349240600.00 ns, 69.8481 ms/op
WorkloadActual  53: 5 op, 382239000.00 ns, 76.4478 ms/op
WorkloadActual  54: 5 op, 381811500.00 ns, 76.3623 ms/op
WorkloadActual  55: 5 op, 373184400.00 ns, 74.6369 ms/op
WorkloadActual  56: 5 op, 368540800.00 ns, 73.7082 ms/op
WorkloadActual  57: 5 op, 353234200.00 ns, 70.6468 ms/op
WorkloadActual  58: 5 op, 365732400.00 ns, 73.1465 ms/op
WorkloadActual  59: 5 op, 375876200.00 ns, 75.1752 ms/op
WorkloadActual  60: 5 op, 405612000.00 ns, 81.1224 ms/op
WorkloadActual  61: 5 op, 526866700.00 ns, 105.3733 ms/op
WorkloadActual  62: 5 op, 509358700.00 ns, 101.8717 ms/op
WorkloadActual  63: 5 op, 472546400.00 ns, 94.5093 ms/op
WorkloadActual  64: 5 op, 515202800.00 ns, 103.0406 ms/op
WorkloadActual  65: 5 op, 498178900.00 ns, 99.6358 ms/op
WorkloadActual  66: 5 op, 501658200.00 ns, 100.3316 ms/op
WorkloadActual  67: 5 op, 502265600.00 ns, 100.4531 ms/op
WorkloadActual  68: 5 op, 444455300.00 ns, 88.8911 ms/op
WorkloadActual  69: 5 op, 420548100.00 ns, 84.1096 ms/op
WorkloadActual  70: 5 op, 480460300.00 ns, 96.0921 ms/op
WorkloadActual  71: 5 op, 505242100.00 ns, 101.0484 ms/op
WorkloadActual  72: 5 op, 534168200.00 ns, 106.8336 ms/op
WorkloadActual  73: 5 op, 380242400.00 ns, 76.0485 ms/op
WorkloadActual  74: 5 op, 511635800.00 ns, 102.3272 ms/op
WorkloadActual  75: 5 op, 452534300.00 ns, 90.5069 ms/op
WorkloadActual  76: 5 op, 475867500.00 ns, 95.1735 ms/op
WorkloadActual  77: 5 op, 383222200.00 ns, 76.6444 ms/op
WorkloadActual  78: 5 op, 404381100.00 ns, 80.8762 ms/op
WorkloadActual  79: 5 op, 374408500.00 ns, 74.8817 ms/op
WorkloadActual  80: 5 op, 336482900.00 ns, 67.2966 ms/op
WorkloadActual  81: 5 op, 339365900.00 ns, 67.8732 ms/op
WorkloadActual  82: 5 op, 351391900.00 ns, 70.2784 ms/op
WorkloadActual  83: 5 op, 343945900.00 ns, 68.7892 ms/op
WorkloadActual  84: 5 op, 340714600.00 ns, 68.1429 ms/op
WorkloadActual  85: 5 op, 435970500.00 ns, 87.1941 ms/op
WorkloadActual  86: 5 op, 405356200.00 ns, 81.0712 ms/op
WorkloadActual  87: 5 op, 451250800.00 ns, 90.2502 ms/op
WorkloadActual  88: 5 op, 427901800.00 ns, 85.5804 ms/op
WorkloadActual  89: 5 op, 526876100.00 ns, 105.3752 ms/op
WorkloadActual  90: 5 op, 453414400.00 ns, 90.6829 ms/op
WorkloadActual  91: 5 op, 364022900.00 ns, 72.8046 ms/op
WorkloadActual  92: 5 op, 424681000.00 ns, 84.9362 ms/op
WorkloadActual  93: 5 op, 452509100.00 ns, 90.5018 ms/op
WorkloadActual  94: 5 op, 465587300.00 ns, 93.1175 ms/op
WorkloadActual  95: 5 op, 475786500.00 ns, 95.1573 ms/op
WorkloadActual  96: 5 op, 396041500.00 ns, 79.2083 ms/op
WorkloadActual  97: 5 op, 345806000.00 ns, 69.1612 ms/op
WorkloadActual  98: 5 op, 491314800.00 ns, 98.2630 ms/op
WorkloadActual  99: 5 op, 483917100.00 ns, 96.7834 ms/op
WorkloadActual  100: 5 op, 448783100.00 ns, 89.7566 ms/op

// AfterActualRun
WorkloadResult   1: 5 op, 543115600.00 ns, 108.6231 ms/op
WorkloadResult   2: 5 op, 548175800.00 ns, 109.6352 ms/op
WorkloadResult   3: 5 op, 528523900.00 ns, 105.7048 ms/op
WorkloadResult   4: 5 op, 392210900.00 ns, 78.4422 ms/op
WorkloadResult   5: 5 op, 361118200.00 ns, 72.2236 ms/op
WorkloadResult   6: 5 op, 381905300.00 ns, 76.3811 ms/op
WorkloadResult   7: 5 op, 377594600.00 ns, 75.5189 ms/op
WorkloadResult   8: 5 op, 362885600.00 ns, 72.5771 ms/op
WorkloadResult   9: 5 op, 354467100.00 ns, 70.8934 ms/op
WorkloadResult  10: 5 op, 384067600.00 ns, 76.8135 ms/op
WorkloadResult  11: 5 op, 371095000.00 ns, 74.2190 ms/op
WorkloadResult  12: 5 op, 364428700.00 ns, 72.8857 ms/op
WorkloadResult  13: 5 op, 364765500.00 ns, 72.9531 ms/op
WorkloadResult  14: 5 op, 363090800.00 ns, 72.6182 ms/op
WorkloadResult  15: 5 op, 395237700.00 ns, 79.0475 ms/op
WorkloadResult  16: 5 op, 404672000.00 ns, 80.9344 ms/op
WorkloadResult  17: 5 op, 387341400.00 ns, 77.4683 ms/op
WorkloadResult  18: 5 op, 422948300.00 ns, 84.5897 ms/op
WorkloadResult  19: 5 op, 417112600.00 ns, 83.4225 ms/op
WorkloadResult  20: 5 op, 378340000.00 ns, 75.6680 ms/op
WorkloadResult  21: 5 op, 365188400.00 ns, 73.0377 ms/op
WorkloadResult  22: 5 op, 357528700.00 ns, 71.5057 ms/op
WorkloadResult  23: 5 op, 351386900.00 ns, 70.2774 ms/op
WorkloadResult  24: 5 op, 374305500.00 ns, 74.8611 ms/op
WorkloadResult  25: 5 op, 373916400.00 ns, 74.7833 ms/op
WorkloadResult  26: 5 op, 393255500.00 ns, 78.6511 ms/op
WorkloadResult  27: 5 op, 369536100.00 ns, 73.9072 ms/op
WorkloadResult  28: 5 op, 379157500.00 ns, 75.8315 ms/op
WorkloadResult  29: 5 op, 364813200.00 ns, 72.9626 ms/op
WorkloadResult  30: 5 op, 391280700.00 ns, 78.2561 ms/op
WorkloadResult  31: 5 op, 388624400.00 ns, 77.7249 ms/op
WorkloadResult  32: 5 op, 356005800.00 ns, 71.2012 ms/op
WorkloadResult  33: 5 op, 362290900.00 ns, 72.4582 ms/op
WorkloadResult  34: 5 op, 359202400.00 ns, 71.8405 ms/op
WorkloadResult  35: 5 op, 360465100.00 ns, 72.0930 ms/op
WorkloadResult  36: 5 op, 398921500.00 ns, 79.7843 ms/op
WorkloadResult  37: 5 op, 392239300.00 ns, 78.4479 ms/op
WorkloadResult  38: 5 op, 403976100.00 ns, 80.7952 ms/op
WorkloadResult  39: 5 op, 375115100.00 ns, 75.0230 ms/op
WorkloadResult  40: 5 op, 403226100.00 ns, 80.6452 ms/op
WorkloadResult  41: 5 op, 391359800.00 ns, 78.2720 ms/op
WorkloadResult  42: 5 op, 376485600.00 ns, 75.2971 ms/op
WorkloadResult  43: 5 op, 359180100.00 ns, 71.8360 ms/op
WorkloadResult  44: 5 op, 361024300.00 ns, 72.2049 ms/op
WorkloadResult  45: 5 op, 368704600.00 ns, 73.7409 ms/op
WorkloadResult  46: 5 op, 363630200.00 ns, 72.7260 ms/op
WorkloadResult  47: 5 op, 371266100.00 ns, 74.2532 ms/op
WorkloadResult  48: 5 op, 354350500.00 ns, 70.8701 ms/op
WorkloadResult  49: 5 op, 362854600.00 ns, 72.5709 ms/op
WorkloadResult  50: 5 op, 370029400.00 ns, 74.0059 ms/op
WorkloadResult  51: 5 op, 357988200.00 ns, 71.5976 ms/op
WorkloadResult  52: 5 op, 349240600.00 ns, 69.8481 ms/op
WorkloadResult  53: 5 op, 382239000.00 ns, 76.4478 ms/op
WorkloadResult  54: 5 op, 381811500.00 ns, 76.3623 ms/op
WorkloadResult  55: 5 op, 373184400.00 ns, 74.6369 ms/op
WorkloadResult  56: 5 op, 368540800.00 ns, 73.7082 ms/op
WorkloadResult  57: 5 op, 353234200.00 ns, 70.6468 ms/op
WorkloadResult  58: 5 op, 365732400.00 ns, 73.1465 ms/op
WorkloadResult  59: 5 op, 375876200.00 ns, 75.1752 ms/op
WorkloadResult  60: 5 op, 405612000.00 ns, 81.1224 ms/op
WorkloadResult  61: 5 op, 526866700.00 ns, 105.3733 ms/op
WorkloadResult  62: 5 op, 509358700.00 ns, 101.8717 ms/op
WorkloadResult  63: 5 op, 472546400.00 ns, 94.5093 ms/op
WorkloadResult  64: 5 op, 515202800.00 ns, 103.0406 ms/op
WorkloadResult  65: 5 op, 498178900.00 ns, 99.6358 ms/op
WorkloadResult  66: 5 op, 501658200.00 ns, 100.3316 ms/op
WorkloadResult  67: 5 op, 502265600.00 ns, 100.4531 ms/op
WorkloadResult  68: 5 op, 444455300.00 ns, 88.8911 ms/op
WorkloadResult  69: 5 op, 420548100.00 ns, 84.1096 ms/op
WorkloadResult  70: 5 op, 480460300.00 ns, 96.0921 ms/op
WorkloadResult  71: 5 op, 505242100.00 ns, 101.0484 ms/op
WorkloadResult  72: 5 op, 534168200.00 ns, 106.8336 ms/op
WorkloadResult  73: 5 op, 380242400.00 ns, 76.0485 ms/op
WorkloadResult  74: 5 op, 511635800.00 ns, 102.3272 ms/op
WorkloadResult  75: 5 op, 452534300.00 ns, 90.5069 ms/op
WorkloadResult  76: 5 op, 475867500.00 ns, 95.1735 ms/op
WorkloadResult  77: 5 op, 383222200.00 ns, 76.6444 ms/op
WorkloadResult  78: 5 op, 404381100.00 ns, 80.8762 ms/op
WorkloadResult  79: 5 op, 374408500.00 ns, 74.8817 ms/op
WorkloadResult  80: 5 op, 336482900.00 ns, 67.2966 ms/op
WorkloadResult  81: 5 op, 339365900.00 ns, 67.8732 ms/op
WorkloadResult  82: 5 op, 351391900.00 ns, 70.2784 ms/op
WorkloadResult  83: 5 op, 343945900.00 ns, 68.7892 ms/op
WorkloadResult  84: 5 op, 340714600.00 ns, 68.1429 ms/op
WorkloadResult  85: 5 op, 435970500.00 ns, 87.1941 ms/op
WorkloadResult  86: 5 op, 405356200.00 ns, 81.0712 ms/op
WorkloadResult  87: 5 op, 451250800.00 ns, 90.2502 ms/op
WorkloadResult  88: 5 op, 427901800.00 ns, 85.5804 ms/op
WorkloadResult  89: 5 op, 526876100.00 ns, 105.3752 ms/op
WorkloadResult  90: 5 op, 453414400.00 ns, 90.6829 ms/op
WorkloadResult  91: 5 op, 364022900.00 ns, 72.8046 ms/op
WorkloadResult  92: 5 op, 424681000.00 ns, 84.9362 ms/op
WorkloadResult  93: 5 op, 452509100.00 ns, 90.5018 ms/op
WorkloadResult  94: 5 op, 465587300.00 ns, 93.1175 ms/op
WorkloadResult  95: 5 op, 475786500.00 ns, 95.1573 ms/op
WorkloadResult  96: 5 op, 396041500.00 ns, 79.2083 ms/op
WorkloadResult  97: 5 op, 345806000.00 ns, 69.1612 ms/op
WorkloadResult  98: 5 op, 491314800.00 ns, 98.2630 ms/op
WorkloadResult  99: 5 op, 483917100.00 ns, 96.7834 ms/op
WorkloadResult  100: 5 op, 448783100.00 ns, 89.7566 ms/op
// GC:  0 0 0 2640 5
// Threading:  0 0 5

// AfterAll
// Benchmark Process 28740 has exited with code 0.

Mean = 81.340 ms, StdErr = 1.135 ms (1.40%), N = 100, StdDev = 11.348 ms
Min = 67.297 ms, Q1 = 72.865 ms, Median = 76.546 ms, Q3 = 89.107 ms, Max = 109.635 ms
IQR = 16.242 ms, LowerFence = 48.502 ms, UpperFence = 113.470 ms
ConfidenceInterval = [77.492 ms; 85.189 ms] (CI 99.9%), Margin = 3.849 ms (4.73% of Mean)
Skewness = 0.99, Kurtosis = 2.71, MValue = 2.49

// ** Remained 9 (15.8%) benchmark(s) to run. Estimated finish 2026-05-10 23:17 (0h 4m from now) **
Setup power plan (GUID: 8c5e7fda-e8bf-4a96-9a85-a6e23a8c635c FriendlyName: 高效能)
// **************************
// Benchmark: RangeBenchmark.'BPT  Range': DefaultJob [Ratio=0.5, N=10000]
// *** Execute ***
// Launch: 1 / 1
// Execute: dotnet bplus-tree-benchmark-Job-CNUJVU-1.dll --anonymousPipes 2032 1512 --benchmarkName "RangeBenchmark.BPT_Range(Ratio: 0.5, N: 10000)" --job Default --benchmarkId 48 in C:\Users\chentingwei\bplus-tree\bplus-tree-benchmark\bin\Release\net10.0\bplus-tree-benchmark-Job-CNUJVU-1\bin\Release\net10.0
// BeforeAnythingElse

// Benchmark Process Environment Information:
// BenchmarkDotNet v0.15.2
// Runtime=.NET 10.0.7 (10.0.726.21808), X64 RyuJIT AVX-512F+CD+BW+DQ+VL+VBMI
// GC=Concurrent Workstation
// HardwareIntrinsics=AVX-512F+CD+BW+DQ+VL+VBMI,AES,BMI1,BMI2,FMA,LZCNT,PCLMUL,POPCNT VectorSize=256
// Job: DefaultJob

OverheadJitting  1: 1 op, 538100.00 ns, 538.1000 us/op
WorkloadJitting  1: 1 op, 1111700.00 ns, 1.1117 ms/op

OverheadJitting  2: 16 op, 319900.00 ns, 19.9938 us/op
WorkloadJitting  2: 16 op, 2167900.00 ns, 135.4938 us/op

WorkloadPilot    1: 16 op, 1297300.00 ns, 81.0813 us/op
WorkloadPilot    2: 32 op, 2373100.00 ns, 74.1594 us/op
WorkloadPilot    3: 64 op, 4624500.00 ns, 72.2578 us/op
WorkloadPilot    4: 128 op, 9201100.00 ns, 71.8836 us/op
WorkloadPilot    5: 256 op, 18561000.00 ns, 72.5039 us/op
WorkloadPilot    6: 512 op, 36886800.00 ns, 72.0445 us/op
WorkloadPilot    7: 1024 op, 74384100.00 ns, 72.6407 us/op
WorkloadPilot    8: 2048 op, 94438200.00 ns, 46.1124 us/op
WorkloadPilot    9: 4096 op, 132657500.00 ns, 32.3871 us/op
WorkloadPilot   10: 8192 op, 275217300.00 ns, 33.5959 us/op
WorkloadPilot   11: 16384 op, 537414200.00 ns, 32.8012 us/op

OverheadWarmup   1: 16384 op, 34500.00 ns, 2.1057 ns/op
OverheadWarmup   2: 16384 op, 33600.00 ns, 2.0508 ns/op
OverheadWarmup   3: 16384 op, 33100.00 ns, 2.0203 ns/op
OverheadWarmup   4: 16384 op, 33000.00 ns, 2.0142 ns/op
OverheadWarmup   5: 16384 op, 33700.00 ns, 2.0569 ns/op
OverheadWarmup   6: 16384 op, 33100.00 ns, 2.0203 ns/op
OverheadWarmup   7: 16384 op, 33100.00 ns, 2.0203 ns/op
OverheadWarmup   8: 16384 op, 33000.00 ns, 2.0142 ns/op

OverheadActual   1: 16384 op, 34500.00 ns, 2.1057 ns/op
OverheadActual   2: 16384 op, 33400.00 ns, 2.0386 ns/op
OverheadActual   3: 16384 op, 33400.00 ns, 2.0386 ns/op
OverheadActual   4: 16384 op, 37000.00 ns, 2.2583 ns/op
OverheadActual   5: 16384 op, 33800.00 ns, 2.0630 ns/op
OverheadActual   6: 16384 op, 33100.00 ns, 2.0203 ns/op
OverheadActual   7: 16384 op, 33000.00 ns, 2.0142 ns/op
OverheadActual   8: 16384 op, 33100.00 ns, 2.0203 ns/op
OverheadActual   9: 16384 op, 33800.00 ns, 2.0630 ns/op
OverheadActual  10: 16384 op, 33100.00 ns, 2.0203 ns/op
OverheadActual  11: 16384 op, 33200.00 ns, 2.0264 ns/op
OverheadActual  12: 16384 op, 33100.00 ns, 2.0203 ns/op
OverheadActual  13: 16384 op, 35200.00 ns, 2.1484 ns/op
OverheadActual  14: 16384 op, 33300.00 ns, 2.0325 ns/op
OverheadActual  15: 16384 op, 33200.00 ns, 2.0264 ns/op

OverheadWarmup   1: 16384 op, 33100.00 ns, 2.0203 ns/op
OverheadWarmup   2: 16384 op, 33600.00 ns, 2.0508 ns/op
OverheadWarmup   3: 16384 op, 33100.00 ns, 2.0203 ns/op
OverheadWarmup   4: 16384 op, 33100.00 ns, 2.0203 ns/op
OverheadWarmup   5: 16384 op, 33200.00 ns, 2.0264 ns/op
OverheadWarmup   6: 16384 op, 33800.00 ns, 2.0630 ns/op

// BeforeActualRun
WorkloadActual   1: 16384 op, 529974000.00 ns, 32.3470 us/op
WorkloadActual   2: 16384 op, 539673600.00 ns, 32.9391 us/op
WorkloadActual   3: 16384 op, 540122300.00 ns, 32.9664 us/op
WorkloadActual   4: 16384 op, 548827000.00 ns, 33.4977 us/op
WorkloadActual   5: 16384 op, 545665800.00 ns, 33.3048 us/op
WorkloadActual   6: 16384 op, 524926600.00 ns, 32.0390 us/op
WorkloadActual   7: 16384 op, 537281900.00 ns, 32.7931 us/op
WorkloadActual   8: 16384 op, 522546500.00 ns, 31.8937 us/op
WorkloadActual   9: 16384 op, 524640800.00 ns, 32.0215 us/op
WorkloadActual  10: 16384 op, 524850000.00 ns, 32.0343 us/op
WorkloadActual  11: 16384 op, 535961700.00 ns, 32.7125 us/op
WorkloadActual  12: 16384 op, 537350200.00 ns, 32.7973 us/op
WorkloadActual  13: 16384 op, 586163000.00 ns, 35.7766 us/op
WorkloadActual  14: 16384 op, 532945800.00 ns, 32.5284 us/op
WorkloadActual  15: 16384 op, 529457600.00 ns, 32.3155 us/op

// AfterActualRun
WorkloadResult   1: 16384 op, 529940700.00 ns, 32.3450 us/op
WorkloadResult   2: 16384 op, 539640300.00 ns, 32.9370 us/op
WorkloadResult   3: 16384 op, 540089000.00 ns, 32.9644 us/op
WorkloadResult   4: 16384 op, 548793700.00 ns, 33.4957 us/op
WorkloadResult   5: 16384 op, 545632500.00 ns, 33.3028 us/op
WorkloadResult   6: 16384 op, 524893300.00 ns, 32.0369 us/op
WorkloadResult   7: 16384 op, 537248600.00 ns, 32.7911 us/op
WorkloadResult   8: 16384 op, 522513200.00 ns, 31.8917 us/op
WorkloadResult   9: 16384 op, 524607500.00 ns, 32.0195 us/op
WorkloadResult  10: 16384 op, 524816700.00 ns, 32.0323 us/op
WorkloadResult  11: 16384 op, 535928400.00 ns, 32.7105 us/op
WorkloadResult  12: 16384 op, 537316900.00 ns, 32.7952 us/op
WorkloadResult  13: 16384 op, 532912500.00 ns, 32.5264 us/op
WorkloadResult  14: 16384 op, 529424300.00 ns, 32.3135 us/op
// GC:  0 0 0 1179648 16384
// Threading:  0 0 16384

// AfterAll
// Benchmark Process 1700 has exited with code 0.

Mean = 32.583 μs, StdErr = 0.134 μs (0.41%), N = 14, StdDev = 0.500 μs
Min = 31.892 μs, Q1 = 32.106 μs, Median = 32.618 μs, Q3 = 32.902 μs, Max = 33.496 μs
IQR = 0.795 μs, LowerFence = 30.913 μs, UpperFence = 34.095 μs
ConfidenceInterval = [32.018 μs; 33.148 μs] (CI 99.9%), Margin = 0.565 μs (1.73% of Mean)
Skewness = 0.22, Kurtosis = 1.73, MValue = 2

// ** Remained 8 (14.0%) benchmark(s) to run. Estimated finish 2026-05-10 23:17 (0h 4m from now) **
Setup power plan (GUID: 8c5e7fda-e8bf-4a96-9a85-a6e23a8c635c FriendlyName: 高效能)
// **************************
// Benchmark: RangeBenchmark.'SD   Range (foreach+break)': DefaultJob [Ratio=0.5, N=10000]
// *** Execute ***
// Launch: 1 / 1
// Execute: dotnet bplus-tree-benchmark-Job-CNUJVU-1.dll --anonymousPipes 1972 2024 --benchmarkName "RangeBenchmark.SD_Range_ForEachBreak(Ratio: 0.5, N: 10000)" --job Default --benchmarkId 49 in C:\Users\chentingwei\bplus-tree\bplus-tree-benchmark\bin\Release\net10.0\bplus-tree-benchmark-Job-CNUJVU-1\bin\Release\net10.0
// BeforeAnythingElse

// Benchmark Process Environment Information:
// BenchmarkDotNet v0.15.2
// Runtime=.NET 10.0.7 (10.0.726.21808), X64 RyuJIT AVX-512F+CD+BW+DQ+VL+VBMI
// GC=Concurrent Workstation
// HardwareIntrinsics=AVX-512F+CD+BW+DQ+VL+VBMI,AES,BMI1,BMI2,FMA,LZCNT,PCLMUL,POPCNT VectorSize=256
// Job: DefaultJob

OverheadJitting  1: 1 op, 818000.00 ns, 818.0000 us/op
WorkloadJitting  1: 1 op, 2319200.00 ns, 2.3192 ms/op

OverheadJitting  2: 16 op, 323600.00 ns, 20.2250 us/op
WorkloadJitting  2: 16 op, 3884600.00 ns, 242.7875 us/op

WorkloadPilot    1: 16 op, 1413700.00 ns, 88.3563 us/op
WorkloadPilot    2: 32 op, 2499700.00 ns, 78.1156 us/op
WorkloadPilot    3: 64 op, 4538400.00 ns, 70.9125 us/op
WorkloadPilot    4: 128 op, 9320900.00 ns, 72.8195 us/op
WorkloadPilot    5: 256 op, 18930800.00 ns, 73.9484 us/op
WorkloadPilot    6: 512 op, 35719100.00 ns, 69.7639 us/op
WorkloadPilot    7: 1024 op, 70167600.00 ns, 68.5230 us/op
WorkloadPilot    8: 2048 op, 78279000.00 ns, 38.2222 us/op
WorkloadPilot    9: 4096 op, 76737500.00 ns, 18.7347 us/op
WorkloadPilot   10: 8192 op, 150580400.00 ns, 18.3814 us/op
WorkloadPilot   11: 16384 op, 333804300.00 ns, 20.3738 us/op
WorkloadPilot   12: 32768 op, 634444000.00 ns, 19.3617 us/op

OverheadWarmup   1: 32768 op, 63600.00 ns, 1.9409 ns/op
OverheadWarmup   2: 32768 op, 62400.00 ns, 1.9043 ns/op
OverheadWarmup   3: 32768 op, 62600.00 ns, 1.9104 ns/op
OverheadWarmup   4: 32768 op, 62300.00 ns, 1.9012 ns/op
OverheadWarmup   5: 32768 op, 66300.00 ns, 2.0233 ns/op
OverheadWarmup   6: 32768 op, 62300.00 ns, 1.9012 ns/op

OverheadActual   1: 32768 op, 62800.00 ns, 1.9165 ns/op
OverheadActual   2: 32768 op, 62800.00 ns, 1.9165 ns/op
OverheadActual   3: 32768 op, 62800.00 ns, 1.9165 ns/op
OverheadActual   4: 32768 op, 62400.00 ns, 1.9043 ns/op
OverheadActual   5: 32768 op, 62800.00 ns, 1.9165 ns/op
OverheadActual   6: 32768 op, 66000.00 ns, 2.0142 ns/op
OverheadActual   7: 32768 op, 62600.00 ns, 1.9104 ns/op
OverheadActual   8: 32768 op, 65800.00 ns, 2.0081 ns/op
OverheadActual   9: 32768 op, 63400.00 ns, 1.9348 ns/op
OverheadActual  10: 32768 op, 62400.00 ns, 1.9043 ns/op
OverheadActual  11: 32768 op, 62600.00 ns, 1.9104 ns/op
OverheadActual  12: 32768 op, 62400.00 ns, 1.9043 ns/op
OverheadActual  13: 32768 op, 62600.00 ns, 1.9104 ns/op
OverheadActual  14: 32768 op, 62400.00 ns, 1.9043 ns/op
OverheadActual  15: 32768 op, 64000.00 ns, 1.9531 ns/op

OverheadWarmup   1: 32768 op, 63800.00 ns, 1.9470 ns/op
OverheadWarmup   2: 32768 op, 62600.00 ns, 1.9104 ns/op
OverheadWarmup   3: 32768 op, 63800.00 ns, 1.9470 ns/op
OverheadWarmup   4: 32768 op, 64100.00 ns, 1.9562 ns/op
OverheadWarmup   5: 32768 op, 63800.00 ns, 1.9470 ns/op
OverheadWarmup   6: 32768 op, 64000.00 ns, 1.9531 ns/op
OverheadWarmup   7: 32768 op, 63800.00 ns, 1.9470 ns/op

// BeforeActualRun
WorkloadActual   1: 32768 op, 631432500.00 ns, 19.2698 us/op
WorkloadActual   2: 32768 op, 642093500.00 ns, 19.5951 us/op
WorkloadActual   3: 32768 op, 642589800.00 ns, 19.6103 us/op
WorkloadActual   4: 32768 op, 633679200.00 ns, 19.3384 us/op
WorkloadActual   5: 32768 op, 623243200.00 ns, 19.0199 us/op
WorkloadActual   6: 32768 op, 635259300.00 ns, 19.3866 us/op
WorkloadActual   7: 32768 op, 633458800.00 ns, 19.3316 us/op
WorkloadActual   8: 32768 op, 642835300.00 ns, 19.6178 us/op
WorkloadActual   9: 32768 op, 657885000.00 ns, 20.0771 us/op
WorkloadActual  10: 32768 op, 632738200.00 ns, 19.3096 us/op
WorkloadActual  11: 32768 op, 649104200.00 ns, 19.8091 us/op
WorkloadActual  12: 32768 op, 642170300.00 ns, 19.5975 us/op
WorkloadActual  13: 32768 op, 633982900.00 ns, 19.3476 us/op
WorkloadActual  14: 32768 op, 646977000.00 ns, 19.7442 us/op
WorkloadActual  15: 32768 op, 622343400.00 ns, 18.9924 us/op

// AfterActualRun
WorkloadResult   1: 32768 op, 631369700.00 ns, 19.2679 us/op
WorkloadResult   2: 32768 op, 642030700.00 ns, 19.5932 us/op
WorkloadResult   3: 32768 op, 642527000.00 ns, 19.6084 us/op
WorkloadResult   4: 32768 op, 633616400.00 ns, 19.3364 us/op
WorkloadResult   5: 32768 op, 623180400.00 ns, 19.0180 us/op
WorkloadResult   6: 32768 op, 635196500.00 ns, 19.3847 us/op
WorkloadResult   7: 32768 op, 633396000.00 ns, 19.3297 us/op
WorkloadResult   8: 32768 op, 642772500.00 ns, 19.6159 us/op
WorkloadResult   9: 32768 op, 632675400.00 ns, 19.3077 us/op
WorkloadResult  10: 32768 op, 649041400.00 ns, 19.8072 us/op
WorkloadResult  11: 32768 op, 642107500.00 ns, 19.5956 us/op
WorkloadResult  12: 32768 op, 633920100.00 ns, 19.3457 us/op
WorkloadResult  13: 32768 op, 646914200.00 ns, 19.7423 us/op
WorkloadResult  14: 32768 op, 622280600.00 ns, 18.9905 us/op
// GC:  0 0 0 8650752 32768
// Threading:  0 0 32768

// AfterAll
// Benchmark Process 29776 has exited with code 0.

Mean = 19.425 μs, StdErr = 0.066 μs (0.34%), N = 14, StdDev = 0.247 μs
Min = 18.990 μs, Q1 = 19.313 μs, Median = 19.365 μs, Q3 = 19.605 μs, Max = 19.807 μs
IQR = 0.292 μs, LowerFence = 18.875 μs, UpperFence = 20.043 μs
ConfidenceInterval = [19.146 μs; 19.703 μs] (CI 99.9%), Margin = 0.278 μs (1.43% of Mean)
Skewness = -0.22, Kurtosis = 1.92, MValue = 2

// ** Remained 7 (12.3%) benchmark(s) to run. Estimated finish 2026-05-10 23:17 (0h 3m from now) **
Setup power plan (GUID: 8c5e7fda-e8bf-4a96-9a85-a6e23a8c635c FriendlyName: 高效能)
// **************************
// Benchmark: RangeBenchmark.'SD   Range (LINQ)': DefaultJob [Ratio=0.5, N=10000]
// *** Execute ***
// Launch: 1 / 1
// Execute: dotnet bplus-tree-benchmark-Job-CNUJVU-1.dll --anonymousPipes 1864 1868 --benchmarkName "RangeBenchmark.SD_Range_Linq(Ratio: 0.5, N: 10000)" --job Default --benchmarkId 50 in C:\Users\chentingwei\bplus-tree\bplus-tree-benchmark\bin\Release\net10.0\bplus-tree-benchmark-Job-CNUJVU-1\bin\Release\net10.0
// BeforeAnythingElse

// Benchmark Process Environment Information:
// BenchmarkDotNet v0.15.2
// Runtime=.NET 10.0.7 (10.0.726.21808), X64 RyuJIT AVX-512F+CD+BW+DQ+VL+VBMI
// GC=Concurrent Workstation
// HardwareIntrinsics=AVX-512F+CD+BW+DQ+VL+VBMI,AES,BMI1,BMI2,FMA,LZCNT,PCLMUL,POPCNT VectorSize=256
// Job: DefaultJob

OverheadJitting  1: 1 op, 608300.00 ns, 608.3000 us/op
WorkloadJitting  1: 1 op, 4165100.00 ns, 4.1651 ms/op

OverheadJitting  2: 16 op, 332600.00 ns, 20.7875 us/op
WorkloadJitting  2: 16 op, 10440500.00 ns, 652.5313 us/op

WorkloadPilot    1: 16 op, 8226400.00 ns, 514.1500 us/op
WorkloadPilot    2: 32 op, 15996700.00 ns, 499.8969 us/op
WorkloadPilot    3: 64 op, 31497600.00 ns, 492.1500 us/op
WorkloadPilot    4: 128 op, 61853300.00 ns, 483.2289 us/op
WorkloadPilot    5: 256 op, 84637800.00 ns, 330.6164 us/op
WorkloadPilot    6: 512 op, 60229600.00 ns, 117.6359 us/op
WorkloadPilot    7: 1024 op, 121413400.00 ns, 118.5678 us/op
WorkloadPilot    8: 2048 op, 238091000.00 ns, 116.2554 us/op
WorkloadPilot    9: 4096 op, 462534100.00 ns, 112.9234 us/op
WorkloadPilot   10: 8192 op, 946297200.00 ns, 115.5148 us/op

OverheadWarmup   1: 8192 op, 17400.00 ns, 2.1240 ns/op
OverheadWarmup   2: 8192 op, 16000.00 ns, 1.9531 ns/op
OverheadWarmup   3: 8192 op, 16400.00 ns, 2.0020 ns/op
OverheadWarmup   4: 8192 op, 16300.00 ns, 1.9897 ns/op
OverheadWarmup   5: 8192 op, 15800.00 ns, 1.9287 ns/op
OverheadWarmup   6: 8192 op, 15800.00 ns, 1.9287 ns/op
OverheadWarmup   7: 8192 op, 15800.00 ns, 1.9287 ns/op

OverheadActual   1: 8192 op, 15900.00 ns, 1.9409 ns/op
OverheadActual   2: 8192 op, 17900.00 ns, 2.1851 ns/op
OverheadActual   3: 8192 op, 15900.00 ns, 1.9409 ns/op
OverheadActual   4: 8192 op, 15800.00 ns, 1.9287 ns/op
OverheadActual   5: 8192 op, 15900.00 ns, 1.9409 ns/op
OverheadActual   6: 8192 op, 15900.00 ns, 1.9409 ns/op
OverheadActual   7: 8192 op, 15900.00 ns, 1.9409 ns/op
OverheadActual   8: 8192 op, 15900.00 ns, 1.9409 ns/op
OverheadActual   9: 8192 op, 16200.00 ns, 1.9775 ns/op
OverheadActual  10: 8192 op, 16500.00 ns, 2.0142 ns/op
OverheadActual  11: 8192 op, 16200.00 ns, 1.9775 ns/op
OverheadActual  12: 8192 op, 16200.00 ns, 1.9775 ns/op
OverheadActual  13: 8192 op, 16200.00 ns, 1.9775 ns/op
OverheadActual  14: 8192 op, 16200.00 ns, 1.9775 ns/op
OverheadActual  15: 8192 op, 16200.00 ns, 1.9775 ns/op

OverheadWarmup   1: 8192 op, 16600.00 ns, 2.0264 ns/op
OverheadWarmup   2: 8192 op, 16900.00 ns, 2.0630 ns/op
OverheadWarmup   3: 8192 op, 17200.00 ns, 2.0996 ns/op
OverheadWarmup   4: 8192 op, 16900.00 ns, 2.0630 ns/op
OverheadWarmup   5: 8192 op, 17000.00 ns, 2.0752 ns/op
OverheadWarmup   6: 8192 op, 16900.00 ns, 2.0630 ns/op

// BeforeActualRun
WorkloadActual   1: 8192 op, 940621300.00 ns, 114.8219 us/op
WorkloadActual   2: 8192 op, 976553300.00 ns, 119.2082 us/op
WorkloadActual   3: 8192 op, 925395900.00 ns, 112.9634 us/op
WorkloadActual   4: 8192 op, 957655800.00 ns, 116.9013 us/op
WorkloadActual   5: 8192 op, 930094100.00 ns, 113.5369 us/op
WorkloadActual   6: 8192 op, 992269300.00 ns, 121.1266 us/op
WorkloadActual   7: 8192 op, 945574900.00 ns, 115.4266 us/op
WorkloadActual   8: 8192 op, 953220600.00 ns, 116.3599 us/op
WorkloadActual   9: 8192 op, 955537400.00 ns, 116.6427 us/op
WorkloadActual  10: 8192 op, 955508200.00 ns, 116.6392 us/op
WorkloadActual  11: 8192 op, 921332500.00 ns, 112.4673 us/op
WorkloadActual  12: 8192 op, 967613400.00 ns, 118.1169 us/op
WorkloadActual  13: 8192 op, 942588500.00 ns, 115.0621 us/op
WorkloadActual  14: 8192 op, 922894200.00 ns, 112.6580 us/op
WorkloadActual  15: 8192 op, 1010572600.00 ns, 123.3609 us/op
WorkloadActual  16: 8192 op, 942897400.00 ns, 115.0998 us/op
WorkloadActual  17: 8192 op, 945260200.00 ns, 115.3882 us/op

// AfterActualRun
WorkloadResult   1: 8192 op, 940605100.00 ns, 114.8200 us/op
WorkloadResult   2: 8192 op, 976537100.00 ns, 119.2062 us/op
WorkloadResult   3: 8192 op, 925379700.00 ns, 112.9614 us/op
WorkloadResult   4: 8192 op, 957639600.00 ns, 116.8994 us/op
WorkloadResult   5: 8192 op, 930077900.00 ns, 113.5349 us/op
WorkloadResult   6: 8192 op, 945558700.00 ns, 115.4246 us/op
WorkloadResult   7: 8192 op, 953204400.00 ns, 116.3580 us/op
WorkloadResult   8: 8192 op, 955521200.00 ns, 116.6408 us/op
WorkloadResult   9: 8192 op, 955492000.00 ns, 116.6372 us/op
WorkloadResult  10: 8192 op, 921316300.00 ns, 112.4654 us/op
WorkloadResult  11: 8192 op, 967597200.00 ns, 118.1149 us/op
WorkloadResult  12: 8192 op, 942572300.00 ns, 115.0601 us/op
WorkloadResult  13: 8192 op, 922878000.00 ns, 112.6560 us/op
WorkloadResult  14: 8192 op, 942881200.00 ns, 115.0978 us/op
WorkloadResult  15: 8192 op, 945244000.00 ns, 115.3862 us/op
// GC:  0 0 0 3538944 8192
// Threading:  0 0 8192

// AfterAll
// Benchmark Process 28012 has exited with code 0.

Mean = 115.418 μs, StdErr = 0.508 μs (0.44%), N = 15, StdDev = 1.968 μs
Min = 112.465 μs, Q1 = 114.177 μs, Median = 115.386 μs, Q3 = 116.639 μs, Max = 119.206 μs
IQR = 2.462 μs, LowerFence = 110.485 μs, UpperFence = 120.331 μs
ConfidenceInterval = [113.314 μs; 117.521 μs] (CI 99.9%), Margin = 2.103 μs (1.82% of Mean)
Skewness = 0.12, Kurtosis = 2.01, MValue = 2

// ** Remained 6 (10.5%) benchmark(s) to run. Estimated finish 2026-05-10 23:16 (0h 2m from now) **
Setup power plan (GUID: 8c5e7fda-e8bf-4a96-9a85-a6e23a8c635c FriendlyName: 高效能)
// **************************
// Benchmark: RangeBenchmark.'BPT  Range': DefaultJob [Ratio=0.5, N=100000]
// *** Execute ***
// Launch: 1 / 1
// Execute: dotnet bplus-tree-benchmark-Job-CNUJVU-1.dll --anonymousPipes 1332 1596 --benchmarkName "RangeBenchmark.BPT_Range(Ratio: 0.5, N: 100000)" --job Default --benchmarkId 51 in C:\Users\chentingwei\bplus-tree\bplus-tree-benchmark\bin\Release\net10.0\bplus-tree-benchmark-Job-CNUJVU-1\bin\Release\net10.0
// BeforeAnythingElse

// Benchmark Process Environment Information:
// BenchmarkDotNet v0.15.2
// Runtime=.NET 10.0.7 (10.0.726.21808), X64 RyuJIT AVX-512F+CD+BW+DQ+VL+VBMI
// GC=Concurrent Workstation
// HardwareIntrinsics=AVX-512F+CD+BW+DQ+VL+VBMI,AES,BMI1,BMI2,FMA,LZCNT,PCLMUL,POPCNT VectorSize=256
// Job: DefaultJob

OverheadJitting  1: 1 op, 625800.00 ns, 625.8000 us/op
WorkloadJitting  1: 1 op, 2519300.00 ns, 2.5193 ms/op

OverheadJitting  2: 16 op, 352000.00 ns, 22.0000 us/op
WorkloadJitting  2: 16 op, 10096300.00 ns, 631.0188 us/op

WorkloadPilot    1: 16 op, 9647400.00 ns, 602.9625 us/op
WorkloadPilot    2: 32 op, 19125600.00 ns, 597.6750 us/op
WorkloadPilot    3: 64 op, 37234600.00 ns, 581.7906 us/op
WorkloadPilot    4: 128 op, 56815800.00 ns, 443.8734 us/op
WorkloadPilot    5: 256 op, 84281300.00 ns, 329.2238 us/op
WorkloadPilot    6: 512 op, 167964700.00 ns, 328.0561 us/op
WorkloadPilot    7: 1024 op, 340280300.00 ns, 332.3050 us/op
WorkloadPilot    8: 2048 op, 679890900.00 ns, 331.9780 us/op

OverheadWarmup   1: 2048 op, 8800.00 ns, 4.2969 ns/op
OverheadWarmup   2: 2048 op, 5100.00 ns, 2.4902 ns/op
OverheadWarmup   3: 2048 op, 4900.00 ns, 2.3926 ns/op
OverheadWarmup   4: 2048 op, 5100.00 ns, 2.4902 ns/op
OverheadWarmup   5: 2048 op, 4900.00 ns, 2.3926 ns/op
OverheadWarmup   6: 2048 op, 5000.00 ns, 2.4414 ns/op
OverheadWarmup   7: 2048 op, 4900.00 ns, 2.3926 ns/op

OverheadActual   1: 2048 op, 5200.00 ns, 2.5391 ns/op
OverheadActual   2: 2048 op, 5400.00 ns, 2.6367 ns/op
OverheadActual   3: 2048 op, 5200.00 ns, 2.5391 ns/op
OverheadActual   4: 2048 op, 6900.00 ns, 3.3691 ns/op
OverheadActual   5: 2048 op, 5300.00 ns, 2.5879 ns/op
OverheadActual   6: 2048 op, 4900.00 ns, 2.3926 ns/op
OverheadActual   7: 2048 op, 4900.00 ns, 2.3926 ns/op
OverheadActual   8: 2048 op, 4900.00 ns, 2.3926 ns/op
OverheadActual   9: 2048 op, 5000.00 ns, 2.4414 ns/op
OverheadActual  10: 2048 op, 4800.00 ns, 2.3438 ns/op
OverheadActual  11: 2048 op, 4700.00 ns, 2.2949 ns/op
OverheadActual  12: 2048 op, 4600.00 ns, 2.2461 ns/op
OverheadActual  13: 2048 op, 5100.00 ns, 2.4902 ns/op
OverheadActual  14: 2048 op, 5100.00 ns, 2.4902 ns/op
OverheadActual  15: 2048 op, 5200.00 ns, 2.5391 ns/op
OverheadActual  16: 2048 op, 5500.00 ns, 2.6855 ns/op
OverheadActual  17: 2048 op, 5500.00 ns, 2.6855 ns/op
OverheadActual  18: 2048 op, 5200.00 ns, 2.5391 ns/op
OverheadActual  19: 2048 op, 5000.00 ns, 2.4414 ns/op

OverheadWarmup   1: 2048 op, 6000.00 ns, 2.9297 ns/op
OverheadWarmup   2: 2048 op, 5700.00 ns, 2.7832 ns/op
OverheadWarmup   3: 2048 op, 5100.00 ns, 2.4902 ns/op
OverheadWarmup   4: 2048 op, 5400.00 ns, 2.6367 ns/op
OverheadWarmup   5: 2048 op, 7000.00 ns, 3.4180 ns/op
OverheadWarmup   6: 2048 op, 5400.00 ns, 2.6367 ns/op
OverheadWarmup   7: 2048 op, 6700.00 ns, 3.2715 ns/op
OverheadWarmup   8: 2048 op, 4800.00 ns, 2.3438 ns/op

// BeforeActualRun
WorkloadActual   1: 2048 op, 682681600.00 ns, 333.3406 us/op
WorkloadActual   2: 2048 op, 685940000.00 ns, 334.9316 us/op
WorkloadActual   3: 2048 op, 715907200.00 ns, 349.5641 us/op
WorkloadActual   4: 2048 op, 708316000.00 ns, 345.8574 us/op
WorkloadActual   5: 2048 op, 690952000.00 ns, 337.3789 us/op
WorkloadActual   6: 2048 op, 680081000.00 ns, 332.0708 us/op
WorkloadActual   7: 2048 op, 694462100.00 ns, 339.0928 us/op
WorkloadActual   8: 2048 op, 685558400.00 ns, 334.7453 us/op
WorkloadActual   9: 2048 op, 682890100.00 ns, 333.4424 us/op
WorkloadActual  10: 2048 op, 677895500.00 ns, 331.0037 us/op
WorkloadActual  11: 2048 op, 679119900.00 ns, 331.6015 us/op
WorkloadActual  12: 2048 op, 717227400.00 ns, 350.2087 us/op
WorkloadActual  13: 2048 op, 676317600.00 ns, 330.2332 us/op
WorkloadActual  14: 2048 op, 681292600.00 ns, 332.6624 us/op
WorkloadActual  15: 2048 op, 682049700.00 ns, 333.0321 us/op

// AfterActualRun
WorkloadResult   1: 2048 op, 682676500.00 ns, 333.3381 us/op
WorkloadResult   2: 2048 op, 685934900.00 ns, 334.9292 us/op
WorkloadResult   3: 2048 op, 708310900.00 ns, 345.8549 us/op
WorkloadResult   4: 2048 op, 690946900.00 ns, 337.3764 us/op
WorkloadResult   5: 2048 op, 680075900.00 ns, 332.0683 us/op
WorkloadResult   6: 2048 op, 694457000.00 ns, 339.0903 us/op
WorkloadResult   7: 2048 op, 685553300.00 ns, 334.7428 us/op
WorkloadResult   8: 2048 op, 682885000.00 ns, 333.4399 us/op
WorkloadResult   9: 2048 op, 677890400.00 ns, 331.0012 us/op
WorkloadResult  10: 2048 op, 679114800.00 ns, 331.5990 us/op
WorkloadResult  11: 2048 op, 676312500.00 ns, 330.2307 us/op
WorkloadResult  12: 2048 op, 681287500.00 ns, 332.6599 us/op
WorkloadResult  13: 2048 op, 682044600.00 ns, 333.0296 us/op
// GC:  0 0 0 147456 2048
// Threading:  0 0 2048

// AfterAll
// Benchmark Process 33416 has exited with code 0.

Mean = 334.566 μs, StdErr = 1.164 μs (0.35%), N = 13, StdDev = 4.196 μs
Min = 330.231 μs, Q1 = 332.068 μs, Median = 333.338 μs, Q3 = 334.929 μs, Max = 345.855 μs
IQR = 2.861 μs, LowerFence = 327.777 μs, UpperFence = 339.220 μs
ConfidenceInterval = [329.541 μs; 339.591 μs] (CI 99.9%), Margin = 5.025 μs (1.50% of Mean)
Skewness = 1.43, Kurtosis = 4.31, MValue = 2

// ** Remained 5 (8.8%) benchmark(s) to run. Estimated finish 2026-05-10 23:16 (0h 2m from now) **
Setup power plan (GUID: 8c5e7fda-e8bf-4a96-9a85-a6e23a8c635c FriendlyName: 高效能)
// **************************
// Benchmark: RangeBenchmark.'SD   Range (foreach+break)': DefaultJob [Ratio=0.5, N=100000]
// *** Execute ***
// Launch: 1 / 1
// Execute: dotnet bplus-tree-benchmark-Job-CNUJVU-1.dll --anonymousPipes 1828 1708 --benchmarkName "RangeBenchmark.SD_Range_ForEachBreak(Ratio: 0.5, N: 100000)" --job Default --benchmarkId 52 in C:\Users\chentingwei\bplus-tree\bplus-tree-benchmark\bin\Release\net10.0\bplus-tree-benchmark-Job-CNUJVU-1\bin\Release\net10.0
// BeforeAnythingElse

// Benchmark Process Environment Information:
// BenchmarkDotNet v0.15.2
// Runtime=.NET 10.0.7 (10.0.726.21808), X64 RyuJIT AVX-512F+CD+BW+DQ+VL+VBMI
// GC=Concurrent Workstation
// HardwareIntrinsics=AVX-512F+CD+BW+DQ+VL+VBMI,AES,BMI1,BMI2,FMA,LZCNT,PCLMUL,POPCNT VectorSize=256
// Job: DefaultJob

OverheadJitting  1: 1 op, 708700.00 ns, 708.7000 us/op
WorkloadJitting  1: 1 op, 5009100.00 ns, 5.0091 ms/op

OverheadJitting  2: 16 op, 430400.00 ns, 26.9000 us/op
WorkloadJitting  2: 16 op, 12082500.00 ns, 755.1563 us/op

WorkloadPilot    1: 16 op, 10775200.00 ns, 673.4500 us/op
WorkloadPilot    2: 32 op, 22785300.00 ns, 712.0406 us/op
WorkloadPilot    3: 64 op, 44014200.00 ns, 687.7219 us/op
WorkloadPilot    4: 128 op, 82229200.00 ns, 642.4156 us/op
WorkloadPilot    5: 256 op, 151577700.00 ns, 592.1004 us/op
WorkloadPilot    6: 512 op, 284084500.00 ns, 554.8525 us/op
WorkloadPilot    7: 1024 op, 559703400.00 ns, 546.5854 us/op

OverheadWarmup   1: 1024 op, 3600.00 ns, 3.5156 ns/op
OverheadWarmup   2: 1024 op, 2400.00 ns, 2.3438 ns/op
OverheadWarmup   3: 1024 op, 3800.00 ns, 3.7109 ns/op
OverheadWarmup   4: 1024 op, 2900.00 ns, 2.8320 ns/op
OverheadWarmup   5: 1024 op, 2900.00 ns, 2.8320 ns/op
OverheadWarmup   6: 1024 op, 2500.00 ns, 2.4414 ns/op

OverheadActual   1: 1024 op, 2900.00 ns, 2.8320 ns/op
OverheadActual   2: 1024 op, 3200.00 ns, 3.1250 ns/op
OverheadActual   3: 1024 op, 5000.00 ns, 4.8828 ns/op
OverheadActual   4: 1024 op, 3200.00 ns, 3.1250 ns/op
OverheadActual   5: 1024 op, 4400.00 ns, 4.2969 ns/op
OverheadActual   6: 1024 op, 3200.00 ns, 3.1250 ns/op
OverheadActual   7: 1024 op, 2600.00 ns, 2.5391 ns/op
OverheadActual   8: 1024 op, 2700.00 ns, 2.6367 ns/op
OverheadActual   9: 1024 op, 3000.00 ns, 2.9297 ns/op
OverheadActual  10: 1024 op, 2900.00 ns, 2.8320 ns/op
OverheadActual  11: 1024 op, 2800.00 ns, 2.7344 ns/op
OverheadActual  12: 1024 op, 2800.00 ns, 2.7344 ns/op
OverheadActual  13: 1024 op, 2700.00 ns, 2.6367 ns/op
OverheadActual  14: 1024 op, 2600.00 ns, 2.5391 ns/op
OverheadActual  15: 1024 op, 3100.00 ns, 3.0273 ns/op
OverheadActual  16: 1024 op, 2600.00 ns, 2.5391 ns/op
OverheadActual  17: 1024 op, 2700.00 ns, 2.6367 ns/op
OverheadActual  18: 1024 op, 2600.00 ns, 2.5391 ns/op
OverheadActual  19: 1024 op, 3300.00 ns, 3.2227 ns/op
OverheadActual  20: 1024 op, 3300.00 ns, 3.2227 ns/op

OverheadWarmup   1: 1024 op, 3100.00 ns, 3.0273 ns/op
OverheadWarmup   2: 1024 op, 2900.00 ns, 2.8320 ns/op
OverheadWarmup   3: 1024 op, 3300.00 ns, 3.2227 ns/op
OverheadWarmup   4: 1024 op, 2800.00 ns, 2.7344 ns/op
OverheadWarmup   5: 1024 op, 2700.00 ns, 2.6367 ns/op
OverheadWarmup   6: 1024 op, 2400.00 ns, 2.3438 ns/op
OverheadWarmup   7: 1024 op, 3000.00 ns, 2.9297 ns/op
OverheadWarmup   8: 1024 op, 2900.00 ns, 2.8320 ns/op

// BeforeActualRun
WorkloadActual   1: 1024 op, 578417300.00 ns, 564.8606 us/op
WorkloadActual   2: 1024 op, 567624000.00 ns, 554.3203 us/op
WorkloadActual   3: 1024 op, 565386600.00 ns, 552.1354 us/op
WorkloadActual   4: 1024 op, 594532900.00 ns, 580.5985 us/op
WorkloadActual   5: 1024 op, 584908200.00 ns, 571.1994 us/op
WorkloadActual   6: 1024 op, 580324400.00 ns, 566.7230 us/op
WorkloadActual   7: 1024 op, 592128700.00 ns, 578.2507 us/op
WorkloadActual   8: 1024 op, 568264500.00 ns, 554.9458 us/op
WorkloadActual   9: 1024 op, 568639000.00 ns, 555.3115 us/op
WorkloadActual  10: 1024 op, 570638400.00 ns, 557.2641 us/op
WorkloadActual  11: 1024 op, 560517900.00 ns, 547.3808 us/op
WorkloadActual  12: 1024 op, 555477500.00 ns, 542.4585 us/op
WorkloadActual  13: 1024 op, 569702100.00 ns, 556.3497 us/op
WorkloadActual  14: 1024 op, 560882600.00 ns, 547.7369 us/op
WorkloadActual  15: 1024 op, 554594100.00 ns, 541.5958 us/op
WorkloadActual  16: 1024 op, 560030700.00 ns, 546.9050 us/op
WorkloadActual  17: 1024 op, 558792300.00 ns, 545.6956 us/op
WorkloadActual  18: 1024 op, 563817800.00 ns, 550.6033 us/op

// AfterActualRun
WorkloadResult   1: 1024 op, 578414400.00 ns, 564.8578 us/op
WorkloadResult   2: 1024 op, 567621100.00 ns, 554.3175 us/op
WorkloadResult   3: 1024 op, 565383700.00 ns, 552.1325 us/op
WorkloadResult   4: 1024 op, 594530000.00 ns, 580.5957 us/op
WorkloadResult   5: 1024 op, 584905300.00 ns, 571.1966 us/op
WorkloadResult   6: 1024 op, 580321500.00 ns, 566.7202 us/op
WorkloadResult   7: 1024 op, 592125800.00 ns, 578.2479 us/op
WorkloadResult   8: 1024 op, 568261600.00 ns, 554.9430 us/op
WorkloadResult   9: 1024 op, 568636100.00 ns, 555.3087 us/op
WorkloadResult  10: 1024 op, 570635500.00 ns, 557.2612 us/op
WorkloadResult  11: 1024 op, 560515000.00 ns, 547.3779 us/op
WorkloadResult  12: 1024 op, 555474600.00 ns, 542.4557 us/op
WorkloadResult  13: 1024 op, 569699200.00 ns, 556.3469 us/op
WorkloadResult  14: 1024 op, 560879700.00 ns, 547.7341 us/op
WorkloadResult  15: 1024 op, 554591200.00 ns, 541.5930 us/op
WorkloadResult  16: 1024 op, 560027800.00 ns, 546.9021 us/op
WorkloadResult  17: 1024 op, 558789400.00 ns, 545.6928 us/op
WorkloadResult  18: 1024 op, 563814900.00 ns, 550.6005 us/op
// GC:  0 0 0 319488 1024
// Threading:  0 0 1024

// AfterAll
// Benchmark Process 3384 has exited with code 0.

Mean = 556.349 μs, StdErr = 2.739 μs (0.49%), N = 18, StdDev = 11.619 μs
Min = 541.593 μs, Q1 = 547.467 μs, Median = 554.630 μs, Q3 = 562.959 μs, Max = 580.596 μs
IQR = 15.492 μs, LowerFence = 524.229 μs, UpperFence = 586.196 μs
ConfidenceInterval = [545.490 μs; 567.208 μs] (CI 99.9%), Margin = 10.859 μs (1.95% of Mean)
Skewness = 0.71, Kurtosis = 2.32, MValue = 2

// ** Remained 4 (7.0%) benchmark(s) to run. Estimated finish 2026-05-10 23:16 (0h 1m from now) **
Setup power plan (GUID: 8c5e7fda-e8bf-4a96-9a85-a6e23a8c635c FriendlyName: 高效能)
// **************************
// Benchmark: RangeBenchmark.'SD   Range (LINQ)': DefaultJob [Ratio=0.5, N=100000]
// *** Execute ***
// Launch: 1 / 1
// Execute: dotnet bplus-tree-benchmark-Job-CNUJVU-1.dll --anonymousPipes 1676 1688 --benchmarkName "RangeBenchmark.SD_Range_Linq(Ratio: 0.5, N: 100000)" --job Default --benchmarkId 53 in C:\Users\chentingwei\bplus-tree\bplus-tree-benchmark\bin\Release\net10.0\bplus-tree-benchmark-Job-CNUJVU-1\bin\Release\net10.0
// BeforeAnythingElse

// Benchmark Process Environment Information:
// BenchmarkDotNet v0.15.2
// Runtime=.NET 10.0.7 (10.0.726.21808), X64 RyuJIT AVX-512F+CD+BW+DQ+VL+VBMI
// GC=Concurrent Workstation
// HardwareIntrinsics=AVX-512F+CD+BW+DQ+VL+VBMI,AES,BMI1,BMI2,FMA,LZCNT,PCLMUL,POPCNT VectorSize=256
// Job: DefaultJob

OverheadJitting  1: 1 op, 672400.00 ns, 672.4000 us/op
WorkloadJitting  1: 1 op, 12170300.00 ns, 12.1703 ms/op

OverheadJitting  2: 16 op, 648500.00 ns, 40.5313 us/op
WorkloadJitting  2: 16 op, 118446500.00 ns, 7.4029 ms/op

WorkloadPilot    1: 16 op, 96401300.00 ns, 6.0251 ms/op
WorkloadPilot    2: 32 op, 266585500.00 ns, 8.3308 ms/op
WorkloadPilot    3: 64 op, 144855700.00 ns, 2.2634 ms/op
WorkloadPilot    4: 128 op, 263581000.00 ns, 2.0592 ms/op
WorkloadPilot    5: 256 op, 518996400.00 ns, 2.0273 ms/op

OverheadWarmup   1: 256 op, 3700.00 ns, 14.4531 ns/op
OverheadWarmup   2: 256 op, 1500.00 ns, 5.8594 ns/op
OverheadWarmup   3: 256 op, 1000.00 ns, 3.9063 ns/op
OverheadWarmup   4: 256 op, 1200.00 ns, 4.6875 ns/op
OverheadWarmup   5: 256 op, 4000.00 ns, 15.6250 ns/op
OverheadWarmup   6: 256 op, 1600.00 ns, 6.2500 ns/op
OverheadWarmup   7: 256 op, 1700.00 ns, 6.6406 ns/op
OverheadWarmup   8: 256 op, 1700.00 ns, 6.6406 ns/op

OverheadActual   1: 256 op, 1200.00 ns, 4.6875 ns/op
OverheadActual   2: 256 op, 1900.00 ns, 7.4219 ns/op
OverheadActual   3: 256 op, 2300.00 ns, 8.9844 ns/op
OverheadActual   4: 256 op, 2100.00 ns, 8.2031 ns/op
OverheadActual   5: 256 op, 1600.00 ns, 6.2500 ns/op
OverheadActual   6: 256 op, 1500.00 ns, 5.8594 ns/op
OverheadActual   7: 256 op, 1100.00 ns, 4.2969 ns/op
OverheadActual   8: 256 op, 1800.00 ns, 7.0313 ns/op
OverheadActual   9: 256 op, 1500.00 ns, 5.8594 ns/op
OverheadActual  10: 256 op, 1300.00 ns, 5.0781 ns/op
OverheadActual  11: 256 op, 1600.00 ns, 6.2500 ns/op
OverheadActual  12: 256 op, 1400.00 ns, 5.4688 ns/op
OverheadActual  13: 256 op, 1300.00 ns, 5.0781 ns/op
OverheadActual  14: 256 op, 1600.00 ns, 6.2500 ns/op
OverheadActual  15: 256 op, 2100.00 ns, 8.2031 ns/op
OverheadActual  16: 256 op, 1600.00 ns, 6.2500 ns/op
OverheadActual  17: 256 op, 1700.00 ns, 6.6406 ns/op
OverheadActual  18: 256 op, 1700.00 ns, 6.6406 ns/op
OverheadActual  19: 256 op, 1100.00 ns, 4.2969 ns/op
OverheadActual  20: 256 op, 1500.00 ns, 5.8594 ns/op

OverheadWarmup   1: 256 op, 1600.00 ns, 6.2500 ns/op
OverheadWarmup   2: 256 op, 1600.00 ns, 6.2500 ns/op
OverheadWarmup   3: 256 op, 1400.00 ns, 5.4688 ns/op
OverheadWarmup   4: 256 op, 2100.00 ns, 8.2031 ns/op
OverheadWarmup   5: 256 op, 1200.00 ns, 4.6875 ns/op
OverheadWarmup   6: 256 op, 1500.00 ns, 5.8594 ns/op

// BeforeActualRun
WorkloadActual   1: 256 op, 521104600.00 ns, 2.0356 ms/op
WorkloadActual   2: 256 op, 522813200.00 ns, 2.0422 ms/op
WorkloadActual   3: 256 op, 511007200.00 ns, 1.9961 ms/op
WorkloadActual   4: 256 op, 520918900.00 ns, 2.0348 ms/op
WorkloadActual   5: 256 op, 518126100.00 ns, 2.0239 ms/op
WorkloadActual   6: 256 op, 547903300.00 ns, 2.1402 ms/op
WorkloadActual   7: 256 op, 529134400.00 ns, 2.0669 ms/op
WorkloadActual   8: 256 op, 534555100.00 ns, 2.0881 ms/op
WorkloadActual   9: 256 op, 522069800.00 ns, 2.0393 ms/op
WorkloadActual  10: 256 op, 564857200.00 ns, 2.2065 ms/op
WorkloadActual  11: 256 op, 548917900.00 ns, 2.1442 ms/op
WorkloadActual  12: 256 op, 521517900.00 ns, 2.0372 ms/op
WorkloadActual  13: 256 op, 526730700.00 ns, 2.0575 ms/op
WorkloadActual  14: 256 op, 533042600.00 ns, 2.0822 ms/op
WorkloadActual  15: 256 op, 663652800.00 ns, 2.5924 ms/op
WorkloadActual  16: 256 op, 607124800.00 ns, 2.3716 ms/op
WorkloadActual  17: 256 op, 522021100.00 ns, 2.0391 ms/op
WorkloadActual  18: 256 op, 526637300.00 ns, 2.0572 ms/op
WorkloadActual  19: 256 op, 522909700.00 ns, 2.0426 ms/op
WorkloadActual  20: 256 op, 523608900.00 ns, 2.0453 ms/op
WorkloadActual  21: 256 op, 516656600.00 ns, 2.0182 ms/op

// AfterActualRun
WorkloadResult   1: 256 op, 521103000.00 ns, 2.0356 ms/op
WorkloadResult   2: 256 op, 522811600.00 ns, 2.0422 ms/op
WorkloadResult   3: 256 op, 511005600.00 ns, 1.9961 ms/op
WorkloadResult   4: 256 op, 520917300.00 ns, 2.0348 ms/op
WorkloadResult   5: 256 op, 518124500.00 ns, 2.0239 ms/op
WorkloadResult   6: 256 op, 547901700.00 ns, 2.1402 ms/op
WorkloadResult   7: 256 op, 529132800.00 ns, 2.0669 ms/op
WorkloadResult   8: 256 op, 534553500.00 ns, 2.0881 ms/op
WorkloadResult   9: 256 op, 522068200.00 ns, 2.0393 ms/op
WorkloadResult  10: 256 op, 548916300.00 ns, 2.1442 ms/op
WorkloadResult  11: 256 op, 521516300.00 ns, 2.0372 ms/op
WorkloadResult  12: 256 op, 526729100.00 ns, 2.0575 ms/op
WorkloadResult  13: 256 op, 533041000.00 ns, 2.0822 ms/op
WorkloadResult  14: 256 op, 522019500.00 ns, 2.0391 ms/op
WorkloadResult  15: 256 op, 526635700.00 ns, 2.0572 ms/op
WorkloadResult  16: 256 op, 522908100.00 ns, 2.0426 ms/op
WorkloadResult  17: 256 op, 523607300.00 ns, 2.0453 ms/op
WorkloadResult  18: 256 op, 516655000.00 ns, 2.0182 ms/op
// GC:  0 0 0 122880 256
// Threading:  0 0 256

// AfterAll
// Benchmark Process 28144 has exited with code 0.

Mean = 2.055 ms, StdErr = 0.009 ms (0.44%), N = 18, StdDev = 0.038 ms
Min = 1.996 ms, Q1 = 2.036 ms, Median = 2.042 ms, Q3 = 2.065 ms, Max = 2.144 ms
IQR = 0.029 ms, LowerFence = 1.993 ms, UpperFence = 2.108 ms
ConfidenceInterval = [2.019 ms; 2.091 ms] (CI 99.9%), Margin = 0.036 ms (1.74% of Mean)
Skewness = 1.05, Kurtosis = 3.42, MValue = 2

// ** Remained 3 (5.3%) benchmark(s) to run. Estimated finish 2026-05-10 23:16 (0h 1m from now) **
Setup power plan (GUID: 8c5e7fda-e8bf-4a96-9a85-a6e23a8c635c FriendlyName: 高效能)
// **************************
// Benchmark: RangeBenchmark.'BPT  Range': DefaultJob [Ratio=0.5, N=1000000]
// *** Execute ***
// Launch: 1 / 1
// Execute: dotnet bplus-tree-benchmark-Job-CNUJVU-1.dll --anonymousPipes 1448 1696 --benchmarkName "RangeBenchmark.BPT_Range(Ratio: 0.5, N: 1000000)" --job Default --benchmarkId 54 in C:\Users\chentingwei\bplus-tree\bplus-tree-benchmark\bin\Release\net10.0\bplus-tree-benchmark-Job-CNUJVU-1\bin\Release\net10.0
// BeforeAnythingElse

// Benchmark Process Environment Information:
// BenchmarkDotNet v0.15.2
// Runtime=.NET 10.0.7 (10.0.726.21808), X64 RyuJIT AVX-512F+CD+BW+DQ+VL+VBMI
// GC=Concurrent Workstation
// HardwareIntrinsics=AVX-512F+CD+BW+DQ+VL+VBMI,AES,BMI1,BMI2,FMA,LZCNT,PCLMUL,POPCNT VectorSize=256
// Job: DefaultJob

OverheadJitting  1: 1 op, 779200.00 ns, 779.2000 us/op
WorkloadJitting  1: 1 op, 12981600.00 ns, 12.9816 ms/op

OverheadJitting  2: 16 op, 428800.00 ns, 26.8000 us/op
WorkloadJitting  2: 16 op, 92011500.00 ns, 5.7507 ms/op

WorkloadPilot    1: 16 op, 87262500.00 ns, 5.4539 ms/op
WorkloadPilot    2: 32 op, 169137900.00 ns, 5.2856 ms/op
WorkloadPilot    3: 64 op, 324114400.00 ns, 5.0643 ms/op
WorkloadPilot    4: 128 op, 656229600.00 ns, 5.1268 ms/op

OverheadWarmup   1: 128 op, 4000.00 ns, 31.2500 ns/op
OverheadWarmup   2: 128 op, 1300.00 ns, 10.1563 ns/op
OverheadWarmup   3: 128 op, 1500.00 ns, 11.7188 ns/op
OverheadWarmup   4: 128 op, 1100.00 ns, 8.5938 ns/op
OverheadWarmup   5: 128 op, 1700.00 ns, 13.2813 ns/op
OverheadWarmup   6: 128 op, 1200.00 ns, 9.3750 ns/op

OverheadActual   1: 128 op, 1200.00 ns, 9.3750 ns/op
OverheadActual   2: 128 op, 1900.00 ns, 14.8438 ns/op
OverheadActual   3: 128 op, 1300.00 ns, 10.1563 ns/op
OverheadActual   4: 128 op, 5400.00 ns, 42.1875 ns/op
OverheadActual   5: 128 op, 2500.00 ns, 19.5313 ns/op
OverheadActual   6: 128 op, 1300.00 ns, 10.1563 ns/op
OverheadActual   7: 128 op, 1500.00 ns, 11.7188 ns/op
OverheadActual   8: 128 op, 1300.00 ns, 10.1563 ns/op
OverheadActual   9: 128 op, 1400.00 ns, 10.9375 ns/op
OverheadActual  10: 128 op, 1400.00 ns, 10.9375 ns/op
OverheadActual  11: 128 op, 1400.00 ns, 10.9375 ns/op
OverheadActual  12: 128 op, 2200.00 ns, 17.1875 ns/op
OverheadActual  13: 128 op, 1300.00 ns, 10.1563 ns/op
OverheadActual  14: 128 op, 1500.00 ns, 11.7188 ns/op
OverheadActual  15: 128 op, 1400.00 ns, 10.9375 ns/op
OverheadActual  16: 128 op, 1600.00 ns, 12.5000 ns/op
OverheadActual  17: 128 op, 1800.00 ns, 14.0625 ns/op
OverheadActual  18: 128 op, 1400.00 ns, 10.9375 ns/op
OverheadActual  19: 128 op, 1600.00 ns, 12.5000 ns/op
OverheadActual  20: 128 op, 1300.00 ns, 10.1563 ns/op

OverheadWarmup   1: 128 op, 1500.00 ns, 11.7188 ns/op
OverheadWarmup   2: 128 op, 1400.00 ns, 10.9375 ns/op
OverheadWarmup   3: 128 op, 1300.00 ns, 10.1563 ns/op
OverheadWarmup   4: 128 op, 1300.00 ns, 10.1563 ns/op
OverheadWarmup   5: 128 op, 1700.00 ns, 13.2813 ns/op
OverheadWarmup   6: 128 op, 1600.00 ns, 12.5000 ns/op
OverheadWarmup   7: 128 op, 1200.00 ns, 9.3750 ns/op
OverheadWarmup   8: 128 op, 2200.00 ns, 17.1875 ns/op

// BeforeActualRun
WorkloadActual   1: 128 op, 641876200.00 ns, 5.0147 ms/op
WorkloadActual   2: 128 op, 649879500.00 ns, 5.0772 ms/op
WorkloadActual   3: 128 op, 664776300.00 ns, 5.1936 ms/op
WorkloadActual   4: 128 op, 663351400.00 ns, 5.1824 ms/op
WorkloadActual   5: 128 op, 662364100.00 ns, 5.1747 ms/op
WorkloadActual   6: 128 op, 651106400.00 ns, 5.0868 ms/op
WorkloadActual   7: 128 op, 654926200.00 ns, 5.1166 ms/op
WorkloadActual   8: 128 op, 642161700.00 ns, 5.0169 ms/op
WorkloadActual   9: 128 op, 653349000.00 ns, 5.1043 ms/op
WorkloadActual  10: 128 op, 640561300.00 ns, 5.0044 ms/op
WorkloadActual  11: 128 op, 643425300.00 ns, 5.0268 ms/op
WorkloadActual  12: 128 op, 625780900.00 ns, 4.8889 ms/op
WorkloadActual  13: 128 op, 671005500.00 ns, 5.2422 ms/op
WorkloadActual  14: 128 op, 655582800.00 ns, 5.1217 ms/op
WorkloadActual  15: 128 op, 669785700.00 ns, 5.2327 ms/op
WorkloadActual  16: 128 op, 633536600.00 ns, 4.9495 ms/op
WorkloadActual  17: 128 op, 633129600.00 ns, 4.9463 ms/op

// AfterActualRun
WorkloadResult   1: 128 op, 641874800.00 ns, 5.0146 ms/op
WorkloadResult   2: 128 op, 649878100.00 ns, 5.0772 ms/op
WorkloadResult   3: 128 op, 664774900.00 ns, 5.1936 ms/op
WorkloadResult   4: 128 op, 663350000.00 ns, 5.1824 ms/op
WorkloadResult   5: 128 op, 662362700.00 ns, 5.1747 ms/op
WorkloadResult   6: 128 op, 651105000.00 ns, 5.0868 ms/op
WorkloadResult   7: 128 op, 654924800.00 ns, 5.1166 ms/op
WorkloadResult   8: 128 op, 642160300.00 ns, 5.0169 ms/op
WorkloadResult   9: 128 op, 653347600.00 ns, 5.1043 ms/op
WorkloadResult  10: 128 op, 640559900.00 ns, 5.0044 ms/op
WorkloadResult  11: 128 op, 643423900.00 ns, 5.0267 ms/op
WorkloadResult  12: 128 op, 625779500.00 ns, 4.8889 ms/op
WorkloadResult  13: 128 op, 671004100.00 ns, 5.2422 ms/op
WorkloadResult  14: 128 op, 655581400.00 ns, 5.1217 ms/op
WorkloadResult  15: 128 op, 669784300.00 ns, 5.2327 ms/op
WorkloadResult  16: 128 op, 633535200.00 ns, 4.9495 ms/op
WorkloadResult  17: 128 op, 633128200.00 ns, 4.9463 ms/op
// GC:  0 0 0 9216 128
// Threading:  0 0 128

// AfterAll
// Benchmark Process 34404 has exited with code 0.

Mean = 5.081 ms, StdErr = 0.025 ms (0.50%), N = 17, StdDev = 0.104 ms
Min = 4.889 ms, Q1 = 5.015 ms, Median = 5.087 ms, Q3 = 5.175 ms, Max = 5.242 ms
IQR = 0.160 ms, LowerFence = 4.775 ms, UpperFence = 5.415 ms
ConfidenceInterval = [4.980 ms; 5.183 ms] (CI 99.9%), Margin = 0.102 ms (2.00% of Mean)
Skewness = -0.1, Kurtosis = 1.8, MValue = 2

// ** Remained 2 (3.5%) benchmark(s) to run. Estimated finish 2026-05-10 23:16 (0h 0m from now) **
Setup power plan (GUID: 8c5e7fda-e8bf-4a96-9a85-a6e23a8c635c FriendlyName: 高效能)
// **************************
// Benchmark: RangeBenchmark.'SD   Range (foreach+break)': DefaultJob [Ratio=0.5, N=1000000]
// *** Execute ***
// Launch: 1 / 1
// Execute: dotnet bplus-tree-benchmark-Job-CNUJVU-1.dll --anonymousPipes 1400 1684 --benchmarkName "RangeBenchmark.SD_Range_ForEachBreak(Ratio: 0.5, N: 1000000)" --job Default --benchmarkId 55 in C:\Users\chentingwei\bplus-tree\bplus-tree-benchmark\bin\Release\net10.0\bplus-tree-benchmark-Job-CNUJVU-1\bin\Release\net10.0
// BeforeAnythingElse

// Benchmark Process Environment Information:
// BenchmarkDotNet v0.15.2
// Runtime=.NET 10.0.7 (10.0.726.21808), X64 RyuJIT AVX-512F+CD+BW+DQ+VL+VBMI
// GC=Concurrent Workstation
// HardwareIntrinsics=AVX-512F+CD+BW+DQ+VL+VBMI,AES,BMI1,BMI2,FMA,LZCNT,PCLMUL,POPCNT VectorSize=256
// Job: DefaultJob

OverheadJitting  1: 1 op, 764000.00 ns, 764.0000 us/op
WorkloadJitting  1: 1 op, 25148200.00 ns, 25.1482 ms/op

OverheadJitting  2: 16 op, 417400.00 ns, 26.0875 us/op
WorkloadJitting  2: 16 op, 339723000.00 ns, 21.2327 ms/op

WorkloadPilot    1: 16 op, 325932900.00 ns, 20.3708 ms/op
WorkloadPilot    2: 32 op, 664332400.00 ns, 20.7604 ms/op

OverheadWarmup   1: 32 op, 4200.00 ns, 131.2500 ns/op
OverheadWarmup   2: 32 op, 4000.00 ns, 125.0000 ns/op
OverheadWarmup   3: 32 op, 1500.00 ns, 46.8750 ns/op
OverheadWarmup   4: 32 op, 900.00 ns, 28.1250 ns/op
OverheadWarmup   5: 32 op, 1100.00 ns, 34.3750 ns/op
OverheadWarmup   6: 32 op, 1400.00 ns, 43.7500 ns/op
OverheadWarmup   7: 32 op, 1100.00 ns, 34.3750 ns/op
OverheadWarmup   8: 32 op, 1000.00 ns, 31.2500 ns/op
OverheadWarmup   9: 32 op, 1000.00 ns, 31.2500 ns/op
OverheadWarmup  10: 32 op, 1200.00 ns, 37.5000 ns/op

OverheadActual   1: 32 op, 1100.00 ns, 34.3750 ns/op
OverheadActual   2: 32 op, 1200.00 ns, 37.5000 ns/op
OverheadActual   3: 32 op, 1100.00 ns, 34.3750 ns/op
OverheadActual   4: 32 op, 1000.00 ns, 31.2500 ns/op
OverheadActual   5: 32 op, 1300.00 ns, 40.6250 ns/op
OverheadActual   6: 32 op, 1100.00 ns, 34.3750 ns/op
OverheadActual   7: 32 op, 1000.00 ns, 31.2500 ns/op
OverheadActual   8: 32 op, 900.00 ns, 28.1250 ns/op
OverheadActual   9: 32 op, 1100.00 ns, 34.3750 ns/op
OverheadActual  10: 32 op, 1100.00 ns, 34.3750 ns/op
OverheadActual  11: 32 op, 900.00 ns, 28.1250 ns/op
OverheadActual  12: 32 op, 1200.00 ns, 37.5000 ns/op
OverheadActual  13: 32 op, 1100.00 ns, 34.3750 ns/op
OverheadActual  14: 32 op, 1000.00 ns, 31.2500 ns/op
OverheadActual  15: 32 op, 1300.00 ns, 40.6250 ns/op
OverheadActual  16: 32 op, 1200.00 ns, 37.5000 ns/op
OverheadActual  17: 32 op, 1100.00 ns, 34.3750 ns/op
OverheadActual  18: 32 op, 1100.00 ns, 34.3750 ns/op
OverheadActual  19: 32 op, 1300.00 ns, 40.6250 ns/op
OverheadActual  20: 32 op, 1100.00 ns, 34.3750 ns/op

OverheadWarmup   1: 32 op, 1200.00 ns, 37.5000 ns/op
OverheadWarmup   2: 32 op, 1300.00 ns, 40.6250 ns/op
OverheadWarmup   3: 32 op, 1000.00 ns, 31.2500 ns/op
OverheadWarmup   4: 32 op, 1100.00 ns, 34.3750 ns/op
OverheadWarmup   5: 32 op, 1100.00 ns, 34.3750 ns/op
OverheadWarmup   6: 32 op, 1100.00 ns, 34.3750 ns/op

// BeforeActualRun
WorkloadActual   1: 32 op, 669410800.00 ns, 20.9191 ms/op
WorkloadActual   2: 32 op, 638150300.00 ns, 19.9422 ms/op
WorkloadActual   3: 32 op, 634735200.00 ns, 19.8355 ms/op
WorkloadActual   4: 32 op, 643060200.00 ns, 20.0956 ms/op
WorkloadActual   5: 32 op, 633194100.00 ns, 19.7873 ms/op
WorkloadActual   6: 32 op, 633821500.00 ns, 19.8069 ms/op
WorkloadActual   7: 32 op, 651810800.00 ns, 20.3691 ms/op
WorkloadActual   8: 32 op, 679576300.00 ns, 21.2368 ms/op
WorkloadActual   9: 32 op, 626189500.00 ns, 19.5684 ms/op
WorkloadActual  10: 32 op, 630564200.00 ns, 19.7051 ms/op
WorkloadActual  11: 32 op, 621793600.00 ns, 19.4311 ms/op
WorkloadActual  12: 32 op, 639217400.00 ns, 19.9755 ms/op
WorkloadActual  13: 32 op, 668524000.00 ns, 20.8914 ms/op
WorkloadActual  14: 32 op, 687661900.00 ns, 21.4894 ms/op
WorkloadActual  15: 32 op, 678301600.00 ns, 21.1969 ms/op
WorkloadActual  16: 32 op, 648443300.00 ns, 20.2639 ms/op
WorkloadActual  17: 32 op, 673762000.00 ns, 21.0551 ms/op
WorkloadActual  18: 32 op, 646546900.00 ns, 20.2046 ms/op
WorkloadActual  19: 32 op, 699841200.00 ns, 21.8700 ms/op
WorkloadActual  20: 32 op, 659544000.00 ns, 20.6108 ms/op
WorkloadActual  21: 32 op, 680067500.00 ns, 21.2521 ms/op
WorkloadActual  22: 32 op, 652372400.00 ns, 20.3866 ms/op
WorkloadActual  23: 32 op, 664055800.00 ns, 20.7517 ms/op
WorkloadActual  24: 32 op, 693626600.00 ns, 21.6758 ms/op
WorkloadActual  25: 32 op, 681322600.00 ns, 21.2913 ms/op
WorkloadActual  26: 32 op, 630187000.00 ns, 19.6933 ms/op
WorkloadActual  27: 32 op, 651759500.00 ns, 20.3675 ms/op
WorkloadActual  28: 32 op, 648307600.00 ns, 20.2596 ms/op
WorkloadActual  29: 32 op, 661958500.00 ns, 20.6862 ms/op
WorkloadActual  30: 32 op, 671491200.00 ns, 20.9841 ms/op
WorkloadActual  31: 32 op, 660656100.00 ns, 20.6455 ms/op
WorkloadActual  32: 32 op, 689349000.00 ns, 21.5422 ms/op
WorkloadActual  33: 32 op, 654548600.00 ns, 20.4546 ms/op
WorkloadActual  34: 32 op, 674332700.00 ns, 21.0729 ms/op

// AfterActualRun
WorkloadResult   1: 32 op, 669409700.00 ns, 20.9191 ms/op
WorkloadResult   2: 32 op, 638149200.00 ns, 19.9422 ms/op
WorkloadResult   3: 32 op, 634734100.00 ns, 19.8354 ms/op
WorkloadResult   4: 32 op, 643059100.00 ns, 20.0956 ms/op
WorkloadResult   5: 32 op, 633193000.00 ns, 19.7873 ms/op
WorkloadResult   6: 32 op, 633820400.00 ns, 19.8069 ms/op
WorkloadResult   7: 32 op, 651809700.00 ns, 20.3691 ms/op
WorkloadResult   8: 32 op, 679575200.00 ns, 21.2367 ms/op
WorkloadResult   9: 32 op, 626188400.00 ns, 19.5684 ms/op
WorkloadResult  10: 32 op, 630563100.00 ns, 19.7051 ms/op
WorkloadResult  11: 32 op, 621792500.00 ns, 19.4310 ms/op
WorkloadResult  12: 32 op, 639216300.00 ns, 19.9755 ms/op
WorkloadResult  13: 32 op, 668522900.00 ns, 20.8913 ms/op
WorkloadResult  14: 32 op, 687660800.00 ns, 21.4894 ms/op
WorkloadResult  15: 32 op, 678300500.00 ns, 21.1969 ms/op
WorkloadResult  16: 32 op, 648442200.00 ns, 20.2638 ms/op
WorkloadResult  17: 32 op, 673760900.00 ns, 21.0550 ms/op
WorkloadResult  18: 32 op, 646545800.00 ns, 20.2046 ms/op
WorkloadResult  19: 32 op, 699840100.00 ns, 21.8700 ms/op
WorkloadResult  20: 32 op, 659542900.00 ns, 20.6107 ms/op
WorkloadResult  21: 32 op, 680066400.00 ns, 21.2521 ms/op
WorkloadResult  22: 32 op, 652371300.00 ns, 20.3866 ms/op
WorkloadResult  23: 32 op, 664054700.00 ns, 20.7517 ms/op
WorkloadResult  24: 32 op, 693625500.00 ns, 21.6758 ms/op
WorkloadResult  25: 32 op, 681321500.00 ns, 21.2913 ms/op
WorkloadResult  26: 32 op, 630185900.00 ns, 19.6933 ms/op
WorkloadResult  27: 32 op, 651758400.00 ns, 20.3675 ms/op
WorkloadResult  28: 32 op, 648306500.00 ns, 20.2596 ms/op
WorkloadResult  29: 32 op, 661957400.00 ns, 20.6862 ms/op
WorkloadResult  30: 32 op, 671490100.00 ns, 20.9841 ms/op
WorkloadResult  31: 32 op, 660655000.00 ns, 20.6455 ms/op
WorkloadResult  32: 32 op, 689347900.00 ns, 21.5421 ms/op
WorkloadResult  33: 32 op, 654547500.00 ns, 20.4546 ms/op
WorkloadResult  34: 32 op, 674331600.00 ns, 21.0729 ms/op
// GC:  0 0 0 11520 32
// Threading:  0 0 32

// AfterAll
// Benchmark Process 22672 has exited with code 0.

Mean = 20.568 ms, StdErr = 0.113 ms (0.55%), N = 34, StdDev = 0.662 ms
Min = 19.431 ms, Q1 = 20.006 ms, Median = 20.533 ms, Q3 = 21.068 ms, Max = 21.870 ms
IQR = 1.063 ms, LowerFence = 18.411 ms, UpperFence = 22.663 ms
ConfidenceInterval = [20.158 ms; 20.978 ms] (CI 99.9%), Margin = 0.410 ms (1.99% of Mean)
Skewness = 0.12, Kurtosis = 1.87, MValue = 2

// ** Remained 1 (1.8%) benchmark(s) to run. Estimated finish 2026-05-10 23:16 (0h 0m from now) **
Setup power plan (GUID: 8c5e7fda-e8bf-4a96-9a85-a6e23a8c635c FriendlyName: 高效能)
// **************************
// Benchmark: RangeBenchmark.'SD   Range (LINQ)': DefaultJob [Ratio=0.5, N=1000000]
// *** Execute ***
// Launch: 1 / 1
// Execute: dotnet bplus-tree-benchmark-Job-CNUJVU-1.dll --anonymousPipes 1868 1308 --benchmarkName "RangeBenchmark.SD_Range_Linq(Ratio: 0.5, N: 1000000)" --job Default --benchmarkId 56 in C:\Users\chentingwei\bplus-tree\bplus-tree-benchmark\bin\Release\net10.0\bplus-tree-benchmark-Job-CNUJVU-1\bin\Release\net10.0
// BeforeAnythingElse

// Benchmark Process Environment Information:
// BenchmarkDotNet v0.15.2
// Runtime=.NET 10.0.7 (10.0.726.21808), X64 RyuJIT AVX-512F+CD+BW+DQ+VL+VBMI
// GC=Concurrent Workstation
// HardwareIntrinsics=AVX-512F+CD+BW+DQ+VL+VBMI,AES,BMI1,BMI2,FMA,LZCNT,PCLMUL,POPCNT VectorSize=256
// Job: DefaultJob

OverheadJitting  1: 1 op, 606100.00 ns, 606.1000 us/op
WorkloadJitting  1: 1 op, 123541700.00 ns, 123.5417 ms/op

WorkloadPilot    1: 2 op, 183162000.00 ns, 91.5810 ms/op
WorkloadPilot    2: 3 op, 235425800.00 ns, 78.4753 ms/op
WorkloadPilot    3: 4 op, 311475100.00 ns, 77.8688 ms/op
WorkloadPilot    4: 5 op, 584916400.00 ns, 116.9833 ms/op

OverheadWarmup   1: 5 op, 1500.00 ns, 300.0000 ns/op
OverheadWarmup   2: 5 op, 1700.00 ns, 340.0000 ns/op
OverheadWarmup   3: 5 op, 1500.00 ns, 300.0000 ns/op
OverheadWarmup   4: 5 op, 1300.00 ns, 260.0000 ns/op
OverheadWarmup   5: 5 op, 2400.00 ns, 480.0000 ns/op
OverheadWarmup   6: 5 op, 4500.00 ns, 900.0000 ns/op
OverheadWarmup   7: 5 op, 2000.00 ns, 400.0000 ns/op

// BeforeActualRun
WorkloadActual   1: 5 op, 505669300.00 ns, 101.1339 ms/op
WorkloadActual   2: 5 op, 371789200.00 ns, 74.3578 ms/op
WorkloadActual   3: 5 op, 427644200.00 ns, 85.5288 ms/op
WorkloadActual   4: 5 op, 442938800.00 ns, 88.5878 ms/op
WorkloadActual   5: 5 op, 464380800.00 ns, 92.8762 ms/op
WorkloadActual   6: 5 op, 394878500.00 ns, 78.9757 ms/op
WorkloadActual   7: 5 op, 410877600.00 ns, 82.1755 ms/op
WorkloadActual   8: 5 op, 517079700.00 ns, 103.4159 ms/op
WorkloadActual   9: 5 op, 361898600.00 ns, 72.3797 ms/op
WorkloadActual  10: 5 op, 540229400.00 ns, 108.0459 ms/op
WorkloadActual  11: 5 op, 594502100.00 ns, 118.9004 ms/op
WorkloadActual  12: 5 op, 634153200.00 ns, 126.8306 ms/op
WorkloadActual  13: 5 op, 496992500.00 ns, 99.3985 ms/op
WorkloadActual  14: 5 op, 421832700.00 ns, 84.3665 ms/op
WorkloadActual  15: 5 op, 457006100.00 ns, 91.4012 ms/op
WorkloadActual  16: 5 op, 518771200.00 ns, 103.7542 ms/op
WorkloadActual  17: 5 op, 529400100.00 ns, 105.8800 ms/op
WorkloadActual  18: 5 op, 535629900.00 ns, 107.1260 ms/op
WorkloadActual  19: 5 op, 544272600.00 ns, 108.8545 ms/op
WorkloadActual  20: 5 op, 530128700.00 ns, 106.0257 ms/op
WorkloadActual  21: 5 op, 505240400.00 ns, 101.0481 ms/op
WorkloadActual  22: 5 op, 505173000.00 ns, 101.0346 ms/op
WorkloadActual  23: 5 op, 498527800.00 ns, 99.7056 ms/op
WorkloadActual  24: 5 op, 506358700.00 ns, 101.2717 ms/op
WorkloadActual  25: 5 op, 497112700.00 ns, 99.4225 ms/op
WorkloadActual  26: 5 op, 451107400.00 ns, 90.2215 ms/op
WorkloadActual  27: 5 op, 510475800.00 ns, 102.0952 ms/op
WorkloadActual  28: 5 op, 504703300.00 ns, 100.9407 ms/op
WorkloadActual  29: 5 op, 485826000.00 ns, 97.1652 ms/op
WorkloadActual  30: 5 op, 565253400.00 ns, 113.0507 ms/op
WorkloadActual  31: 5 op, 372319500.00 ns, 74.4639 ms/op
WorkloadActual  32: 5 op, 363260100.00 ns, 72.6520 ms/op
WorkloadActual  33: 5 op, 360700200.00 ns, 72.1400 ms/op
WorkloadActual  34: 5 op, 376911700.00 ns, 75.3823 ms/op
WorkloadActual  35: 5 op, 351382300.00 ns, 70.2765 ms/op
WorkloadActual  36: 5 op, 345537000.00 ns, 69.1074 ms/op
WorkloadActual  37: 5 op, 381147500.00 ns, 76.2295 ms/op
WorkloadActual  38: 5 op, 544882700.00 ns, 108.9765 ms/op
WorkloadActual  39: 5 op, 453881000.00 ns, 90.7762 ms/op
WorkloadActual  40: 5 op, 435678500.00 ns, 87.1357 ms/op
WorkloadActual  41: 5 op, 385234500.00 ns, 77.0469 ms/op
WorkloadActual  42: 5 op, 457371900.00 ns, 91.4744 ms/op
WorkloadActual  43: 5 op, 499924100.00 ns, 99.9848 ms/op
WorkloadActual  44: 5 op, 344586800.00 ns, 68.9174 ms/op
WorkloadActual  45: 5 op, 442062200.00 ns, 88.4124 ms/op
WorkloadActual  46: 5 op, 490876900.00 ns, 98.1754 ms/op
WorkloadActual  47: 5 op, 548896800.00 ns, 109.7794 ms/op
WorkloadActual  48: 5 op, 533600300.00 ns, 106.7201 ms/op
WorkloadActual  49: 5 op, 556590900.00 ns, 111.3182 ms/op
WorkloadActual  50: 5 op, 522394500.00 ns, 104.4789 ms/op
WorkloadActual  51: 5 op, 518162100.00 ns, 103.6324 ms/op
WorkloadActual  52: 5 op, 513000700.00 ns, 102.6001 ms/op
WorkloadActual  53: 5 op, 602811700.00 ns, 120.5623 ms/op
WorkloadActual  54: 5 op, 616347200.00 ns, 123.2694 ms/op
WorkloadActual  55: 5 op, 615997100.00 ns, 123.1994 ms/op
WorkloadActual  56: 5 op, 609820600.00 ns, 121.9641 ms/op
WorkloadActual  57: 5 op, 490544500.00 ns, 98.1089 ms/op
WorkloadActual  58: 5 op, 485889500.00 ns, 97.1779 ms/op
WorkloadActual  59: 5 op, 475209800.00 ns, 95.0420 ms/op
WorkloadActual  60: 5 op, 478492600.00 ns, 95.6985 ms/op
WorkloadActual  61: 5 op, 480229400.00 ns, 96.0459 ms/op
WorkloadActual  62: 5 op, 474569200.00 ns, 94.9138 ms/op
WorkloadActual  63: 5 op, 480567800.00 ns, 96.1136 ms/op
WorkloadActual  64: 5 op, 479972000.00 ns, 95.9944 ms/op
WorkloadActual  65: 5 op, 501421400.00 ns, 100.2843 ms/op
WorkloadActual  66: 5 op, 473525800.00 ns, 94.7052 ms/op
WorkloadActual  67: 5 op, 474899500.00 ns, 94.9799 ms/op
WorkloadActual  68: 5 op, 471548900.00 ns, 94.3098 ms/op
WorkloadActual  69: 5 op, 498759400.00 ns, 99.7519 ms/op
WorkloadActual  70: 5 op, 472870700.00 ns, 94.5741 ms/op
WorkloadActual  71: 5 op, 469716400.00 ns, 93.9433 ms/op
WorkloadActual  72: 5 op, 475977100.00 ns, 95.1954 ms/op
WorkloadActual  73: 5 op, 470406300.00 ns, 94.0813 ms/op
WorkloadActual  74: 5 op, 476751500.00 ns, 95.3503 ms/op
WorkloadActual  75: 5 op, 478086400.00 ns, 95.6173 ms/op
WorkloadActual  76: 5 op, 471632800.00 ns, 94.3266 ms/op
WorkloadActual  77: 5 op, 473765800.00 ns, 94.7532 ms/op
WorkloadActual  78: 5 op, 472354000.00 ns, 94.4708 ms/op
WorkloadActual  79: 5 op, 474378300.00 ns, 94.8757 ms/op
WorkloadActual  80: 5 op, 472683500.00 ns, 94.5367 ms/op
WorkloadActual  81: 5 op, 473326100.00 ns, 94.6652 ms/op
WorkloadActual  82: 5 op, 467179800.00 ns, 93.4360 ms/op
WorkloadActual  83: 5 op, 469291000.00 ns, 93.8582 ms/op
WorkloadActual  84: 5 op, 477978500.00 ns, 95.5957 ms/op
WorkloadActual  85: 5 op, 466194100.00 ns, 93.2388 ms/op
WorkloadActual  86: 5 op, 470989400.00 ns, 94.1979 ms/op
WorkloadActual  87: 5 op, 475638200.00 ns, 95.1276 ms/op
WorkloadActual  88: 5 op, 461968500.00 ns, 92.3937 ms/op
WorkloadActual  89: 5 op, 480659000.00 ns, 96.1318 ms/op
WorkloadActual  90: 5 op, 476146300.00 ns, 95.2293 ms/op
WorkloadActual  91: 5 op, 472373000.00 ns, 94.4746 ms/op
WorkloadActual  92: 5 op, 473669300.00 ns, 94.7339 ms/op
WorkloadActual  93: 5 op, 477349100.00 ns, 95.4698 ms/op
WorkloadActual  94: 5 op, 479069000.00 ns, 95.8138 ms/op
WorkloadActual  95: 5 op, 487486800.00 ns, 97.4974 ms/op
WorkloadActual  96: 5 op, 475916900.00 ns, 95.1834 ms/op
WorkloadActual  97: 5 op, 471818000.00 ns, 94.3636 ms/op
WorkloadActual  98: 5 op, 482266900.00 ns, 96.4534 ms/op
WorkloadActual  99: 5 op, 475068100.00 ns, 95.0136 ms/op
WorkloadActual  100: 5 op, 474441500.00 ns, 94.8883 ms/op

// AfterActualRun
WorkloadResult   1: 5 op, 505669300.00 ns, 101.1339 ms/op
WorkloadResult   2: 5 op, 371789200.00 ns, 74.3578 ms/op
WorkloadResult   3: 5 op, 427644200.00 ns, 85.5288 ms/op
WorkloadResult   4: 5 op, 442938800.00 ns, 88.5878 ms/op
WorkloadResult   5: 5 op, 464380800.00 ns, 92.8762 ms/op
WorkloadResult   6: 5 op, 394878500.00 ns, 78.9757 ms/op
WorkloadResult   7: 5 op, 410877600.00 ns, 82.1755 ms/op
WorkloadResult   8: 5 op, 517079700.00 ns, 103.4159 ms/op
WorkloadResult   9: 5 op, 361898600.00 ns, 72.3797 ms/op
WorkloadResult  10: 5 op, 540229400.00 ns, 108.0459 ms/op
WorkloadResult  11: 5 op, 496992500.00 ns, 99.3985 ms/op
WorkloadResult  12: 5 op, 421832700.00 ns, 84.3665 ms/op
WorkloadResult  13: 5 op, 457006100.00 ns, 91.4012 ms/op
WorkloadResult  14: 5 op, 518771200.00 ns, 103.7542 ms/op
WorkloadResult  15: 5 op, 529400100.00 ns, 105.8800 ms/op
WorkloadResult  16: 5 op, 535629900.00 ns, 107.1260 ms/op
WorkloadResult  17: 5 op, 544272600.00 ns, 108.8545 ms/op
WorkloadResult  18: 5 op, 530128700.00 ns, 106.0257 ms/op
WorkloadResult  19: 5 op, 505240400.00 ns, 101.0481 ms/op
WorkloadResult  20: 5 op, 505173000.00 ns, 101.0346 ms/op
WorkloadResult  21: 5 op, 498527800.00 ns, 99.7056 ms/op
WorkloadResult  22: 5 op, 506358700.00 ns, 101.2717 ms/op
WorkloadResult  23: 5 op, 497112700.00 ns, 99.4225 ms/op
WorkloadResult  24: 5 op, 451107400.00 ns, 90.2215 ms/op
WorkloadResult  25: 5 op, 510475800.00 ns, 102.0952 ms/op
WorkloadResult  26: 5 op, 504703300.00 ns, 100.9407 ms/op
WorkloadResult  27: 5 op, 485826000.00 ns, 97.1652 ms/op
WorkloadResult  28: 5 op, 372319500.00 ns, 74.4639 ms/op
WorkloadResult  29: 5 op, 363260100.00 ns, 72.6520 ms/op
WorkloadResult  30: 5 op, 360700200.00 ns, 72.1400 ms/op
WorkloadResult  31: 5 op, 376911700.00 ns, 75.3823 ms/op
WorkloadResult  32: 5 op, 351382300.00 ns, 70.2765 ms/op
WorkloadResult  33: 5 op, 345537000.00 ns, 69.1074 ms/op
WorkloadResult  34: 5 op, 381147500.00 ns, 76.2295 ms/op
WorkloadResult  35: 5 op, 544882700.00 ns, 108.9765 ms/op
WorkloadResult  36: 5 op, 453881000.00 ns, 90.7762 ms/op
WorkloadResult  37: 5 op, 435678500.00 ns, 87.1357 ms/op
WorkloadResult  38: 5 op, 385234500.00 ns, 77.0469 ms/op
WorkloadResult  39: 5 op, 457371900.00 ns, 91.4744 ms/op
WorkloadResult  40: 5 op, 499924100.00 ns, 99.9848 ms/op
WorkloadResult  41: 5 op, 344586800.00 ns, 68.9174 ms/op
WorkloadResult  42: 5 op, 442062200.00 ns, 88.4124 ms/op
WorkloadResult  43: 5 op, 490876900.00 ns, 98.1754 ms/op
WorkloadResult  44: 5 op, 548896800.00 ns, 109.7794 ms/op
WorkloadResult  45: 5 op, 533600300.00 ns, 106.7201 ms/op
WorkloadResult  46: 5 op, 556590900.00 ns, 111.3182 ms/op
WorkloadResult  47: 5 op, 522394500.00 ns, 104.4789 ms/op
WorkloadResult  48: 5 op, 518162100.00 ns, 103.6324 ms/op
WorkloadResult  49: 5 op, 513000700.00 ns, 102.6001 ms/op
WorkloadResult  50: 5 op, 490544500.00 ns, 98.1089 ms/op
WorkloadResult  51: 5 op, 485889500.00 ns, 97.1779 ms/op
WorkloadResult  52: 5 op, 475209800.00 ns, 95.0420 ms/op
WorkloadResult  53: 5 op, 478492600.00 ns, 95.6985 ms/op
WorkloadResult  54: 5 op, 480229400.00 ns, 96.0459 ms/op
WorkloadResult  55: 5 op, 474569200.00 ns, 94.9138 ms/op
WorkloadResult  56: 5 op, 480567800.00 ns, 96.1136 ms/op
WorkloadResult  57: 5 op, 479972000.00 ns, 95.9944 ms/op
WorkloadResult  58: 5 op, 501421400.00 ns, 100.2843 ms/op
WorkloadResult  59: 5 op, 473525800.00 ns, 94.7052 ms/op
WorkloadResult  60: 5 op, 474899500.00 ns, 94.9799 ms/op
WorkloadResult  61: 5 op, 471548900.00 ns, 94.3098 ms/op
WorkloadResult  62: 5 op, 498759400.00 ns, 99.7519 ms/op
WorkloadResult  63: 5 op, 472870700.00 ns, 94.5741 ms/op
WorkloadResult  64: 5 op, 469716400.00 ns, 93.9433 ms/op
WorkloadResult  65: 5 op, 475977100.00 ns, 95.1954 ms/op
WorkloadResult  66: 5 op, 470406300.00 ns, 94.0813 ms/op
WorkloadResult  67: 5 op, 476751500.00 ns, 95.3503 ms/op
WorkloadResult  68: 5 op, 478086400.00 ns, 95.6173 ms/op
WorkloadResult  69: 5 op, 471632800.00 ns, 94.3266 ms/op
WorkloadResult  70: 5 op, 473765800.00 ns, 94.7532 ms/op
WorkloadResult  71: 5 op, 472354000.00 ns, 94.4708 ms/op
WorkloadResult  72: 5 op, 474378300.00 ns, 94.8757 ms/op
WorkloadResult  73: 5 op, 472683500.00 ns, 94.5367 ms/op
WorkloadResult  74: 5 op, 473326100.00 ns, 94.6652 ms/op
WorkloadResult  75: 5 op, 467179800.00 ns, 93.4360 ms/op
WorkloadResult  76: 5 op, 469291000.00 ns, 93.8582 ms/op
WorkloadResult  77: 5 op, 477978500.00 ns, 95.5957 ms/op
WorkloadResult  78: 5 op, 466194100.00 ns, 93.2388 ms/op
WorkloadResult  79: 5 op, 470989400.00 ns, 94.1979 ms/op
WorkloadResult  80: 5 op, 475638200.00 ns, 95.1276 ms/op
WorkloadResult  81: 5 op, 461968500.00 ns, 92.3937 ms/op
WorkloadResult  82: 5 op, 480659000.00 ns, 96.1318 ms/op
WorkloadResult  83: 5 op, 476146300.00 ns, 95.2293 ms/op
WorkloadResult  84: 5 op, 472373000.00 ns, 94.4746 ms/op
WorkloadResult  85: 5 op, 473669300.00 ns, 94.7339 ms/op
WorkloadResult  86: 5 op, 477349100.00 ns, 95.4698 ms/op
WorkloadResult  87: 5 op, 479069000.00 ns, 95.8138 ms/op
WorkloadResult  88: 5 op, 487486800.00 ns, 97.4974 ms/op
WorkloadResult  89: 5 op, 475916900.00 ns, 95.1834 ms/op
WorkloadResult  90: 5 op, 471818000.00 ns, 94.3636 ms/op
WorkloadResult  91: 5 op, 482266900.00 ns, 96.4534 ms/op
WorkloadResult  92: 5 op, 475068100.00 ns, 95.0136 ms/op
WorkloadResult  93: 5 op, 474441500.00 ns, 94.8883 ms/op
// GC:  0 0 0 2640 5
// Threading:  0 0 5

// AfterAll
// Benchmark Process 25296 has exited with code 0.

Mean = 93.973 ms, StdErr = 0.998 ms (1.06%), N = 93, StdDev = 9.622 ms
Min = 68.917 ms, Q1 = 92.876 ms, Median = 95.042 ms, Q3 = 99.706 ms, Max = 111.318 ms
IQR = 6.829 ms, LowerFence = 82.632 ms, UpperFence = 109.950 ms
ConfidenceInterval = [90.581 ms; 97.365 ms] (CI 99.9%), Margin = 3.392 ms (3.61% of Mean)
Skewness = -0.95, Kurtosis = 3.62, MValue = 2.05

// ** Remained 0 (0.0%) benchmark(s) to run. Estimated finish 2026-05-10 23:16 (0h 0m from now) **
Successfully reverted power plan (GUID: 381b4222-f694-41f0-9685-ff5bb260df2e FriendlyName: 平衡)
// ***** BenchmarkRunner: Finish  *****

// * Export *
  BenchmarkDotNet.Artifacts\results\RangeBenchmark-report.csv
  BenchmarkDotNet.Artifacts\results\RangeBenchmark-report-github.md
  BenchmarkDotNet.Artifacts\results\RangeBenchmark-report.html

// * Detailed results *
RangeBenchmark.'BPT  Range': DefaultJob [Ratio=0.01, N=10000]
Runtime = .NET 10.0.7 (10.0.726.21808), X64 RyuJIT AVX-512F+CD+BW+DQ+VL+VBMI; GC = Concurrent Workstation
Mean = 661.721 ns, StdErr = 1.182 ns (0.18%), N = 12, StdDev = 4.095 ns
Min = 656.463 ns, Q1 = 659.178 ns, Median = 660.846 ns, Q3 = 662.609 ns, Max = 670.572 ns
IQR = 3.431 ns, LowerFence = 654.031 ns, UpperFence = 667.755 ns
ConfidenceInterval = [656.476 ns; 666.967 ns] (CI 99.9%), Margin = 5.245 ns (0.79% of Mean)
Skewness = 0.88, Kurtosis = 2.63, MValue = 2
-------------------- Histogram --------------------
[654.116 ns ; 672.920 ns) | @@@@@@@@@@@@
---------------------------------------------------

RangeBenchmark.'SD   Range (foreach+break)': DefaultJob [Ratio=0.01, N=10000]
Runtime = .NET 10.0.7 (10.0.726.21808), X64 RyuJIT AVX-512F+CD+BW+DQ+VL+VBMI; GC = Concurrent Workstation
Mean = 425.983 ns, StdErr = 2.249 ns (0.53%), N = 24, StdDev = 11.020 ns
Min = 406.575 ns, Q1 = 418.834 ns, Median = 423.052 ns, Q3 = 432.337 ns, Max = 449.358 ns
IQR = 13.503 ns, LowerFence = 398.581 ns, UpperFence = 452.591 ns
ConfidenceInterval = [417.508 ns; 434.458 ns] (CI 99.9%), Margin = 8.475 ns (1.99% of Mean)
Skewness = 0.48, Kurtosis = 2.39, MValue = 2
-------------------- Histogram --------------------
[401.561 ns ; 411.337 ns) | @
[411.337 ns ; 421.365 ns) | @@@@@@@@@@@
[421.365 ns ; 438.854 ns) | @@@@@@@@@@
[438.854 ns ; 454.372 ns) | @@
---------------------------------------------------

RangeBenchmark.'SD   Range (LINQ)': DefaultJob [Ratio=0.01, N=10000]
Runtime = .NET 10.0.7 (10.0.726.21808), X64 RyuJIT AVX-512F+CD+BW+DQ+VL+VBMI; GC = Concurrent Workstation
Mean = 112.908 μs, StdErr = 0.505 μs (0.45%), N = 15, StdDev = 1.955 μs
Min = 110.773 μs, Q1 = 111.203 μs, Median = 112.504 μs, Q3 = 114.239 μs, Max = 117.396 μs
IQR = 3.036 μs, LowerFence = 106.648 μs, UpperFence = 118.794 μs
ConfidenceInterval = [110.818 μs; 114.998 μs] (CI 99.9%), Margin = 2.090 μs (1.85% of Mean)
Skewness = 0.73, Kurtosis = 2.41, MValue = 2
-------------------- Histogram --------------------
[110.535 μs ; 113.217 μs) | @@@@@@@@@
[113.217 μs ; 118.437 μs) | @@@@@@
---------------------------------------------------

RangeBenchmark.'BPT  Range': DefaultJob [Ratio=0.01, N=100000]
Runtime = .NET 10.0.7 (10.0.726.21808), X64 RyuJIT AVX-512F+CD+BW+DQ+VL+VBMI; GC = Concurrent Workstation
Mean = 6.570 μs, StdErr = 0.032 μs (0.49%), N = 21, StdDev = 0.148 μs
Min = 6.318 μs, Q1 = 6.489 μs, Median = 6.568 μs, Q3 = 6.660 μs, Max = 6.905 μs
IQR = 0.171 μs, LowerFence = 6.232 μs, UpperFence = 6.916 μs
ConfidenceInterval = [6.445 μs; 6.694 μs] (CI 99.9%), Margin = 0.124 μs (1.89% of Mean)
Skewness = 0.33, Kurtosis = 2.59, MValue = 2
-------------------- Histogram --------------------
[6.292 μs ; 6.432 μs) | @@@@
[6.432 μs ; 6.618 μs) | @@@@@@@@@@
[6.618 μs ; 6.796 μs) | @@@@@
[6.796 μs ; 6.937 μs) | @@
---------------------------------------------------

RangeBenchmark.'SD   Range (foreach+break)': DefaultJob [Ratio=0.01, N=100000]
Runtime = .NET 10.0.7 (10.0.726.21808), X64 RyuJIT AVX-512F+CD+BW+DQ+VL+VBMI; GC = Concurrent Workstation
Mean = 4.206 μs, StdErr = 0.019 μs (0.44%), N = 14, StdDev = 0.069 μs
Min = 4.062 μs, Q1 = 4.152 μs, Median = 4.224 μs, Q3 = 4.247 μs, Max = 4.309 μs
IQR = 0.095 μs, LowerFence = 4.010 μs, UpperFence = 4.390 μs
ConfidenceInterval = [4.128 μs; 4.285 μs] (CI 99.9%), Margin = 0.078 μs (1.86% of Mean)
Skewness = -0.45, Kurtosis = 2.11, MValue = 2
-------------------- Histogram --------------------
[4.024 μs ; 4.182 μs) | @@@@@
[4.182 μs ; 4.347 μs) | @@@@@@@@@
---------------------------------------------------

RangeBenchmark.'SD   Range (LINQ)': DefaultJob [Ratio=0.01, N=100000]
Runtime = .NET 10.0.7 (10.0.726.21808), X64 RyuJIT AVX-512F+CD+BW+DQ+VL+VBMI; GC = Concurrent Workstation
Mean = 2.000 ms, StdErr = 0.029 ms (1.47%), N = 99, StdDev = 0.293 ms
Min = 1.677 ms, Q1 = 1.733 ms, Median = 1.924 ms, Q3 = 2.210 ms, Max = 2.814 ms
IQR = 0.478 ms, LowerFence = 1.016 ms, UpperFence = 2.927 ms
ConfidenceInterval = [1.900 ms; 2.100 ms] (CI 99.9%), Margin = 0.100 ms (5.00% of Mean)
Skewness = 0.81, Kurtosis = 2.75, MValue = 3.72
-------------------- Histogram --------------------
[1.594 ms ; 1.679 ms) | @
[1.679 ms ; 1.846 ms) | @@@@@@@@@@@@@@@@@@@@@@@@@@@@@@@@@@@@@@@@@@@
[1.846 ms ; 1.985 ms) | @@@@@@
[1.985 ms ; 2.151 ms) | @@@@@@@@@@@@@@@@@@@@@@@
[2.151 ms ; 2.233 ms) | @
[2.233 ms ; 2.399 ms) | @@@@@@@@@@@@@@@@
[2.399 ms ; 2.575 ms) | @@@@
[2.575 ms ; 2.658 ms) | 
[2.658 ms ; 2.824 ms) | @@@@@
---------------------------------------------------

RangeBenchmark.'BPT  Range': DefaultJob [Ratio=0.01, N=1000000]
Runtime = .NET 10.0.7 (10.0.726.21808), X64 RyuJIT AVX-512F+CD+BW+DQ+VL+VBMI; GC = Concurrent Workstation
Mean = 65.042 μs, StdErr = 0.020 μs (0.03%), N = 15, StdDev = 0.076 μs
Min = 64.885 μs, Q1 = 64.997 μs, Median = 65.057 μs, Q3 = 65.095 μs, Max = 65.149 μs
IQR = 0.098 μs, LowerFence = 64.850 μs, UpperFence = 65.242 μs
ConfidenceInterval = [64.961 μs; 65.122 μs] (CI 99.9%), Margin = 0.081 μs (0.12% of Mean)
Skewness = -0.44, Kurtosis = 2.2, MValue = 2
-------------------- Histogram --------------------
[64.845 μs ; 65.189 μs) | @@@@@@@@@@@@@@@
---------------------------------------------------

RangeBenchmark.'SD   Range (foreach+break)': DefaultJob [Ratio=0.01, N=1000000]
Runtime = .NET 10.0.7 (10.0.726.21808), X64 RyuJIT AVX-512F+CD+BW+DQ+VL+VBMI; GC = Concurrent Workstation
Mean = 115.902 μs, StdErr = 0.616 μs (0.53%), N = 26, StdDev = 3.142 μs
Min = 110.537 μs, Q1 = 113.855 μs, Median = 114.992 μs, Q3 = 118.241 μs, Max = 121.976 μs
IQR = 4.385 μs, LowerFence = 107.277 μs, UpperFence = 124.819 μs
ConfidenceInterval = [113.606 μs; 118.197 μs] (CI 99.9%), Margin = 2.296 μs (1.98% of Mean)
Skewness = 0.5, Kurtosis = 2.08, MValue = 2.57
-------------------- Histogram --------------------
[109.766 μs ; 112.544 μs) | @@
[112.544 μs ; 115.328 μs) | @@@@@@@@@@@@@@
[115.328 μs ; 118.478 μs) | @@@
[118.478 μs ; 123.368 μs) | @@@@@@@
---------------------------------------------------

RangeBenchmark.'SD   Range (LINQ)': DefaultJob [Ratio=0.01, N=1000000]
Runtime = .NET 10.0.7 (10.0.726.21808), X64 RyuJIT AVX-512F+CD+BW+DQ+VL+VBMI; GC = Concurrent Workstation
Mean = 86.568 ms, StdErr = 1.482 ms (1.71%), N = 99, StdDev = 14.748 ms
Min = 70.152 ms, Q1 = 75.418 ms, Median = 81.799 ms, Q3 = 96.003 ms, Max = 125.716 ms
IQR = 20.585 ms, LowerFence = 44.541 ms, UpperFence = 126.880 ms
ConfidenceInterval = [81.539 ms; 91.597 ms] (CI 99.9%), Margin = 5.029 ms (5.81% of Mean)
Skewness = 1.01, Kurtosis = 2.88, MValue = 2.7
-------------------- Histogram --------------------
[ 65.968 ms ;  70.882 ms) | @@
[ 70.882 ms ;  79.251 ms) | @@@@@@@@@@@@@@@@@@@@@@@@@@@@@@@@@@@@@@@@
[ 79.251 ms ;  88.222 ms) | @@@@@@@@@@@@@@@@@@@@@@@@
[ 88.222 ms ;  92.115 ms) | @@@@@
[ 92.115 ms ; 100.484 ms) | @@@@@@@@@@@
[100.484 ms ; 103.936 ms) | @
[103.936 ms ; 112.761 ms) | @@@@@@
[112.761 ms ; 121.130 ms) | @@@@@@@@@
[121.130 ms ; 129.900 ms) | @
---------------------------------------------------

RangeBenchmark.'BPT  Range': DefaultJob [Ratio=0.1, N=10000]
Runtime = .NET 10.0.7 (10.0.726.21808), X64 RyuJIT AVX-512F+CD+BW+DQ+VL+VBMI; GC = Concurrent Workstation
Mean = 6.404 μs, StdErr = 0.010 μs (0.15%), N = 15, StdDev = 0.037 μs
Min = 6.350 μs, Q1 = 6.376 μs, Median = 6.396 μs, Q3 = 6.440 μs, Max = 6.455 μs
IQR = 0.064 μs, LowerFence = 6.280 μs, UpperFence = 6.537 μs
ConfidenceInterval = [6.365 μs; 6.444 μs] (CI 99.9%), Margin = 0.039 μs (0.62% of Mean)
Skewness = 0.03, Kurtosis = 1.31, MValue = 2
-------------------- Histogram --------------------
[6.330 μs ; 6.475 μs) | @@@@@@@@@@@@@@@
---------------------------------------------------

RangeBenchmark.'SD   Range (foreach+break)': DefaultJob [Ratio=0.1, N=10000]
Runtime = .NET 10.0.7 (10.0.726.21808), X64 RyuJIT AVX-512F+CD+BW+DQ+VL+VBMI; GC = Concurrent Workstation
Mean = 4.136 μs, StdErr = 0.022 μs (0.54%), N = 30, StdDev = 0.122 μs
Min = 3.910 μs, Q1 = 4.059 μs, Median = 4.122 μs, Q3 = 4.207 μs, Max = 4.435 μs
IQR = 0.148 μs, LowerFence = 3.837 μs, UpperFence = 4.430 μs
ConfidenceInterval = [4.054 μs; 4.218 μs] (CI 99.9%), Margin = 0.082 μs (1.98% of Mean)
Skewness = 0.27, Kurtosis = 2.68, MValue = 2
-------------------- Histogram --------------------
[3.895 μs ; 3.999 μs) | @@@@
[3.999 μs ; 4.128 μs) | @@@@@@@@@@@@
[4.128 μs ; 4.263 μs) | @@@@@@@@@@@
[4.263 μs ; 4.379 μs) | @@
[4.379 μs ; 4.487 μs) | @
---------------------------------------------------

RangeBenchmark.'SD   Range (LINQ)': DefaultJob [Ratio=0.1, N=10000]
Runtime = .NET 10.0.7 (10.0.726.21808), X64 RyuJIT AVX-512F+CD+BW+DQ+VL+VBMI; GC = Concurrent Workstation
Mean = 111.438 μs, StdErr = 0.528 μs (0.47%), N = 15, StdDev = 2.046 μs
Min = 108.919 μs, Q1 = 109.780 μs, Median = 110.867 μs, Q3 = 112.889 μs, Max = 115.975 μs
IQR = 3.109 μs, LowerFence = 105.116 μs, UpperFence = 117.553 μs
ConfidenceInterval = [109.251 μs; 113.625 μs] (CI 99.9%), Margin = 2.187 μs (1.96% of Mean)
Skewness = 0.58, Kurtosis = 2.19, MValue = 2
-------------------- Histogram --------------------
[108.794 μs ; 111.694 μs) | @@@@@@@@
[111.694 μs ; 117.063 μs) | @@@@@@@
---------------------------------------------------

RangeBenchmark.'BPT  Range': DefaultJob [Ratio=0.1, N=100000]
Runtime = .NET 10.0.7 (10.0.726.21808), X64 RyuJIT AVX-512F+CD+BW+DQ+VL+VBMI; GC = Concurrent Workstation
Mean = 67.306 μs, StdErr = 0.218 μs (0.32%), N = 14, StdDev = 0.818 μs
Min = 65.664 μs, Q1 = 67.096 μs, Median = 67.365 μs, Q3 = 67.975 μs, Max = 68.361 μs
IQR = 0.878 μs, LowerFence = 65.779 μs, UpperFence = 69.292 μs
ConfidenceInterval = [66.384 μs; 68.228 μs] (CI 99.9%), Margin = 0.922 μs (1.37% of Mean)
Skewness = -0.57, Kurtosis = 2.12, MValue = 2
-------------------- Histogram --------------------
[65.320 μs ; 66.929 μs) | @@@
[66.929 μs ; 68.807 μs) | @@@@@@@@@@@
---------------------------------------------------

RangeBenchmark.'SD   Range (foreach+break)': DefaultJob [Ratio=0.1, N=100000]
Runtime = .NET 10.0.7 (10.0.726.21808), X64 RyuJIT AVX-512F+CD+BW+DQ+VL+VBMI; GC = Concurrent Workstation
Mean = 67.712 μs, StdErr = 0.362 μs (0.54%), N = 27, StdDev = 1.883 μs
Min = 64.602 μs, Q1 = 66.305 μs, Median = 67.651 μs, Q3 = 69.051 μs, Max = 71.821 μs
IQR = 2.745 μs, LowerFence = 62.187 μs, UpperFence = 73.169 μs
ConfidenceInterval = [66.368 μs; 69.055 μs] (CI 99.9%), Margin = 1.343 μs (1.98% of Mean)
Skewness = 0.17, Kurtosis = 2.16, MValue = 2
-------------------- Histogram --------------------
[64.498 μs ; 66.146 μs) | @@@@@@@
[66.146 μs ; 68.737 μs) | @@@@@@@@@@@@
[68.737 μs ; 70.535 μs) | @@@@@@@
[70.535 μs ; 72.645 μs) | @
---------------------------------------------------

RangeBenchmark.'SD   Range (LINQ)': DefaultJob [Ratio=0.1, N=100000]
Runtime = .NET 10.0.7 (10.0.726.21808), X64 RyuJIT AVX-512F+CD+BW+DQ+VL+VBMI; GC = Concurrent Workstation
Mean = 1.920 ms, StdErr = 0.017 ms (0.87%), N = 97, StdDev = 0.165 ms
Min = 1.701 ms, Q1 = 1.764 ms, Median = 1.902 ms, Q3 = 2.003 ms, Max = 2.378 ms
IQR = 0.239 ms, LowerFence = 1.406 ms, UpperFence = 2.361 ms
ConfidenceInterval = [1.863 ms; 1.977 ms] (CI 99.9%), Margin = 0.057 ms (2.97% of Mean)
Skewness = 0.64, Kurtosis = 2.63, MValue = 2.67
-------------------- Histogram --------------------
[1.699 ms ; 1.820 ms) | @@@@@@@@@@@@@@@@@@@@@@@@@@@@@@
[1.820 ms ; 1.915 ms) | @@@@@@@@@@@@@@@@@@@@@
[1.915 ms ; 2.009 ms) | @@@@@@@@@@@@@@@@@@@@@@@
[2.009 ms ; 2.091 ms) | @@@@@
[2.091 ms ; 2.186 ms) | @@@@@@@@@@@@
[2.186 ms ; 2.245 ms) | @@
[2.245 ms ; 2.339 ms) | @@@
[2.339 ms ; 2.426 ms) | @
---------------------------------------------------

RangeBenchmark.'BPT  Range': DefaultJob [Ratio=0.1, N=1000000]
Runtime = .NET 10.0.7 (10.0.726.21808), X64 RyuJIT AVX-512F+CD+BW+DQ+VL+VBMI; GC = Concurrent Workstation
Mean = 706.254 μs, StdErr = 3.710 μs (0.53%), N = 27, StdDev = 19.277 μs
Min = 669.681 μs, Q1 = 693.610 μs, Median = 709.515 μs, Q3 = 716.320 μs, Max = 742.069 μs
IQR = 22.710 μs, LowerFence = 659.546 μs, UpperFence = 750.384 μs
ConfidenceInterval = [692.503 μs; 720.005 μs] (CI 99.9%), Margin = 13.751 μs (1.95% of Mean)
Skewness = -0.15, Kurtosis = 2.1, MValue = 2
-------------------- Histogram --------------------
[668.627 μs ; 698.881 μs) | @@@@@@@@
[698.881 μs ; 715.748 μs) | @@@@@@@@@@@@
[715.748 μs ; 750.502 μs) | @@@@@@@
---------------------------------------------------

RangeBenchmark.'SD   Range (foreach+break)': DefaultJob [Ratio=0.1, N=1000000]
Runtime = .NET 10.0.7 (10.0.726.21808), X64 RyuJIT AVX-512F+CD+BW+DQ+VL+VBMI; GC = Concurrent Workstation
Mean = 2.495 ms, StdErr = 0.068 ms (2.72%), N = 100, StdDev = 0.677 ms
Min = 1.517 ms, Q1 = 1.959 ms, Median = 2.336 ms, Q3 = 2.854 ms, Max = 4.031 ms
IQR = 0.895 ms, LowerFence = 0.616 ms, UpperFence = 4.197 ms
ConfidenceInterval = [2.265 ms; 2.725 ms] (CI 99.9%), Margin = 0.230 ms (9.21% of Mean)
Skewness = 0.65, Kurtosis = 2.56, MValue = 2.3
-------------------- Histogram --------------------
[1.515 ms ; 1.925 ms) | @@@@@@@@@@@@@@@@@
[1.925 ms ; 2.308 ms) | @@@@@@@@@@@@@@@@@@@@@@@@@@@@@@@@@
[2.308 ms ; 2.737 ms) | @@@@@@@@@@@@@@@@@@@@@@
[2.737 ms ; 3.205 ms) | @@@@@@@@@@@@
[3.205 ms ; 3.629 ms) | @@@@@
[3.629 ms ; 4.012 ms) | @@@@@@@@@@
[4.012 ms ; 4.222 ms) | @
---------------------------------------------------

RangeBenchmark.'SD   Range (LINQ)': DefaultJob [Ratio=0.1, N=1000000]
Runtime = .NET 10.0.7 (10.0.726.21808), X64 RyuJIT AVX-512F+CD+BW+DQ+VL+VBMI; GC = Concurrent Workstation
Mean = 81.340 ms, StdErr = 1.135 ms (1.40%), N = 100, StdDev = 11.348 ms
Min = 67.297 ms, Q1 = 72.865 ms, Median = 76.546 ms, Q3 = 89.107 ms, Max = 109.635 ms
IQR = 16.242 ms, LowerFence = 48.502 ms, UpperFence = 113.470 ms
ConfidenceInterval = [77.492 ms; 85.189 ms] (CI 99.9%), Margin = 3.849 ms (4.73% of Mean)
Skewness = 0.99, Kurtosis = 2.71, MValue = 2.49
-------------------- Histogram --------------------
[ 64.088 ms ;  70.252 ms) | @@@@@@
[ 70.252 ms ;  76.670 ms) | @@@@@@@@@@@@@@@@@@@@@@@@@@@@@@@@@@@@@@@@@@@@@
[ 76.670 ms ;  82.177 ms) | @@@@@@@@@@@@@@@@@
[ 82.177 ms ;  84.427 ms) | @@
[ 84.427 ms ;  92.481 ms) | @@@@@@@@@@
[ 92.481 ms ;  99.461 ms) | @@@@@@@
[ 99.461 ms ; 105.879 ms) | @@@@@@@@@@
[105.879 ms ; 112.844 ms) | @@@
---------------------------------------------------

RangeBenchmark.'BPT  Range': DefaultJob [Ratio=0.5, N=10000]
Runtime = .NET 10.0.7 (10.0.726.21808), X64 RyuJIT AVX-512F+CD+BW+DQ+VL+VBMI; GC = Concurrent Workstation
Mean = 32.583 μs, StdErr = 0.134 μs (0.41%), N = 14, StdDev = 0.500 μs
Min = 31.892 μs, Q1 = 32.106 μs, Median = 32.618 μs, Q3 = 32.902 μs, Max = 33.496 μs
IQR = 0.795 μs, LowerFence = 30.913 μs, UpperFence = 34.095 μs
ConfidenceInterval = [32.018 μs; 33.148 μs] (CI 99.9%), Margin = 0.565 μs (1.73% of Mean)
Skewness = 0.22, Kurtosis = 1.73, MValue = 2
-------------------- Histogram --------------------
[31.797 μs ; 33.073 μs) | @@@@@@@@@@@@
[33.073 μs ; 33.768 μs) | @@
---------------------------------------------------

RangeBenchmark.'SD   Range (foreach+break)': DefaultJob [Ratio=0.5, N=10000]
Runtime = .NET 10.0.7 (10.0.726.21808), X64 RyuJIT AVX-512F+CD+BW+DQ+VL+VBMI; GC = Concurrent Workstation
Mean = 19.425 μs, StdErr = 0.066 μs (0.34%), N = 14, StdDev = 0.247 μs
Min = 18.990 μs, Q1 = 19.313 μs, Median = 19.365 μs, Q3 = 19.605 μs, Max = 19.807 μs
IQR = 0.292 μs, LowerFence = 18.875 μs, UpperFence = 20.043 μs
ConfidenceInterval = [19.146 μs; 19.703 μs] (CI 99.9%), Margin = 0.278 μs (1.43% of Mean)
Skewness = -0.22, Kurtosis = 1.92, MValue = 2
-------------------- Histogram --------------------
[18.856 μs ; 19.897 μs) | @@@@@@@@@@@@@@
---------------------------------------------------

RangeBenchmark.'SD   Range (LINQ)': DefaultJob [Ratio=0.5, N=10000]
Runtime = .NET 10.0.7 (10.0.726.21808), X64 RyuJIT AVX-512F+CD+BW+DQ+VL+VBMI; GC = Concurrent Workstation
Mean = 115.418 μs, StdErr = 0.508 μs (0.44%), N = 15, StdDev = 1.968 μs
Min = 112.465 μs, Q1 = 114.177 μs, Median = 115.386 μs, Q3 = 116.639 μs, Max = 119.206 μs
IQR = 2.462 μs, LowerFence = 110.485 μs, UpperFence = 120.331 μs
ConfidenceInterval = [113.314 μs; 117.521 μs] (CI 99.9%), Margin = 2.103 μs (1.82% of Mean)
Skewness = 0.12, Kurtosis = 2.01, MValue = 2
-------------------- Histogram --------------------
[111.870 μs ; 114.701 μs) | @@@@
[114.701 μs ; 119.847 μs) | @@@@@@@@@@@
---------------------------------------------------

RangeBenchmark.'BPT  Range': DefaultJob [Ratio=0.5, N=100000]
Runtime = .NET 10.0.7 (10.0.726.21808), X64 RyuJIT AVX-512F+CD+BW+DQ+VL+VBMI; GC = Concurrent Workstation
Mean = 334.566 μs, StdErr = 1.164 μs (0.35%), N = 13, StdDev = 4.196 μs
Min = 330.231 μs, Q1 = 332.068 μs, Median = 333.338 μs, Q3 = 334.929 μs, Max = 345.855 μs
IQR = 2.861 μs, LowerFence = 327.777 μs, UpperFence = 339.220 μs
ConfidenceInterval = [329.541 μs; 339.591 μs] (CI 99.9%), Margin = 5.025 μs (1.50% of Mean)
Skewness = 1.43, Kurtosis = 4.31, MValue = 2
-------------------- Histogram --------------------
[329.636 μs ; 348.197 μs) | @@@@@@@@@@@@@
---------------------------------------------------

RangeBenchmark.'SD   Range (foreach+break)': DefaultJob [Ratio=0.5, N=100000]
Runtime = .NET 10.0.7 (10.0.726.21808), X64 RyuJIT AVX-512F+CD+BW+DQ+VL+VBMI; GC = Concurrent Workstation
Mean = 556.349 μs, StdErr = 2.739 μs (0.49%), N = 18, StdDev = 11.619 μs
Min = 541.593 μs, Q1 = 547.467 μs, Median = 554.630 μs, Q3 = 562.959 μs, Max = 580.596 μs
IQR = 15.492 μs, LowerFence = 524.229 μs, UpperFence = 586.196 μs
ConfidenceInterval = [545.490 μs; 567.208 μs] (CI 99.9%), Margin = 10.859 μs (1.95% of Mean)
Skewness = 0.71, Kurtosis = 2.32, MValue = 2
-------------------- Histogram --------------------
[535.774 μs ; 557.296 μs) | @@@@@@@@@@@@@
[557.296 μs ; 573.846 μs) | @@@
[573.846 μs ; 586.415 μs) | @@
---------------------------------------------------

RangeBenchmark.'SD   Range (LINQ)': DefaultJob [Ratio=0.5, N=100000]
Runtime = .NET 10.0.7 (10.0.726.21808), X64 RyuJIT AVX-512F+CD+BW+DQ+VL+VBMI; GC = Concurrent Workstation
Mean = 2.055 ms, StdErr = 0.009 ms (0.44%), N = 18, StdDev = 0.038 ms
Min = 1.996 ms, Q1 = 2.036 ms, Median = 2.042 ms, Q3 = 2.065 ms, Max = 2.144 ms
IQR = 0.029 ms, LowerFence = 1.993 ms, UpperFence = 2.108 ms
ConfidenceInterval = [2.019 ms; 2.091 ms] (CI 99.9%), Margin = 0.036 ms (1.74% of Mean)
Skewness = 1.05, Kurtosis = 3.42, MValue = 2
-------------------- Histogram --------------------
[1.990 ms ; 2.071 ms) | @@@@@@@@@@@@@@
[2.071 ms ; 2.163 ms) | @@@@
---------------------------------------------------

RangeBenchmark.'BPT  Range': DefaultJob [Ratio=0.5, N=1000000]
Runtime = .NET 10.0.7 (10.0.726.21808), X64 RyuJIT AVX-512F+CD+BW+DQ+VL+VBMI; GC = Concurrent Workstation
Mean = 5.081 ms, StdErr = 0.025 ms (0.50%), N = 17, StdDev = 0.104 ms
Min = 4.889 ms, Q1 = 5.015 ms, Median = 5.087 ms, Q3 = 5.175 ms, Max = 5.242 ms
IQR = 0.160 ms, LowerFence = 4.775 ms, UpperFence = 5.415 ms
ConfidenceInterval = [4.980 ms; 5.183 ms] (CI 99.9%), Margin = 0.102 ms (2.00% of Mean)
Skewness = -0.1, Kurtosis = 1.8, MValue = 2
-------------------- Histogram --------------------
[4.866 ms ; 4.972 ms) | @@@
[4.972 ms ; 5.108 ms) | @@@@@@@
[5.108 ms ; 5.262 ms) | @@@@@@@
---------------------------------------------------

RangeBenchmark.'SD   Range (foreach+break)': DefaultJob [Ratio=0.5, N=1000000]
Runtime = .NET 10.0.7 (10.0.726.21808), X64 RyuJIT AVX-512F+CD+BW+DQ+VL+VBMI; GC = Concurrent Workstation
Mean = 20.568 ms, StdErr = 0.113 ms (0.55%), N = 34, StdDev = 0.662 ms
Min = 19.431 ms, Q1 = 20.006 ms, Median = 20.533 ms, Q3 = 21.068 ms, Max = 21.870 ms
IQR = 1.063 ms, LowerFence = 18.411 ms, UpperFence = 22.663 ms
ConfidenceInterval = [20.158 ms; 20.978 ms] (CI 99.9%), Margin = 0.410 ms (1.99% of Mean)
Skewness = 0.12, Kurtosis = 1.87, MValue = 2
-------------------- Histogram --------------------
[19.163 ms ; 19.564 ms) | @
[19.564 ms ; 20.177 ms) | @@@@@@@@@
[20.177 ms ; 20.713 ms) | @@@@@@@@@@
[20.713 ms ; 21.359 ms) | @@@@@@@@@@
[21.359 ms ; 21.948 ms) | @@@@
---------------------------------------------------

RangeBenchmark.'SD   Range (LINQ)': DefaultJob [Ratio=0.5, N=1000000]
Runtime = .NET 10.0.7 (10.0.726.21808), X64 RyuJIT AVX-512F+CD+BW+DQ+VL+VBMI; GC = Concurrent Workstation
Mean = 93.973 ms, StdErr = 0.998 ms (1.06%), N = 93, StdDev = 9.622 ms
Min = 68.917 ms, Q1 = 92.876 ms, Median = 95.042 ms, Q3 = 99.706 ms, Max = 111.318 ms
IQR = 6.829 ms, LowerFence = 82.632 ms, UpperFence = 109.950 ms
ConfidenceInterval = [90.581 ms; 97.365 ms] (CI 99.9%), Margin = 3.392 ms (3.61% of Mean)
Skewness = -0.95, Kurtosis = 3.62, MValue = 2.05
-------------------- Histogram --------------------
[ 66.130 ms ;  71.806 ms) | @@@
[ 71.806 ms ;  77.381 ms) | @@@@@@@@
[ 77.381 ms ;  81.065 ms) | @
[ 81.065 ms ;  86.977 ms) | @@@
[ 86.977 ms ;  92.738 ms) | @@@@@@@@
[ 92.738 ms ;  98.313 ms) | @@@@@@@@@@@@@@@@@@@@@@@@@@@@@@@@@@@@@@@@@@@@
[ 98.313 ms ; 104.726 ms) | @@@@@@@@@@@@@@@@@
[104.726 ms ; 111.386 ms) | @@@@@@@@@
---------------------------------------------------

// * Summary *

BenchmarkDotNet v0.15.2, Windows 11 (10.0.26200.8246)
11th Gen Intel Core i7-11800H 2.30GHz, 1 CPU, 16 logical and 8 physical cores
.NET SDK 10.0.203
  [Host]     : .NET 10.0.7 (10.0.726.21808), X64 RyuJIT AVX-512F+CD+BW+DQ+VL+VBMI
  DefaultJob : .NET 10.0.7 (10.0.726.21808), X64 RyuJIT AVX-512F+CD+BW+DQ+VL+VBMI


| Method                       | Ratio | N       | Mean            | Error           | StdDev           | Median          | Ratio    | RatioSD | Rank | Gen0   | Allocated | Alloc Ratio |
|----------------------------- |------ |-------- |----------------:|----------------:|-----------------:|----------------:|---------:|--------:|-----:|-------:|----------:|------------:|
| 'BPT  Range'                 | 0.01  | 10000   |        661.7 ns |         5.25 ns |          4.10 ns |        660.8 ns |     1.00 |    0.01 |    2 | 0.0057 |      72 B |        1.00 |
| 'SD   Range (foreach+break)' | 0.01  | 10000   |        426.0 ns |         8.47 ns |         11.02 ns |        423.1 ns |     0.64 |    0.02 |    1 | 0.0210 |     264 B |        3.67 |
| 'SD   Range (LINQ)'          | 0.01  | 10000   |    112,908.2 ns |     2,090.32 ns |      1,955.28 ns |    112,504.3 ns |   170.63 |    3.03 |    3 |      - |     432 B |        6.00 |
|                              |       |         |                 |                 |                  |                 |          |         |      |        |           |             |
| 'BPT  Range'                 | 0.01  | 100000  |      6,569.7 ns |       124.37 ns |        148.06 ns |      6,568.1 ns |     1.00 |    0.03 |    2 |      - |      72 B |        1.00 |
| 'SD   Range (foreach+break)' | 0.01  | 100000  |      4,206.4 ns |        78.16 ns |         69.29 ns |      4,224.4 ns |     0.64 |    0.02 |    1 | 0.0229 |     312 B |        4.33 |
| 'SD   Range (LINQ)'          | 0.01  | 100000  |  1,999,661.0 ns |    99,957.66 ns |    293,158.53 ns |  1,923,534.4 ns |   304.52 |   44.94 |    3 |      - |     480 B |        6.67 |
|                              |       |         |                 |                 |                  |                 |          |         |      |        |           |             |
| 'BPT  Range'                 | 0.01  | 1000000 |     65,041.6 ns |        80.86 ns |         75.64 ns |     65,057.1 ns |     1.00 |    0.00 |    1 |      - |      72 B |        1.00 |
| 'SD   Range (foreach+break)' | 0.01  | 1000000 |    115,901.6 ns |     2,295.65 ns |      3,142.32 ns |    114,992.2 ns |     1.78 |    0.05 |    2 |      - |     360 B |        5.00 |
| 'SD   Range (LINQ)'          | 0.01  | 1000000 | 86,568,110.1 ns | 5,028,702.75 ns | 14,748,315.74 ns | 81,799,016.7 ns | 1,330.97 |  225.69 |    3 |      - |     528 B |        7.33 |
|                              |       |         |                 |                 |                  |                 |          |         |      |        |           |             |
| 'BPT  Range'                 | 0.1   | 10000   |      6,404.2 ns |        39.48 ns |         36.93 ns |      6,396.2 ns |     1.00 |    0.01 |    2 |      - |      72 B |        1.00 |
| 'SD   Range (foreach+break)' | 0.1   | 10000   |      4,136.0 ns |        81.83 ns |        122.48 ns |      4,122.5 ns |     0.65 |    0.02 |    1 | 0.0153 |     264 B |        3.67 |
| 'SD   Range (LINQ)'          | 0.1   | 10000   |    111,437.9 ns |     2,187.29 ns |      2,045.99 ns |    110,866.7 ns |    17.40 |    0.32 |    3 |      - |     432 B |        6.00 |
|                              |       |         |                 |                 |                  |                 |          |         |      |        |           |             |
| 'BPT  Range'                 | 0.1   | 100000  |     67,306.0 ns |       922.22 ns |        817.52 ns |     67,364.9 ns |     1.00 |    0.02 |    1 |      - |      72 B |        1.00 |
| 'SD   Range (foreach+break)' | 0.1   | 100000  |     67,711.7 ns |     1,343.34 ns |      1,883.17 ns |     67,651.4 ns |     1.01 |    0.03 |    1 |      - |     312 B |        4.33 |
| 'SD   Range (LINQ)'          | 0.1   | 100000  |  1,919,947.5 ns |    56,988.20 ns |    165,333.11 ns |  1,901,720.3 ns |    28.53 |    2.47 |    2 |      - |     480 B |        6.67 |
|                              |       |         |                 |                 |                  |                 |          |         |      |        |           |             |
| 'BPT  Range'                 | 0.1   | 1000000 |    706,253.9 ns |    13,750.86 ns |     19,276.79 ns |    709,515.2 ns |     1.00 |    0.04 |    1 |      - |      72 B |        1.00 |
| 'SD   Range (foreach+break)' | 0.1   | 1000000 |  2,494,941.6 ns |   229,775.53 ns |    677,498.39 ns |  2,335,689.6 ns |     3.54 |    0.96 |    2 |      - |     360 B |        5.00 |
| 'SD   Range (LINQ)'          | 0.1   | 1000000 | 81,340,480.2 ns | 3,848,733.06 ns | 11,348,077.10 ns | 76,546,120.0 ns |   115.25 |   16.31 |    3 |      - |     528 B |        7.33 |
|                              |       |         |                 |                 |                  |                 |          |         |      |        |           |             |
| 'BPT  Range'                 | 0.5   | 10000   |     32,583.0 ns |       564.54 ns |        500.45 ns |     32,618.4 ns |     1.00 |    0.02 |    2 |      - |      72 B |        1.00 |
| 'SD   Range (foreach+break)' | 0.5   | 10000   |     19,424.5 ns |       278.42 ns |        246.81 ns |     19,365.2 ns |     0.60 |    0.01 |    1 |      - |     264 B |        3.67 |
| 'SD   Range (LINQ)'          | 0.5   | 10000   |    115,417.5 ns |     2,103.48 ns |      1,967.60 ns |    115,386.2 ns |     3.54 |    0.08 |    3 |      - |     432 B |        6.00 |
|                              |       |         |                 |                 |                  |                 |          |         |      |        |           |             |
| 'BPT  Range'                 | 0.5   | 100000  |    334,566.2 ns |     5,024.97 ns |      4,196.08 ns |    333,338.1 ns |     1.00 |    0.02 |    1 |      - |      72 B |        1.00 |
| 'SD   Range (foreach+break)' | 0.5   | 100000  |    556,349.1 ns |    10,858.89 ns |     11,618.89 ns |    554,630.2 ns |     1.66 |    0.04 |    2 |      - |     312 B |        4.33 |
| 'SD   Range (LINQ)'          | 0.5   | 100000  |  2,055,044.8 ns |    35,846.81 ns |     38,355.69 ns |  2,042,421.3 ns |     6.14 |    0.13 |    3 |      - |     480 B |        6.67 |
|                              |       |         |                 |                 |                  |                 |          |         |      |        |           |             |
| 'BPT  Range'                 | 0.5   | 1000000 |  5,081,146.5 ns |   101,525.00 ns |    104,258.70 ns |  5,086,757.8 ns |     1.00 |    0.03 |    1 |      - |      72 B |        1.00 |
| 'SD   Range (foreach+break)' | 0.5   | 1000000 | 20,568,149.4 ns |   409,655.03 ns |    661,516.57 ns | 20,532,662.5 ns |     4.05 |    0.15 |    2 |      - |     360 B |        5.00 |
| 'SD   Range (LINQ)'          | 0.5   | 1000000 | 93,972,966.2 ns | 3,391,760.40 ns |  9,621,860.42 ns | 95,041,960.0 ns |    18.50 |    1.92 |    3 |      - |     528 B |        7.33 |

// * Warnings *
MultimodalDistribution
  RangeBenchmark.'SD   Range (LINQ)': Default -> It seems that the distribution is bimodal (mValue = 3.72)

// * Hints *
Outliers
  RangeBenchmark.'BPT  Range': Default                 -> 3 outliers were removed (688.64 ns..701.56 ns)
  RangeBenchmark.'SD   Range (foreach+break)': Default -> 1 outlier  was  removed (4.52 μs)
  RangeBenchmark.'SD   Range (LINQ)': Default          -> 1 outlier  was  removed (3.31 ms)
  RangeBenchmark.'SD   Range (foreach+break)': Default -> 1 outlier  was  removed (126.67 μs)
  RangeBenchmark.'SD   Range (LINQ)': Default          -> 1 outlier  was  removed (133.02 ms)
  RangeBenchmark.'SD   Range (foreach+break)': Default -> 2 outliers were removed (4.57 μs, 4.77 μs)
  RangeBenchmark.'BPT  Range': Default                 -> 1 outlier  was  removed, 2 outliers were detected (65.67 μs, 71.44 μs)
  RangeBenchmark.'SD   Range (LINQ)': Default          -> 3 outliers were removed (2.72 ms..2.89 ms)
  RangeBenchmark.'BPT  Range': Default                 -> 1 outlier  was  removed (35.78 μs)
  RangeBenchmark.'SD   Range (foreach+break)': Default -> 1 outlier  was  removed (20.08 μs)
  RangeBenchmark.'SD   Range (LINQ)': Default          -> 2 outliers were removed (121.13 μs, 123.36 μs)
  RangeBenchmark.'BPT  Range': Default                 -> 2 outliers were removed (349.56 μs, 350.21 μs)
  RangeBenchmark.'SD   Range (LINQ)': Default          -> 3 outliers were removed (2.21 ms..2.59 ms)
  RangeBenchmark.'SD   Range (LINQ)': Default          -> 7 outliers were removed, 19 outliers were detected (68.92 ms..78.98 ms, 113.05 ms..126.83 ms)

// * Legends *
  Ratio       : Value of the 'Ratio' parameter
  N           : Value of the 'N' parameter
  Mean        : Arithmetic mean of all measurements
  Error       : Half of 99.9% confidence interval
  StdDev      : Standard deviation of all measurements
  Median      : Value separating the higher half of all measurements (50th percentile)
  Ratio       : Mean of the ratio distribution ([Current]/[Baseline])
  RatioSD     : Standard deviation of the ratio distribution ([Current]/[Baseline])
  Rank        : Relative position of current benchmark mean among all benchmarks (Arabic style)
  Gen0        : GC Generation 0 collects per 1000 operations
  Allocated   : Allocated memory per single operation (managed only, inclusive, 1KB = 1024B)
  Alloc Ratio : Allocated memory ratio distribution ([Current]/[Baseline])
  1 ns        : 1 Nanosecond (0.000000001 sec)

// * Diagnostic Output - MemoryDiagnoser *


// ***** BenchmarkRunner: End *****
Run time: 00:16:04 (964.29 sec), executed benchmarks: 27

Global total time: 00:28:29 (1709.02 sec), executed benchmarks: 57
// * Artifacts cleanup *
Artifacts cleanup is finished
